# Blender 5.0.0
# www.blender.org
o Plane005.001
v -0.819332 -1.792269 -0.225462
v -0.892368 -1.585391 -0.214913
v -0.802697 -1.596163 -0.206785
v -0.899548 -1.791067 -0.231465
v -0.986627 -1.801766 -0.215842
v -0.981390 -1.603438 -0.202130
v -1.069399 -1.641958 -0.174110
v -1.062260 -1.816006 -0.179662
v -0.729576 -1.730169 -0.150465
v -0.898260 -1.900971 -0.232548
v -0.984428 -1.904384 -0.220162
v -1.059043 -1.902226 -0.182569
v -0.674664 -1.785545 -0.125900
v -0.738845 -1.692303 -0.107037
v -0.755174 -1.615271 -0.165026
v -0.754484 -1.564857 -0.114059
v -0.752792 -1.435341 -0.153370
v -0.723502 -1.451501 -0.132279
v -0.737217 -1.457653 -0.100308
v -0.694060 -1.728808 -0.132072
v -0.712369 -1.696576 -0.099631
v -0.725590 -1.718984 -0.057893
v -0.667762 -1.708161 -0.114903
v -0.690391 -1.685449 -0.087863
v -0.699419 -1.702950 -0.051003
v -0.820325 -1.513191 -0.166689
v -0.785196 -1.429389 -0.142658
v -0.742870 -1.397087 -0.141443
v -0.714796 -1.412249 -0.121719
v -0.729184 -1.422035 -0.092390
v -0.775948 -1.394046 -0.131478
v -0.736230 -1.366405 -0.127092
v -0.710426 -1.380337 -0.108413
v -0.725528 -1.390443 -0.080773
v -0.768423 -1.363639 -0.116299
v -0.771080 -1.375574 -0.089227
v -0.730028 -1.326753 -0.107036
v -0.706381 -1.338844 -0.089988
v -0.721345 -1.348714 -0.066283
v -0.761004 -1.325746 -0.096972
v -0.762858 -1.339332 -0.071245
v -0.727454 -1.306725 -0.097603
v -0.703342 -1.319198 -0.080391
v -0.718209 -1.329187 -0.057508
v -0.758016 -1.305806 -0.087602
v -0.759524 -1.319768 -0.062357
v -0.726131 -1.293266 -0.089599
v -0.700974 -1.304013 -0.072591
v -0.714458 -1.312802 -0.049953
v -0.756489 -1.291476 -0.078835
v -0.757178 -1.303193 -0.055001
v -0.723630 -1.273912 -0.077394
v -0.697280 -1.273299 -0.055370
v -0.709557 -1.279335 -0.034898
v -0.751576 -1.261621 -0.065281
v -0.751597 -1.271154 -0.041806
v -0.697910 -1.235646 -0.033266
v -0.709096 -1.243637 -0.023369
v -0.741863 -1.236809 -0.030487
v -0.646393 -1.753848 -0.107634
v -0.654010 -1.778094 -0.059943
v -0.685475 -1.753414 -0.032332
v -0.618937 -1.703556 -0.076495
v -0.642068 -1.666375 -0.086590
v -0.663771 -1.655868 -0.063371
v -0.666338 -1.667370 -0.030174
v -0.622867 -1.721700 -0.037355
v -0.650029 -1.698222 -0.016456
v -0.780479 -1.543491 -0.190314
v -0.745949 -1.563729 -0.157308
v -0.828630 -1.553680 -0.194501
v -0.852635 -1.551003 -0.196494
v -0.929704 -1.551078 -0.199543
v -0.949814 -1.555950 -0.197387
v -1.019045 -1.583257 -0.186186
v -1.041738 -1.592079 -0.179179
v -1.110616 -1.660133 -0.137856
v -1.098897 -1.820015 -0.143222
v -0.819445 -1.512743 -0.128097
v -0.742078 -1.224878 -0.043203
v -0.715350 -1.215037 -0.043254
v -0.761058 -1.616290 -0.115090
v -0.702372 -1.250865 -0.054469
v -0.720422 -1.249877 -0.064343
v -0.738130 -1.242797 -0.061965
v -0.733685 -1.219006 -0.048006
v -0.699699 -1.227985 -0.040546
v -0.809890 -1.683948 -0.216924
v -1.103487 -1.737579 -0.140606
v -1.065321 -1.726394 -0.175868
v -0.985938 -1.703159 -0.209817
v -0.896345 -1.685395 -0.226236
v -1.107871 -1.655183 -0.099124
v -0.799116 -1.548365 -0.106048
v -0.984635 -1.551006 -0.103295
v -0.801732 -1.483449 -0.156027
v -0.768942 -1.498917 -0.173162
v -0.736688 -1.517949 -0.148927
v -0.746015 -1.519148 -0.111220
v -0.725555 -1.234876 -0.019751
v -0.732136 -1.278376 -0.028022
v -0.738428 -1.312037 -0.043394
v -0.741733 -1.328610 -0.051139
v -0.745979 -1.347767 -0.059718
v -0.752675 -1.386042 -0.073320
v -0.759240 -1.416376 -0.085077
v -0.768344 -1.449503 -0.093431
v -0.718794 -1.215825 -0.032356
v -0.788816 -1.439135 -0.112213
v -0.779637 -1.406443 -0.102756
v -0.777806 -1.505710 -0.103888
v -0.801298 -1.490194 -0.123371
v -0.851723 -1.464131 -0.146599
v -0.846139 -1.393000 -0.118280
v -0.878262 -1.385237 -0.137937
v -0.885890 -1.459819 -0.167588
v -0.854919 -1.473149 -0.115074
v -0.852391 -1.404790 -0.084352
v -0.910729 -1.387704 -0.124275
v -0.919608 -1.462577 -0.152381
v -0.929606 -1.506236 -0.171552
v -0.916113 -1.473939 -0.119091
v -0.926238 -1.509104 -0.127384
v -0.842235 -1.354525 -0.103652
v -0.873614 -1.347403 -0.122352
v -0.850345 -1.364975 -0.071799
v -0.905724 -1.349657 -0.108473
v -0.907614 -1.400886 -0.090738
v -0.841042 -1.328267 -0.087317
v -0.871608 -1.321189 -0.104819
v -0.849306 -1.338696 -0.057622
v -0.903061 -1.323436 -0.090139
v -0.839235 -1.298263 -0.065815
v -0.868474 -1.289822 -0.080242
v -0.848192 -1.310735 -0.040492
v -0.898072 -1.293977 -0.066288
v -0.899584 -1.336288 -0.059222
v -0.893530 -1.308641 -0.040252
v -0.839416 -1.280773 -0.056459
v -0.867857 -1.271733 -0.069659
v -0.848917 -1.293818 -0.032296
v -0.896485 -1.276102 -0.055561
v -0.891974 -1.290968 -0.031132
v -0.838673 -1.265658 -0.048108
v -0.867410 -1.258588 -0.060708
v -0.847273 -1.276723 -0.024586
v -0.895750 -1.261842 -0.045779
v -0.891230 -1.273800 -0.023030
v -0.837129 -1.235855 -0.028039
v -0.865613 -1.239900 -0.045628
v -0.845610 -1.242429 -0.007351
v -0.892996 -1.231649 -0.028640
v -0.888832 -1.239940 -0.007312
v -0.849814 -1.208898 0.006857
v -0.842657 -1.198238 -0.004970
v -0.886827 -1.194901 -0.005342
v -0.883334 -1.206708 0.005902
v -0.866333 -1.203237 0.013466
v -0.866846 -1.244443 0.002675
v -0.869872 -1.279844 -0.014759
v -0.871154 -1.297264 -0.022775
v -0.872456 -1.314061 -0.030940
v -0.877940 -1.339687 -0.047213
v -0.880142 -1.365688 -0.061415
v -0.902915 -1.362526 -0.075329
v -0.882743 -1.407091 -0.074347
v -0.886141 -1.481929 -0.103912
v -0.864700 -1.182892 -0.000522
v -0.882609 -1.211377 -0.025606
v -0.864944 -1.215649 -0.031117
v -0.846329 -1.214016 -0.024595
v -0.880721 -1.187876 -0.011020
v -0.864252 -1.180833 -0.009702
v -0.847482 -1.190304 -0.010780
v -0.891175 -1.511364 -0.191044
v -0.848529 -1.507150 -0.167501
v -0.847302 -1.506592 -0.127215
v -0.885506 -1.535223 -0.108506
v -0.960035 -1.477115 -0.153158
v -0.961547 -1.417657 -0.118541
v -0.992735 -1.415160 -0.129446
v -0.991086 -1.481630 -0.168703
v -0.961082 -1.490899 -0.118043
v -0.963772 -1.433338 -0.086732
v -1.021583 -1.421749 -0.114825
v -1.020051 -1.492769 -0.152070
v -1.024055 -1.537375 -0.167139
v -1.014094 -1.503946 -0.118236
v -1.022254 -1.534949 -0.120863
v -0.961663 -1.385714 -0.100806
v -0.992549 -1.379643 -0.111285
v -0.964806 -1.400471 -0.070864
v -1.021489 -1.384794 -0.095897
v -1.015235 -1.435613 -0.086678
v -0.962105 -1.358177 -0.085991
v -0.991848 -1.350757 -0.096261
v -0.966140 -1.373272 -0.058609
v -1.019985 -1.355719 -0.080408
v -1.014909 -1.398682 -0.070054
v -0.962934 -1.323864 -0.063580
v -0.990972 -1.314280 -0.070276
v -0.969001 -1.342405 -0.041725
v -1.018346 -1.321943 -0.056258
v -1.013047 -1.370001 -0.056751
v -1.011464 -1.340677 -0.037306
v -0.962749 -1.308175 -0.051053
v -0.990213 -1.297474 -0.056787
v -0.969455 -1.327278 -0.031129
v -1.017003 -1.305492 -0.043004
v -1.010857 -1.325219 -0.025620
v -0.961819 -1.296686 -0.039101
v -0.989241 -1.287344 -0.045561
v -0.967982 -1.313806 -0.019910
v -1.015056 -1.294269 -0.030832
v -1.008980 -1.311671 -0.014296
v -0.960440 -1.272834 -0.014131
v -0.988035 -1.272236 -0.028419
v -0.966243 -1.286711 0.003131
v -1.012511 -1.269820 -0.010039
v -1.006555 -1.285118 0.006540
v -0.969262 -1.258217 0.022488
v -0.963512 -1.244717 0.014396
v -1.005804 -1.242200 0.017717
v -1.001467 -1.256426 0.024346
v -0.984424 -1.255061 0.030815
v -0.985202 -1.291987 0.012836
v -0.988383 -1.319432 -0.010142
v -0.990128 -1.333006 -0.021377
v -0.990524 -1.348084 -0.031730
v -0.989990 -1.376698 -0.047118
v -0.989852 -1.404670 -0.058838
v -0.988410 -1.440973 -0.074788
v -0.985889 -1.505804 -0.105157
v -0.983995 -1.233005 0.024732
v -1.003072 -1.251405 -0.003522
v -0.986794 -1.253539 -0.010282
v -0.968979 -1.253407 -0.005483
v -1.000419 -1.233984 0.013972
v -0.984205 -1.227975 0.015920
v -0.968516 -1.235811 0.011444
v -0.988266 -1.530345 -0.190319
v -0.952191 -1.512687 -0.170927
v -0.951287 -1.516099 -0.126914
v -1.066638 -1.516953 -0.132015
v -1.077049 -1.485694 -0.111216
v -1.105598 -1.490107 -0.122988
v -1.096663 -1.527697 -0.141723
v -1.070010 -1.524882 -0.096216
v -1.080266 -1.498564 -0.083232
v -1.134103 -1.503311 -0.112705
v -1.124833 -1.540563 -0.125583
v -1.118486 -1.584171 -0.133183
v -1.119732 -1.542892 -0.096311
v -1.113047 -1.582027 -0.098126
v -1.084070 -1.464311 -0.098032
v -1.111548 -1.467465 -0.112372
v -1.088362 -1.477267 -0.070855
v -1.139961 -1.480399 -0.103300
v -1.091050 -1.441086 -0.084851
v -1.116951 -1.443231 -0.099574
v -1.096858 -1.454535 -0.059533
v -1.144064 -1.456842 -0.090164
v -1.099685 -1.410001 -0.061486
v -1.124804 -1.407013 -0.074766
v -1.105469 -1.426775 -0.042466
v -1.150800 -1.419873 -0.067879
v -1.140054 -1.468257 -0.067644
v -1.146232 -1.435433 -0.048349
v -1.103252 -1.394641 -0.048584
v -1.128036 -1.389421 -0.061707
v -1.109452 -1.412383 -0.032094
v -1.153463 -1.401665 -0.055385
v -1.149439 -1.418116 -0.037165
v -1.105528 -1.383531 -0.039091
v -1.129638 -1.379513 -0.052052
v -1.112019 -1.399523 -0.022775
v -1.154590 -1.390834 -0.044731
v -1.151497 -1.404965 -0.027271
v -1.109522 -1.362840 -0.020111
v -1.132443 -1.365713 -0.037913
v -1.115717 -1.375569 -0.004561
v -1.157594 -1.365680 -0.025644
v -1.153869 -1.378472 -0.008648
v -1.123542 -1.349553 0.010746
v -1.119020 -1.336597 0.003417
v -1.157321 -1.338298 -0.000601
v -1.153533 -1.350660 0.006976
v -1.139593 -1.347505 0.015617
v -1.134784 -1.382019 0.001281
v -1.132290 -1.407731 -0.018190
v -1.129998 -1.420629 -0.027811
v -1.126291 -1.436007 -0.037496
v -1.119138 -1.465285 -0.053138
v -1.113240 -1.487137 -0.064219
v -1.137091 -1.490227 -0.081250
v -1.104819 -1.510154 -0.074800
v -1.130305 -1.512158 -0.089420
v -1.093602 -1.538834 -0.079657
v -1.140219 -1.327337 0.008830
v -1.151358 -1.347267 -0.018987
v -1.135612 -1.347881 -0.022392
v -1.120245 -1.345820 -0.015121
v -1.152632 -1.330341 -0.003596
v -1.139440 -1.323057 0.000469
v -1.124082 -1.328889 -0.000623
v -1.089653 -1.571266 -0.160013
v -1.049447 -1.544968 -0.155329
v -1.051947 -1.541185 -0.106291
v -1.074530 -1.572394 -0.078610
v -0.980734 -1.641205 -0.087084
v -1.071519 -1.646011 -0.076249
v -1.100206 -1.736890 -0.103595
v -0.973630 -1.721576 -0.071485
v -1.062545 -1.722483 -0.070993
v -0.683607 -1.817893 -0.071526
v -0.732356 -1.869813 -0.090759
v -0.727721 -1.792511 -0.030548
v -1.088390 -1.816334 -0.101220
v -0.897635 -1.800026 -0.047834
v -0.796699 -1.763137 -0.033411
v -0.972140 -1.868020 -0.053844
v -0.885787 -1.945143 -0.060765
v -1.050832 -2.040617 -0.176605
v -0.992525 -1.938737 -0.076021
v -0.833540 -2.052053 -0.112346
v -0.898773 -2.065296 -0.216906
v -0.985928 -2.055520 -0.214469
v -1.063854 -2.202029 -0.176659
v -1.000864 -2.200335 -0.223082
v -0.902082 -2.199315 -0.229006
v -0.836896 -2.197134 -0.185392
v -0.840681 -2.200758 -0.101857
v -0.914927 -2.201484 -0.048966
v -1.006608 -2.197759 -0.057395
v -0.774144 -1.852205 -0.030396
v -0.881109 -1.633892 -0.094061
v -0.808034 -1.622828 -0.094536
v -0.861622 -1.725335 -0.070929
v -0.793797 -1.686066 -0.084211
v -0.837642 -2.061651 -0.179313
v -0.779926 -1.897000 -0.188862
v -0.729743 -1.825356 -0.158431
v -0.754211 -1.692885 -0.171273
v -0.600909 -1.680332 -0.061720
v -0.603983 -1.698752 -0.025110
v -0.630197 -1.675163 -0.006590
v -0.624527 -1.644217 -0.075044
v -0.645188 -1.632622 -0.050307
v -0.588587 -1.664232 -0.050994
v -0.589921 -1.682781 -0.014980
v -0.612863 -1.659105 0.003981
v -0.609564 -1.628434 -0.065014
v -0.628227 -1.615957 -0.038176
v -0.571298 -1.643866 -0.038627
v -0.562318 -1.653453 0.000556
v -0.580430 -1.631353 0.016670
v -0.576024 -1.603575 -0.050250
v -0.591933 -1.592538 -0.024087
v -0.530704 -1.618421 0.011595
v -0.545385 -1.607947 0.018594
v -0.554803 -1.577391 -0.015595
v -0.540856 -1.579432 -0.028193
v -0.590148 -1.600769 0.007330
v -0.544544 -1.584928 0.005937
v -0.627490 -1.627006 -0.005520
v -0.646120 -1.645389 -0.017636
v -0.523365 -1.590361 -0.005831
v -0.551028 -1.603995 -0.041718
v -0.547999 -1.625543 -0.028527
v -0.542479 -1.636374 -0.007267
v -0.530310 -1.587943 -0.030189
v -0.518276 -1.600217 -0.014761
v -0.522308 -1.618260 0.000310
v -0.831631 -1.980155 -0.192981
v -0.825698 -1.900840 -0.219185
v -0.899933 -2.038510 -0.068532
v -1.054822 -1.963213 -0.179104
v -0.984476 -1.976148 -0.214437
v -0.897723 -1.982772 -0.220854
v -1.083107 -1.896782 -0.138609
v -0.757467 -1.665394 -0.113399
v -0.761457 -1.712963 -0.063300
v -0.836191 -1.817702 -0.020319
v -0.911074 -1.873276 -0.043183
v -0.858654 -1.868888 -0.026048
v -0.765024 -1.806111 -0.199006
v -1.054111 -1.884870 -0.089801
v -0.969095 -1.795420 -0.057732
v -0.774512 -1.919163 -0.103727
v -0.821314 -1.903765 -0.043977
v -0.756435 -1.889298 -0.157727
v -0.809053 -1.965863 -0.124851
v -0.993095 -2.030016 -0.073426
v -1.062045 -1.953576 -0.128812
v -1.024017 -1.845613 -0.057349
v -1.044789 -1.793636 -0.060851
v -1.056139 -2.031233 -0.118966
v -1.065933 -2.198436 -0.105473
v -0.892926 -1.613645 -0.219483
v -0.893880 -1.637316 -0.222204
v -0.895078 -1.661059 -0.224400
v -0.866730 -1.594804 -0.216238
v -0.845087 -1.598374 -0.215159
v -0.824321 -1.598908 -0.212306
v -0.804288 -1.618248 -0.209709
v -0.806053 -1.638890 -0.212088
v -0.807881 -1.660611 -0.214457
v -0.829499 -1.682744 -0.222395
v -0.850916 -1.682550 -0.225582
v -0.873433 -1.683417 -0.226767
v -0.963813 -1.697545 -0.215996
v -0.941542 -1.692605 -0.220806
v -0.919072 -1.688500 -0.224227
v -0.982256 -1.631951 -0.204691
v -0.983576 -1.655841 -0.206522
v -0.984873 -1.679471 -0.208218
v -0.917010 -1.597325 -0.214891
v -0.937259 -1.603202 -0.212421
v -0.957345 -1.605607 -0.208430
v -1.048296 -1.721273 -0.184982
v -1.028879 -1.715417 -0.193943
v -1.007837 -1.709240 -0.202354
v -1.068313 -1.665176 -0.174467
v -1.067157 -1.685419 -0.174831
v -1.066172 -1.705638 -0.175281
v -1.006533 -1.622795 -0.196182
v -1.027999 -1.634149 -0.189769
v -1.048470 -1.640914 -0.182683
v -0.998586 -1.596811 -0.196386
v -1.008224 -1.591725 -0.192320
v -1.014909 -1.587001 -0.188779
v -1.058929 -1.623194 -0.177800
v -1.051187 -1.609906 -0.179309
v -1.045352 -1.599332 -0.179542
v -1.023415 -1.586578 -0.185020
v -1.029754 -1.589829 -0.183181
v -1.036513 -1.591659 -0.180989
v -0.731122 -1.714714 -0.141503
v -0.733040 -1.703237 -0.130823
v -0.735543 -1.695760 -0.119107
v -0.736368 -1.725486 -0.154819
v -0.742111 -1.718206 -0.159213
v -0.747539 -1.708098 -0.164182
v -0.750287 -1.679224 -0.153754
v -0.750301 -1.671195 -0.138850
v -0.752803 -1.666630 -0.125276
v -0.744756 -1.687977 -0.108869
v -0.749896 -1.682070 -0.110606
v -0.754166 -1.674552 -0.112149
v -0.837551 -1.790650 -0.229082
v -0.857261 -1.789940 -0.231227
v -0.878060 -1.790094 -0.231990
v -0.821247 -1.820922 -0.225938
v -0.822882 -1.849048 -0.225219
v -0.824333 -1.875928 -0.223052
v -0.878090 -1.900692 -0.231355
v -0.859079 -1.900731 -0.228648
v -0.841518 -1.900857 -0.224550
v -0.899503 -1.819489 -0.232577
v -0.899174 -1.847880 -0.233366
v -0.898710 -1.875341 -0.233475
v -0.921360 -1.792804 -0.229706
v -0.943270 -1.795226 -0.226610
v -0.965089 -1.798242 -0.222036
v -0.919294 -1.901712 -0.232112
v -0.940878 -1.902717 -0.229957
v -0.962695 -1.903702 -0.226001
v -0.986084 -1.828405 -0.217504
v -0.985436 -1.855106 -0.218995
v -0.984833 -1.880791 -0.219989
v -1.007634 -1.805658 -0.208004
v -1.027613 -1.809585 -0.198978
v -1.046007 -1.813163 -0.189339
v -1.005678 -1.904539 -0.212455
v -1.025729 -1.904181 -0.203285
v -1.043783 -1.903385 -0.193156
v -1.061473 -1.839025 -0.180770
v -1.060667 -1.861483 -0.181739
v -1.059853 -1.882757 -0.182396
v -0.728284 -1.749435 -0.157095
v -0.727512 -1.771769 -0.161057
v -0.727672 -1.796458 -0.161986
v -0.721312 -1.732394 -0.145820
v -0.712116 -1.732582 -0.141030
v -0.702771 -1.731223 -0.136359
v -0.677996 -1.771797 -0.132703
v -0.682802 -1.757161 -0.135697
v -0.688389 -1.742532 -0.135336
v -0.686325 -1.793861 -0.131834
v -0.699873 -1.803168 -0.139113
v -0.714325 -1.813275 -0.147634
v -0.743152 -1.439185 -0.150770
v -0.734404 -1.443441 -0.146159
v -0.727527 -1.447687 -0.139882
v -0.726728 -1.467162 -0.136309
v -0.730177 -1.484497 -0.140762
v -0.733585 -1.501945 -0.145135
v -0.758775 -1.504408 -0.170752
v -0.749387 -1.509692 -0.165529
v -0.741714 -1.514347 -0.158063
v -0.756624 -1.450374 -0.157779
v -0.760824 -1.466950 -0.162765
v -0.765046 -1.483616 -0.168002
v -0.723023 -1.454517 -0.123769
v -0.725640 -1.456600 -0.115074
v -0.730616 -1.457672 -0.106988
v -0.739465 -1.471939 -0.103079
v -0.741677 -1.487885 -0.106082
v -0.743859 -1.504088 -0.108926
v -0.735001 -1.520163 -0.138755
v -0.736354 -1.521021 -0.128442
v -0.740206 -1.520642 -0.118944
v -0.732311 -1.695109 -0.105192
v -0.725474 -1.696598 -0.103347
v -0.718705 -1.697008 -0.101495
v -0.699257 -1.716816 -0.126368
v -0.703963 -1.707118 -0.118721
v -0.708294 -1.700207 -0.109640
v -0.686554 -1.725667 -0.128291
v -0.679988 -1.721491 -0.124564
v -0.673883 -1.715812 -0.120299
v -0.661220 -1.718896 -0.117281
v -0.655065 -1.730672 -0.117130
v -0.649917 -1.742614 -0.114048
v -0.665599 -1.778293 -0.121313
v -0.658506 -1.771288 -0.117347
v -0.652423 -1.763487 -0.113090
v -0.706706 -1.695449 -0.097685
v -0.701432 -1.693419 -0.095334
v -0.696131 -1.690185 -0.092189
v -0.674150 -1.699222 -0.110396
v -0.680152 -1.692353 -0.104137
v -0.685617 -1.687711 -0.096501
v -0.716261 -1.696628 -0.089162
v -0.719863 -1.700410 -0.078539
v -0.723022 -1.707876 -0.068028
v -0.718720 -1.717379 -0.057340
v -0.712520 -1.714263 -0.056228
v -0.706312 -1.709498 -0.054227
v -0.694319 -1.685716 -0.078600
v -0.697242 -1.688641 -0.069105
v -0.698996 -1.694345 -0.059774
v -0.645005 -1.763560 -0.097786
v -0.645832 -1.771178 -0.085613
v -0.648844 -1.776193 -0.072529
v -0.660873 -1.789439 -0.063471
v -0.667525 -1.799011 -0.066049
v -0.674818 -1.808075 -0.068470
v -0.673401 -1.797572 -0.115147
v -0.674405 -1.807310 -0.101553
v -0.677774 -1.814252 -0.086539
v -0.661142 -1.776512 -0.049105
v -0.669418 -1.771646 -0.040604
v -0.677857 -1.763833 -0.034871
v -0.693779 -1.764984 -0.034079
v -0.702262 -1.774720 -0.034387
v -0.712327 -1.783427 -0.033366
v -0.691890 -1.817820 -0.057781
v -0.702163 -1.813983 -0.045960
v -0.713917 -1.806260 -0.036607
v -0.796046 -1.485480 -0.163191
v -0.788251 -1.489023 -0.168854
v -0.779000 -1.493646 -0.172387
v -0.788892 -1.442637 -0.146003
v -0.793078 -1.456984 -0.149525
v -0.797457 -1.471048 -0.152957
v -0.762414 -1.432284 -0.153708
v -0.771392 -1.430187 -0.151899
v -0.779171 -1.429181 -0.148147
v -0.804830 -1.483220 -0.147964
v -0.805542 -1.484535 -0.139511
v -0.804241 -1.486992 -0.131152
v -0.814189 -1.506791 -0.163166
v -0.809723 -1.500659 -0.160813
v -0.805724 -1.493170 -0.158567
v -0.822519 -1.507330 -0.154538
v -0.822697 -1.506649 -0.144703
v -0.821607 -1.508742 -0.135894
v -0.813600 -1.510372 -0.127541
v -0.808847 -1.506024 -0.126631
v -0.804855 -1.499398 -0.125273
v -0.749593 -1.422952 -0.149760
v -0.746967 -1.412892 -0.146764
v -0.744773 -1.404493 -0.144088
v -0.733380 -1.400339 -0.138959
v -0.724930 -1.404162 -0.134609
v -0.718432 -1.408237 -0.128746
v -0.720711 -1.438689 -0.129037
v -0.718360 -1.428369 -0.126405
v -0.716404 -1.419802 -0.124070
v -0.714652 -1.415889 -0.113934
v -0.717514 -1.418899 -0.106006
v -0.722614 -1.421031 -0.098603
v -0.734950 -1.446068 -0.098050
v -0.732769 -1.436779 -0.096153
v -0.730805 -1.429023 -0.094353
v -0.782204 -1.418293 -0.139684
v -0.779798 -1.409092 -0.136961
v -0.777780 -1.401204 -0.134291
v -0.752537 -1.394691 -0.141799
v -0.761698 -1.393304 -0.140129
v -0.769714 -1.393049 -0.136625
v -0.789039 -1.430850 -0.135712
v -0.790783 -1.433238 -0.127887
v -0.790639 -1.436139 -0.119836
v -0.786269 -1.428921 -0.109706
v -0.783935 -1.420523 -0.107418
v -0.781747 -1.413258 -0.105163
v -0.779909 -1.396316 -0.124948
v -0.781687 -1.399467 -0.117578
v -0.781517 -1.403007 -0.109977
v -0.741131 -1.390044 -0.138564
v -0.739483 -1.382879 -0.135298
v -0.737869 -1.375148 -0.131516
v -0.727209 -1.369351 -0.124858
v -0.719344 -1.372825 -0.120732
v -0.713471 -1.376572 -0.115117
v -0.713483 -1.405014 -0.119078
v -0.712379 -1.397591 -0.116031
v -0.711391 -1.389519 -0.112501
v -0.710767 -1.383862 -0.101053
v -0.713947 -1.386892 -0.093598
v -0.719142 -1.389171 -0.086641
v -0.727987 -1.415113 -0.090050
v -0.727091 -1.407803 -0.087314
v -0.726329 -1.399711 -0.084211
v -0.774134 -1.387076 -0.128345
v -0.772288 -1.379911 -0.124812
v -0.770391 -1.372212 -0.120816
v -0.745593 -1.364223 -0.127146
v -0.754559 -1.362950 -0.125182
v -0.762409 -1.362714 -0.121475
v -0.773292 -1.384208 -0.093329
v -0.775438 -1.392123 -0.096910
v -0.777545 -1.399480 -0.100032
v -0.772061 -1.365760 -0.109974
v -0.773488 -1.368741 -0.102994
v -0.773047 -1.372155 -0.095899
v -0.734537 -1.356429 -0.122001
v -0.732868 -1.345895 -0.116633
v -0.731330 -1.335703 -0.111480
v -0.721540 -1.329235 -0.104905
v -0.714272 -1.332228 -0.101082
v -0.708970 -1.335507 -0.095973
v -0.709413 -1.369826 -0.103768
v -0.708373 -1.358742 -0.098885
v -0.707348 -1.348082 -0.094159
v -0.706988 -1.342021 -0.083547
v -0.710231 -1.344847 -0.077124
v -0.715291 -1.347139 -0.071207
v -0.724564 -1.379841 -0.077060
v -0.723484 -1.368679 -0.073261
v -0.722380 -1.357967 -0.069595
v -0.766390 -1.354038 -0.111280
v -0.764392 -1.344002 -0.106104
v -0.762555 -1.334311 -0.101193
v -0.738986 -1.324998 -0.107168
v -0.747648 -1.324139 -0.105400
v -0.755244 -1.324336 -0.101935
v -0.768806 -1.366194 -0.084620
v -0.766583 -1.356590 -0.079826
v -0.764553 -1.347417 -0.075236
v -0.764355 -1.328413 -0.090792
v -0.765510 -1.331920 -0.083993
v -0.764875 -1.335737 -0.077251
v -0.821383 -1.978282 -0.179507
v -0.814074 -1.975714 -0.163710
v -0.809779 -1.972067 -0.146011
v -0.829989 -1.962369 -0.199632
v -0.828480 -1.943600 -0.206755
v -0.827064 -1.923280 -0.213543
v -0.789180 -1.898582 -0.197287
v -0.799729 -1.899738 -0.205315
v -0.811821 -1.900485 -0.212698
v -0.784606 -1.915878 -0.177349
v -0.790235 -1.933377 -0.162516
v -0.797545 -1.949610 -0.145262
v -0.962602 -1.978666 -0.219035
v -0.940484 -1.980626 -0.221638
v -0.918675 -1.982002 -0.222244
v -0.898301 -2.040639 -0.216274
v -0.897992 -2.019572 -0.216817
v -0.897811 -2.000736 -0.218391
v -0.919843 -2.064045 -0.219951
v -0.941981 -2.061862 -0.220528
v -0.964304 -2.058951 -0.218684
v -0.984576 -2.030320 -0.213486
v -0.984155 -2.009721 -0.213148
v -0.984257 -1.992178 -0.213462
v -1.041571 -1.966426 -0.189943
v -1.024830 -1.969810 -0.199633
v -1.005499 -1.973129 -0.207891
v -1.039064 -2.044122 -0.188814
v -1.023927 -2.047906 -0.199336
v -1.006016 -2.051772 -0.207958
v -1.050599 -2.014298 -0.176935
v -1.051537 -1.993898 -0.177459
v -1.053120 -1.977506 -0.178180
v -0.694457 -1.829416 -0.075770
v -0.706781 -1.842328 -0.080811
v -0.719705 -1.856004 -0.086017
v -0.727788 -1.865005 -0.108465
v -0.725808 -1.856096 -0.125775
v -0.726315 -1.843573 -0.142289
v -0.729041 -1.319716 -0.103658
v -0.728329 -1.314348 -0.101168
v -0.727823 -1.310176 -0.099254
v -0.718891 -1.309287 -0.095400
v -0.711481 -1.312389 -0.091495
v -0.706028 -1.315778 -0.086341
v -0.705504 -1.331762 -0.086668
v -0.704715 -1.326516 -0.084097
v -0.703999 -1.322523 -0.082072
v -0.703944 -1.322414 -0.074097
v -0.707220 -1.325253 -0.067896
v -0.712275 -1.327562 -0.062222
v -0.720448 -1.341659 -0.063489
v -0.719660 -1.336460 -0.061165
v -0.718930 -1.332507 -0.059206
v -0.759831 -1.318891 -0.093742
v -0.758993 -1.313546 -0.091313
v -0.758414 -1.309317 -0.089370
v -0.736375 -1.304939 -0.097762
v -0.744922 -1.304093 -0.095995
v -0.752376 -1.304333 -0.092532
v -0.761597 -1.332816 -0.068140
v -0.760697 -1.327647 -0.065784
v -0.760045 -1.323430 -0.063937
v -0.761304 -1.308546 -0.081506
v -0.762415 -1.312137 -0.074830
v -0.761703 -1.316054 -0.068228
v -0.727155 -1.303564 -0.095937
v -0.726870 -1.300420 -0.094118
v -0.726547 -1.297065 -0.092040
v -0.717425 -1.295545 -0.087536
v -0.709785 -1.298213 -0.083676
v -0.704029 -1.301094 -0.078526
v -0.702730 -1.316008 -0.078844
v -0.702144 -1.312609 -0.077193
v -0.701566 -1.308708 -0.075191
v -0.701162 -1.306798 -0.066361
v -0.704031 -1.309293 -0.060248
v -0.708742 -1.311346 -0.054647
v -0.717445 -1.325932 -0.055949
v -0.716594 -1.322350 -0.054321
v -0.715613 -1.318090 -0.052398
v -0.757720 -1.302626 -0.085737
v -0.757432 -1.299415 -0.083686
v -0.757054 -1.295817 -0.081401
v -0.735105 -1.291549 -0.089502
v -0.743625 -1.290565 -0.087445
v -0.750987 -1.290484 -0.083775
v -0.759032 -1.316271 -0.060819
v -0.758509 -1.312579 -0.059171
v -0.757907 -1.308337 -0.057277
v -0.759604 -1.293610 -0.072997
v -0.760516 -1.296559 -0.066741
v -0.759587 -1.299896 -0.060574
v -0.725587 -1.288869 -0.086743
v -0.724953 -1.284026 -0.083621
v -0.724283 -1.278965 -0.080437
v -0.715706 -1.275358 -0.074851
v -0.708360 -1.276074 -0.070276
v -0.702052 -1.275719 -0.063979
v -0.700341 -1.298282 -0.069221
v -0.699598 -1.291484 -0.065198
v -0.698658 -1.283555 -0.060680
v -0.697585 -1.275747 -0.049250
v -0.700351 -1.277392 -0.043955
v -0.704534 -1.278572 -0.039119
v -0.713122 -1.306215 -0.046829
v -0.711743 -1.298364 -0.043151
v -0.710497 -1.289366 -0.039109
v -0.755662 -1.286093 -0.075956
v -0.754595 -1.279588 -0.072796
v -0.753310 -1.271853 -0.069369
v -0.731679 -1.271958 -0.077636
v -0.739360 -1.269463 -0.075720
v -0.746156 -1.266279 -0.071830
v -0.756267 -1.296865 -0.052247
v -0.755091 -1.289361 -0.049068
v -0.753564 -1.280764 -0.045557
v -0.754656 -1.263680 -0.059313
v -0.755210 -1.266077 -0.053370
v -0.754113 -1.268638 -0.047430
v -0.695346 -1.263074 -0.047249
v -0.694899 -1.253428 -0.041293
v -0.695694 -1.244134 -0.036604
v -0.700196 -1.237686 -0.030428
v -0.703289 -1.239488 -0.027393
v -0.706564 -1.241593 -0.024848
v -0.709047 -1.268578 -0.030766
v -0.708880 -1.258172 -0.027184
v -0.708932 -1.249353 -0.024627
v -0.749163 -1.260807 -0.037978
v -0.746485 -1.250774 -0.034520
v -0.743863 -1.242279 -0.031906
v -0.742413 -1.233859 -0.032777
v -0.742863 -1.230574 -0.036269
v -0.742855 -1.227671 -0.040040
v -0.751212 -1.250748 -0.058292
v -0.749264 -1.241027 -0.052641
v -0.746182 -1.232204 -0.047601
v -0.698365 -1.714338 -0.043234
v -0.695741 -1.727426 -0.037089
v -0.691470 -1.740893 -0.033232
v -0.727429 -1.733548 -0.048451
v -0.728476 -1.750825 -0.040208
v -0.728665 -1.770062 -0.033806
v -0.661280 -1.698348 -0.108040
v -0.654625 -1.687305 -0.100400
v -0.648114 -1.676244 -0.092934
v -0.623051 -1.693993 -0.082717
v -0.628683 -1.683903 -0.086426
v -0.635224 -1.674345 -0.087694
v -0.639695 -1.741759 -0.100394
v -0.632568 -1.728323 -0.092092
v -0.625489 -1.715078 -0.083777
v -0.683938 -1.679073 -0.082161
v -0.677062 -1.671569 -0.075664
v -0.670196 -1.663610 -0.069143
v -0.648662 -1.660809 -0.083241
v -0.654667 -1.657478 -0.077989
v -0.659798 -1.655969 -0.071233
v -0.691398 -1.694659 -0.046398
v -0.682733 -1.685360 -0.040930
v -0.674140 -1.675960 -0.035292
v -0.666364 -1.656857 -0.054824
v -0.667599 -1.658999 -0.046093
v -0.667562 -1.662451 -0.037702
v -0.616839 -1.711633 -0.067883
v -0.616823 -1.717660 -0.057768
v -0.618846 -1.721171 -0.047232
v -0.646324 -1.764214 -0.054938
v -0.638173 -1.749031 -0.048980
v -0.630154 -1.734282 -0.042856
v -0.628716 -1.718994 -0.029068
v -0.635724 -1.713643 -0.022702
v -0.643094 -1.706452 -0.018437
v -0.676457 -1.739618 -0.029122
v -0.667089 -1.724774 -0.024970
v -0.658053 -1.710452 -0.020529
v -0.663994 -1.673809 -0.023991
v -0.660516 -1.681407 -0.019464
v -0.655872 -1.689700 -0.016863
v -0.792831 -1.580407 -0.201380
v -0.787317 -1.567157 -0.197435
v -0.783465 -1.554835 -0.193867
v -0.812841 -1.580023 -0.205556
v -0.819979 -1.568735 -0.202132
v -0.825299 -1.559769 -0.197913
v -0.822512 -1.525025 -0.176686
v -0.824580 -1.536446 -0.184335
v -0.826735 -1.546687 -0.190463
v -0.811101 -1.520321 -0.176565
v -0.801503 -1.527991 -0.184163
v -0.791210 -1.535910 -0.189150
v -0.784667 -1.603702 -0.199220
v -0.771628 -1.608956 -0.189440
v -0.761775 -1.612819 -0.177858
v -0.769708 -1.550214 -0.186792
v -0.759733 -1.555896 -0.179342
v -0.751499 -1.560435 -0.169126
v -0.753287 -1.600842 -0.163253
v -0.750950 -1.587440 -0.161258
v -0.748420 -1.575068 -0.159217
v -0.874325 -1.571939 -0.210298
v -0.864174 -1.563121 -0.205308
v -0.857059 -1.556020 -0.200314
v -0.833937 -1.554100 -0.194996
v -0.840978 -1.553899 -0.195678
v -0.847786 -1.552668 -0.196219
v -0.852692 -1.543481 -0.192554
v -0.851930 -1.532405 -0.186300
v -0.850454 -1.520023 -0.178281
v -0.828661 -1.513211 -0.164665
v -0.835101 -1.512529 -0.164500
v -0.841258 -1.510895 -0.165426
v -0.892415 -1.560566 -0.208457
v -0.892260 -1.542258 -0.202603
v -0.891850 -1.525846 -0.196752
v -0.880125 -1.511170 -0.188788
v -0.869166 -1.510205 -0.183830
v -0.858707 -1.508784 -0.176835
v -0.909789 -1.572400 -0.210721
v -0.919324 -1.563406 -0.206635
v -0.925827 -1.556140 -0.202629
v -0.929317 -1.543091 -0.195983
v -0.929247 -1.531585 -0.190092
v -0.929435 -1.518998 -0.182296
v -0.921146 -1.507562 -0.180315
v -0.911973 -1.509183 -0.186329
v -0.901895 -1.510599 -0.190089
v -0.965560 -1.584028 -0.203149
v -0.957697 -1.571798 -0.201853
v -0.952691 -1.562362 -0.199552
v -0.934020 -1.553331 -0.199484
v -0.939853 -1.555353 -0.199048
v -0.945617 -1.556167 -0.198201
v -0.982776 -1.578793 -0.199183
v -0.984683 -1.560731 -0.196507
v -0.986617 -1.544571 -0.193579
v -0.978624 -1.526391 -0.189210
v -0.969286 -1.521848 -0.185460
v -0.960545 -1.517192 -0.179537
v -0.950949 -1.548475 -0.193989
v -0.951833 -1.537393 -0.188482
v -0.952201 -1.525080 -0.181126
v -0.935911 -1.510661 -0.169707
v -0.940885 -1.512877 -0.169017
v -0.945863 -1.513712 -0.169273
v -1.019291 -1.575245 -0.184319
v -1.020455 -1.563617 -0.180757
v -1.022212 -1.550695 -0.175422
v -1.015822 -1.536722 -0.177052
v -1.007179 -1.535406 -0.183865
v -0.997894 -1.533332 -0.188425
v -1.043429 -1.584225 -0.176579
v -1.045387 -1.572341 -0.172103
v -1.047324 -1.558915 -0.165557
v -1.030091 -1.542406 -0.162582
v -1.035448 -1.544634 -0.159462
v -1.041354 -1.545472 -0.157110
v -1.078668 -1.623048 -0.169550
v -1.083800 -1.604780 -0.166374
v -1.087227 -1.587126 -0.163346
v -1.079356 -1.565191 -0.162184
v -1.068915 -1.558495 -0.162170
v -1.058925 -1.551708 -0.160101
v -1.098306 -1.735875 -0.149382
v -1.090290 -1.733564 -0.158121
v -1.079331 -1.730464 -0.166919
v -1.108517 -1.679814 -0.138605
v -1.106548 -1.699005 -0.139245
v -1.104831 -1.718122 -0.139877
v -1.086064 -1.650736 -0.164951
v -1.097338 -1.655746 -0.156258
v -1.105422 -1.658746 -0.147257
v -1.112734 -1.639797 -0.136917
v -1.114795 -1.619638 -0.135801
v -1.116735 -1.600736 -0.134544
v -1.114096 -1.582714 -0.141655
v -1.107510 -1.580076 -0.149293
v -1.099204 -1.576259 -0.155584
v -0.844285 -1.502553 -0.154695
v -0.843365 -1.501955 -0.144284
v -0.844482 -1.503498 -0.135088
v -0.826505 -1.513407 -0.128372
v -0.834095 -1.512519 -0.128345
v -0.841324 -1.510206 -0.127973
v -0.739071 -1.235357 -0.027491
v -0.735003 -1.234292 -0.024114
v -0.730398 -1.234183 -0.021430
v -0.747856 -1.273446 -0.036811
v -0.743169 -1.275443 -0.032695
v -0.737830 -1.277101 -0.029688
v -0.727210 -1.244274 -0.019732
v -0.728837 -1.255292 -0.021404
v -0.730468 -1.266977 -0.024318
v -0.733851 -1.288690 -0.032093
v -0.735537 -1.297749 -0.036210
v -0.737096 -1.305537 -0.040075
v -0.753626 -1.306096 -0.050446
v -0.749173 -1.308535 -0.046993
v -0.744034 -1.310514 -0.044643
v -0.739470 -1.317292 -0.045962
v -0.740296 -1.321581 -0.047940
v -0.741014 -1.325242 -0.049581
v -0.756209 -1.322856 -0.057744
v -0.751996 -1.325301 -0.054409
v -0.747100 -1.327190 -0.052243
v -0.742550 -1.332053 -0.052837
v -0.743508 -1.336053 -0.054781
v -0.744640 -1.341120 -0.057049
v -0.759819 -1.342280 -0.066520
v -0.755919 -1.344591 -0.063097
v -0.751268 -1.346381 -0.060866
v -0.747535 -1.356279 -0.062824
v -0.749233 -1.366050 -0.066238
v -0.750979 -1.376248 -0.069793
v -0.767898 -1.378652 -0.083453
v -0.763676 -1.381377 -0.078782
v -0.758554 -1.383818 -0.075358
v -0.754261 -1.394785 -0.076671
v -0.755812 -1.402570 -0.079778
v -0.757435 -1.409675 -0.082596
v -0.765885 -1.414185 -0.087451
v -0.771626 -1.411914 -0.091295
v -0.776274 -1.409391 -0.096450
v -0.761303 -1.423026 -0.087217
v -0.763568 -1.430278 -0.089184
v -0.765945 -1.438861 -0.091185
v -0.775127 -1.446967 -0.096064
v -0.780902 -1.444474 -0.100157
v -0.785516 -1.441903 -0.105581
v -0.791625 -1.451512 -0.115048
v -0.794671 -1.465044 -0.118027
v -0.797910 -1.478386 -0.120888
v -0.785184 -1.501643 -0.106725
v -0.791635 -1.497639 -0.111002
v -0.797044 -1.493791 -0.116592
v -0.770699 -1.462596 -0.096049
v -0.773032 -1.477188 -0.098847
v -0.775386 -1.491989 -0.101551
v -0.711970 -1.240975 -0.021520
v -0.716095 -1.238188 -0.019881
v -0.720715 -1.236171 -0.019240
v -0.701664 -1.228399 -0.031375
v -0.706660 -1.222590 -0.030756
v -0.712502 -1.218353 -0.031164
v -0.723851 -1.227790 -0.021703
v -0.722128 -1.222663 -0.024990
v -0.720428 -1.218879 -0.028810
v -0.747546 -1.254971 -0.065304
v -0.744040 -1.250183 -0.064560
v -0.740714 -1.245982 -0.063272
v -0.726035 -1.248489 -0.064950
v -0.731208 -1.246738 -0.064515
v -0.735461 -1.244655 -0.063291
v -0.723022 -1.268963 -0.074595
v -0.722365 -1.263685 -0.071747
v -0.721539 -1.257511 -0.068460
v -0.705258 -1.251367 -0.056962
v -0.709646 -1.251448 -0.059994
v -0.714832 -1.250910 -0.062600
v -0.698072 -1.265736 -0.055615
v -0.699454 -1.259967 -0.055500
v -0.701049 -1.254797 -0.055041
v -0.720654 -1.214137 -0.044312
v -0.725791 -1.214604 -0.045381
v -0.730417 -1.216548 -0.046709
v -0.740347 -1.221991 -0.045114
v -0.738005 -1.219690 -0.046218
v -0.735546 -1.218719 -0.047139
v -0.737055 -1.219580 -0.039514
v -0.731333 -1.216357 -0.036508
v -0.725162 -1.215131 -0.034138
v -0.715379 -1.211822 -0.039864
v -0.716090 -1.211499 -0.037353
v -0.717292 -1.213142 -0.035067
v -0.710192 -1.217067 -0.042010
v -0.705578 -1.220186 -0.040934
v -0.701915 -1.224241 -0.040442
v -0.701194 -1.245840 -0.051185
v -0.700088 -1.238946 -0.046914
v -0.699603 -1.232381 -0.043034
v -0.716110 -1.221673 -0.047951
v -0.717423 -1.230665 -0.053490
v -0.718968 -1.240554 -0.059184
v -0.737650 -1.237309 -0.058904
v -0.736520 -1.229997 -0.054732
v -0.734994 -1.223292 -0.050729
v -0.696908 -1.232948 -0.035390
v -0.697126 -1.230288 -0.037128
v -0.698296 -1.228527 -0.038914
v -0.816313 -1.518131 -0.121359
v -0.812138 -1.525191 -0.115578
v -0.806746 -1.534519 -0.110602
v -0.851722 -1.510881 -0.120797
v -0.858237 -1.516500 -0.115706
v -0.867782 -1.523843 -0.111739
v -0.819160 -1.549115 -0.106626
v -0.838740 -1.547383 -0.107126
v -0.859664 -1.543409 -0.107617
v -0.949202 -1.508165 -0.157784
v -0.948497 -1.508609 -0.146327
v -0.949255 -1.511573 -0.135886
v -0.931942 -1.512987 -0.127515
v -0.938663 -1.515588 -0.127455
v -0.945434 -1.516695 -0.127242
v -0.932021 -1.502588 -0.158157
v -0.931773 -1.503033 -0.146653
v -0.929774 -1.505483 -0.136254
v -1.100642 -1.799149 -0.142998
v -1.101733 -1.778288 -0.142349
v -1.102554 -1.757681 -0.141482
v -1.063020 -1.792981 -0.178565
v -1.063771 -1.770229 -0.177542
v -1.064531 -1.747963 -0.176630
v -1.075879 -1.817852 -0.170381
v -1.086634 -1.818914 -0.161384
v -1.094362 -1.819524 -0.152415
v -0.986935 -1.776044 -0.214268
v -0.986948 -1.751206 -0.212782
v -0.986629 -1.726996 -0.211320
v -0.899197 -1.763362 -0.230312
v -0.898493 -1.736520 -0.229111
v -0.897515 -1.710533 -0.227780
v -1.105977 -1.738778 -0.131704
v -1.106053 -1.739258 -0.122611
v -1.104025 -1.738726 -0.113262
v -1.106133 -1.675647 -0.100172
v -1.104207 -1.696100 -0.101444
v -1.102197 -1.716521 -0.102673
v -1.113118 -1.660185 -0.128067
v -1.113255 -1.659187 -0.118141
v -1.111386 -1.657425 -0.108389
v -1.109353 -1.634858 -0.098496
v -1.110643 -1.615351 -0.098215
v -1.111841 -1.597470 -0.098139
v -1.120337 -1.584504 -0.124343
v -1.119836 -1.584016 -0.115406
v -1.117299 -1.583069 -0.106593
v -1.100178 -1.820547 -0.133585
v -1.098553 -1.820583 -0.123411
v -1.094474 -1.819416 -0.112643
v -1.098242 -1.757171 -0.103980
v -1.095931 -1.777256 -0.103743
v -1.092803 -1.797019 -0.102839
v -1.047523 -1.538154 -0.142466
v -1.047782 -1.536683 -0.129890
v -1.049345 -1.537974 -0.117577
v -1.028634 -1.538305 -0.117647
v -1.036366 -1.540619 -0.113832
v -1.044464 -1.541656 -0.109890
v -1.027057 -1.533099 -0.153650
v -1.027109 -1.532207 -0.141574
v -1.025393 -1.533023 -0.130441
v -0.748522 -1.566150 -0.122514
v -0.744805 -1.566478 -0.133114
v -0.743793 -1.565713 -0.145000
v -0.756557 -1.576730 -0.114335
v -0.758458 -1.589476 -0.114648
v -0.760015 -1.602771 -0.114924
v -0.751953 -1.616331 -0.151542
v -0.751985 -1.616468 -0.138180
v -0.755084 -1.616261 -0.125757
v -0.762313 -1.562683 -0.108404
v -0.771965 -1.559534 -0.105365
v -0.783608 -1.555187 -0.104577
v -0.802469 -1.567390 -0.102576
v -0.805423 -1.585655 -0.099596
v -0.807443 -1.604244 -0.096887
v -0.769691 -1.617017 -0.106813
v -0.780643 -1.618433 -0.100821
v -0.793547 -1.620412 -0.096825
v -0.885142 -1.561876 -0.104184
v -0.884499 -1.586039 -0.100752
v -0.883252 -1.610167 -0.097470
v -0.860123 -1.631247 -0.093922
v -0.841119 -1.628410 -0.093599
v -0.823841 -1.625547 -0.093625
v -0.957684 -1.552517 -0.104897
v -0.934684 -1.550208 -0.106163
v -0.911895 -1.545102 -0.107154
v -0.921178 -1.513372 -0.120414
v -0.914047 -1.518529 -0.115171
v -0.903877 -1.525112 -0.111345
v -0.968055 -1.537277 -0.109192
v -0.959841 -1.528422 -0.114064
v -0.954610 -1.521601 -0.119762
v -0.777801 -1.533102 -0.186525
v -0.775139 -1.522872 -0.182423
v -0.772262 -1.511808 -0.177979
v -0.743714 -1.553256 -0.155619
v -0.741572 -1.542808 -0.153892
v -0.739304 -1.531376 -0.151777
v -0.752380 -1.553972 -0.113839
v -0.750271 -1.543349 -0.113468
v -0.748151 -1.532053 -0.112683
v -0.714966 -1.279703 -0.031487
v -0.720594 -1.279671 -0.029077
v -0.726348 -1.279232 -0.027859
v -0.720462 -1.313549 -0.046486
v -0.726528 -1.313621 -0.044270
v -0.732551 -1.313093 -0.043256
v -0.724265 -1.330016 -0.054099
v -0.730244 -1.330121 -0.051975
v -0.736086 -1.329614 -0.051025
v -0.727681 -1.349445 -0.062738
v -0.734016 -1.349429 -0.060547
v -0.740173 -1.348818 -0.059582
v -0.732378 -1.390540 -0.076483
v -0.739350 -1.389653 -0.073836
v -0.746198 -1.388061 -0.072795
v -0.736528 -1.421766 -0.087916
v -0.744221 -1.420488 -0.085244
v -0.751910 -1.418569 -0.084317
v -0.744756 -1.456536 -0.095671
v -0.752747 -1.454583 -0.093083
v -0.760755 -1.452127 -0.092387
v -0.753234 -1.516679 -0.106019
v -0.761311 -1.513456 -0.103258
v -0.769687 -1.509719 -0.102644
v -0.789259 -1.537080 -0.106929
v -0.783963 -1.527557 -0.106662
v -0.780453 -1.517411 -0.105621
v -0.851377 -1.390294 -0.125811
v -0.859009 -1.388080 -0.131779
v -0.868237 -1.386385 -0.135912
v -0.850626 -1.447335 -0.139586
v -0.849210 -1.428560 -0.132027
v -0.847654 -1.409788 -0.124675
v -0.857633 -1.462567 -0.154244
v -0.865808 -1.461301 -0.160656
v -0.875484 -1.460371 -0.165286
v -0.880066 -1.402469 -0.144556
v -0.882021 -1.422003 -0.152165
v -0.884004 -1.441800 -0.160072
v -0.843895 -1.396115 -0.109560
v -0.844451 -1.399348 -0.100419
v -0.847414 -1.402354 -0.091727
v -0.854595 -1.457242 -0.107835
v -0.853968 -1.439320 -0.099523
v -0.853184 -1.421223 -0.091305
v -0.848672 -1.465960 -0.138275
v -0.848374 -1.468063 -0.129853
v -0.850550 -1.470454 -0.121923
v -0.896264 -1.459690 -0.167168
v -0.905846 -1.460056 -0.164245
v -0.913879 -1.460993 -0.159192
v -0.912797 -1.405223 -0.130810
v -0.915078 -1.425031 -0.138200
v -0.917405 -1.444894 -0.145654
v -0.888291 -1.384682 -0.137656
v -0.897554 -1.384826 -0.135168
v -0.905288 -1.385792 -0.130649
v -0.922458 -1.464840 -0.144250
v -0.922595 -1.467623 -0.135488
v -0.920364 -1.470724 -0.126850
v -0.921600 -1.476442 -0.157816
v -0.923618 -1.487226 -0.162300
v -0.926013 -1.496339 -0.166453
v -0.917801 -1.487215 -0.123318
v -0.919645 -1.496953 -0.125763
v -0.922254 -1.503976 -0.126946
v -0.876710 -1.371837 -0.132798
v -0.875424 -1.361751 -0.128827
v -0.874395 -1.353949 -0.125516
v -0.847148 -1.352046 -0.110790
v -0.854577 -1.350033 -0.116487
v -0.863680 -1.348486 -0.120442
v -0.844816 -1.379695 -0.113383
v -0.843720 -1.369451 -0.109666
v -0.842858 -1.361362 -0.106599
v -0.840457 -1.357407 -0.095454
v -0.841544 -1.360368 -0.086895
v -0.845004 -1.363021 -0.078751
v -0.851708 -1.391433 -0.079508
v -0.851148 -1.380839 -0.076319
v -0.850698 -1.372267 -0.074009
v -0.909008 -1.374151 -0.119169
v -0.907628 -1.364023 -0.115184
v -0.906547 -1.356224 -0.111794
v -0.883552 -1.346814 -0.121994
v -0.892721 -1.346871 -0.119453
v -0.900365 -1.347758 -0.114892
v -0.913322 -1.390584 -0.116331
v -0.913344 -1.394058 -0.107538
v -0.911279 -1.397650 -0.098730
v -0.905978 -1.387429 -0.085498
v -0.904702 -1.377238 -0.081572
v -0.903708 -1.369282 -0.078377
v -0.908257 -1.352618 -0.100483
v -0.908279 -1.356161 -0.091697
v -0.906321 -1.359668 -0.083013
v -0.873054 -1.341208 -0.118887
v -0.872612 -1.334960 -0.114910
v -0.872170 -1.328380 -0.110270
v -0.845766 -1.325807 -0.094063
v -0.852982 -1.323806 -0.099472
v -0.861870 -1.322266 -0.103179
v -0.841838 -1.348139 -0.100370
v -0.841579 -1.341820 -0.096604
v -0.841350 -1.335289 -0.092278
v -0.839409 -1.331123 -0.079651
v -0.840581 -1.334062 -0.071693
v -0.844050 -1.336711 -0.064123
v -0.850070 -1.358299 -0.069057
v -0.849835 -1.351880 -0.065723
v -0.849595 -1.345440 -0.061883
v -0.905102 -1.343375 -0.104769
v -0.904549 -1.337038 -0.100530
v -0.903918 -1.330455 -0.095679
v -0.881382 -1.320605 -0.104132
v -0.890404 -1.320665 -0.101278
v -0.897891 -1.321549 -0.096525
v -0.900707 -1.343113 -0.063884
v -0.901547 -1.349663 -0.068127
v -0.902237 -1.356085 -0.071943
v -0.905360 -1.326376 -0.082474
v -0.905152 -1.329899 -0.074236
v -0.903029 -1.333403 -0.066220
v -0.870847 -1.313250 -0.098536
v -0.869981 -1.304995 -0.091923
v -0.869145 -1.296994 -0.085615
v -0.843584 -1.295297 -0.071527
v -0.850492 -1.292830 -0.076066
v -0.859082 -1.290968 -0.079087
v -0.840585 -1.320609 -0.081744
v -0.840056 -1.312705 -0.075967
v -0.839568 -1.305081 -0.070489
v -0.838062 -1.301584 -0.059313
v -0.839630 -1.304979 -0.052550
v -0.843240 -1.308135 -0.046088
v -0.848946 -1.331489 -0.053063
v -0.848582 -1.324135 -0.048480
v -0.848301 -1.317072 -0.044186
v -0.901888 -1.315896 -0.083938
v -0.900536 -1.308176 -0.077525
v -0.899199 -1.300721 -0.071457
v -0.877815 -1.289490 -0.079294
v -0.886348 -1.290036 -0.076446
v -0.893344 -1.291514 -0.072007
v -0.898102 -1.329122 -0.054202
v -0.896440 -1.321889 -0.049127
v -0.894836 -1.314944 -0.044357
v -0.900017 -1.297384 -0.059655
v -0.899530 -1.301311 -0.052684
v -0.897179 -1.305237 -0.046006
v -0.868068 -1.283907 -0.076265
v -0.867883 -1.279109 -0.073448
v -0.867839 -1.275145 -0.071382
v -0.843541 -1.277619 -0.061826
v -0.850266 -1.274969 -0.066036
v -0.858676 -1.272961 -0.068759
v -0.839135 -1.292640 -0.062311
v -0.839200 -1.288049 -0.059797
v -0.839328 -1.284193 -0.057953
v -0.838518 -1.284263 -0.050304
v -0.840335 -1.287807 -0.043866
v -0.844067 -1.291096 -0.037683
v -0.848307 -1.305444 -0.037622
v -0.848553 -1.301043 -0.035446
v -0.848799 -1.297259 -0.033744
v -0.897301 -1.288282 -0.062417
v -0.896842 -1.283540 -0.059604
v -0.896601 -1.279549 -0.057451
v -0.876932 -1.271403 -0.068517
v -0.885183 -1.272010 -0.065560
v -0.891928 -1.273571 -0.061128
v -0.892697 -1.303244 -0.037069
v -0.892257 -1.298638 -0.034657
v -0.892064 -1.294615 -0.032763
v -0.898373 -1.279539 -0.049236
v -0.897908 -1.283483 -0.042680
v -0.895603 -1.287453 -0.036457
v -0.867863 -1.268599 -0.067912
v -0.867814 -1.265512 -0.065942
v -0.867676 -1.262249 -0.063593
v -0.842972 -1.263135 -0.053341
v -0.849799 -1.261068 -0.057439
v -0.858247 -1.259528 -0.060022
v -0.839381 -1.277494 -0.055004
v -0.839228 -1.274070 -0.053309
v -0.838983 -1.270219 -0.051101
v -0.837533 -1.268531 -0.042139
v -0.839082 -1.271516 -0.035904
v -0.842577 -1.274337 -0.029890
v -0.848804 -1.290428 -0.030883
v -0.848468 -1.286712 -0.029278
v -0.847946 -1.282276 -0.027255
v -0.896407 -1.272968 -0.053583
v -0.896300 -1.269799 -0.051365
v -0.896102 -1.266215 -0.048798
v -0.876422 -1.258312 -0.059258
v -0.884587 -1.258740 -0.055984
v -0.891248 -1.259905 -0.051340
v -0.891864 -1.287456 -0.029523
v -0.891707 -1.283699 -0.027752
v -0.891497 -1.279284 -0.025645
v -0.897628 -1.264517 -0.039748
v -0.897176 -1.267640 -0.033669
v -0.894882 -1.270854 -0.027958
v -0.867002 -1.254375 -0.057208
v -0.866512 -1.249731 -0.053323
v -0.866022 -1.244843 -0.049360
v -0.842396 -1.238967 -0.035811
v -0.849333 -1.240122 -0.041035
v -0.857275 -1.240320 -0.044386
v -0.838319 -1.260148 -0.044148
v -0.837930 -1.253621 -0.039404
v -0.837516 -1.245957 -0.034115
v -0.836311 -1.238027 -0.022443
v -0.838098 -1.239725 -0.017170
v -0.841380 -1.241187 -0.012060
v -0.846514 -1.269767 -0.021115
v -0.845847 -1.261560 -0.016960
v -0.845477 -1.252361 -0.012310
v -0.895209 -1.256367 -0.042235
v -0.894540 -1.249747 -0.038233
v -0.893816 -1.241918 -0.033841
v -0.873789 -1.239061 -0.044557
v -0.881358 -1.237682 -0.041369
v -0.887896 -1.235509 -0.036292
v -0.890891 -1.266942 -0.019786
v -0.890423 -1.258848 -0.015996
v -0.889759 -1.249765 -0.011793
v -0.894996 -1.233842 -0.022760
v -0.894496 -1.235957 -0.017301
v -0.892350 -1.238024 -0.012078
v -0.836304 -1.225311 -0.019803
v -0.837202 -1.215503 -0.013662
v -0.839335 -1.206291 -0.008697
v -0.848037 -1.206450 0.005008
v -0.845777 -1.203659 0.001884
v -0.843785 -1.201030 -0.001750
v -0.846369 -1.232151 -0.002359
v -0.847534 -1.222411 0.002051
v -0.848806 -1.214212 0.005248
v -0.887604 -1.229748 -0.002768
v -0.886155 -1.220084 0.001302
v -0.884615 -1.211958 0.004327
v -0.886759 -1.197846 -0.002353
v -0.885903 -1.200787 0.001062
v -0.884581 -1.203954 0.004069
v -0.893421 -1.220989 -0.020623
v -0.892370 -1.211330 -0.014416
v -0.890175 -1.202448 -0.009270
v -0.880458 -1.205131 0.008397
v -0.876206 -1.203763 0.010973
v -0.871365 -1.203170 0.012725
v -0.884187 -1.241602 -0.003243
v -0.878743 -1.242944 -0.000083
v -0.872846 -1.243909 0.001959
v -0.866443 -1.212150 0.013224
v -0.866468 -1.222446 0.010932
v -0.866554 -1.233439 0.007209
v -0.867441 -1.254849 -0.002106
v -0.868241 -1.264363 -0.006794
v -0.869101 -1.272767 -0.011106
v -0.886661 -1.276186 -0.019227
v -0.881435 -1.277972 -0.016598
v -0.875768 -1.279183 -0.015117
v -0.870442 -1.285482 -0.017558
v -0.870818 -1.289990 -0.019662
v -0.871042 -1.293779 -0.021318
v -0.887483 -1.293648 -0.027153
v -0.882383 -1.295512 -0.024515
v -0.876873 -1.296677 -0.023096
v -0.871212 -1.300819 -0.024271
v -0.871349 -1.304675 -0.026003
v -0.871714 -1.309025 -0.028163
v -0.889074 -1.311121 -0.035925
v -0.884001 -1.312734 -0.033019
v -0.878424 -1.313656 -0.031401
v -0.873659 -1.319893 -0.034448
v -0.875140 -1.326306 -0.038503
v -0.876650 -1.333004 -0.042845
v -0.895307 -1.338110 -0.053877
v -0.890285 -1.339055 -0.050194
v -0.884501 -1.339466 -0.048023
v -0.878827 -1.346143 -0.051375
v -0.879393 -1.352492 -0.055198
v -0.879782 -1.358939 -0.058580
v -0.887088 -1.365492 -0.062560
v -0.893222 -1.365147 -0.065162
v -0.898510 -1.364283 -0.069370
v -0.880596 -1.373058 -0.063741
v -0.881175 -1.381822 -0.066170
v -0.881888 -1.392871 -0.069454
v -0.902772 -1.403390 -0.084250
v -0.896934 -1.405180 -0.079378
v -0.890218 -1.406375 -0.076088
v -0.914111 -1.456802 -0.112828
v -0.911878 -1.437471 -0.105316
v -0.909638 -1.418111 -0.097603
v -0.910195 -1.477034 -0.112840
v -0.902977 -1.479654 -0.108225
v -0.894834 -1.481414 -0.105248
v -0.883722 -1.424880 -0.081272
v -0.884710 -1.444661 -0.089329
v -0.885563 -1.464367 -0.097286
v -0.852706 -1.206934 0.009296
v -0.856816 -1.205019 0.011694
v -0.861426 -1.203812 0.013126
v -0.847120 -1.191838 -0.002550
v -0.852478 -1.187167 -0.001204
v -0.858437 -1.184194 -0.000630
v -0.866034 -1.196202 0.011317
v -0.865599 -1.190774 0.007561
v -0.865123 -1.186491 0.003260
v -0.890057 -1.224631 -0.028425
v -0.887333 -1.219445 -0.027765
v -0.884682 -1.214856 -0.026698
v -0.879955 -1.212754 -0.027451
v -0.875752 -1.214128 -0.029437
v -0.870611 -1.215082 -0.030761
v -0.865344 -1.234970 -0.042308
v -0.865180 -1.229640 -0.039080
v -0.865066 -1.223377 -0.035499
v -0.859168 -1.215888 -0.030363
v -0.853765 -1.215689 -0.028709
v -0.849237 -1.214962 -0.026517
v -0.839259 -1.228528 -0.027424
v -0.841689 -1.222908 -0.026635
v -0.844253 -1.217857 -0.025592
v -0.877976 -1.185004 -0.010220
v -0.873930 -1.182369 -0.009707
v -0.869256 -1.180997 -0.009640
v -0.885917 -1.191796 -0.007292
v -0.884288 -1.189211 -0.008604
v -0.882339 -1.187894 -0.009842
v -0.882338 -1.189178 -0.002770
v -0.876953 -1.185318 -0.001323
v -0.870973 -1.183247 -0.000681
v -0.864406 -1.179745 -0.003042
v -0.864243 -1.177740 -0.004840
v -0.864197 -1.177796 -0.006773
v -0.859192 -1.181723 -0.009621
v -0.854405 -1.183783 -0.009644
v -0.850267 -1.187018 -0.010073
v -0.846020 -1.208678 -0.021398
v -0.846114 -1.201453 -0.017185
v -0.846723 -1.194706 -0.013301
v -0.864773 -1.206256 -0.025694
v -0.864576 -1.196339 -0.019801
v -0.864390 -1.187373 -0.014212
v -0.882699 -1.206028 -0.022291
v -0.882356 -1.198840 -0.017862
v -0.881565 -1.192182 -0.013727
v -0.842818 -1.195065 -0.007071
v -0.844027 -1.192241 -0.008440
v -0.845838 -1.190601 -0.009656
v -0.887575 -1.474614 -0.174196
v -0.889026 -1.487118 -0.180073
v -0.890230 -1.498859 -0.185572
v -0.852316 -1.477498 -0.152511
v -0.852206 -1.488109 -0.157552
v -0.851161 -1.497239 -0.162194
v -0.854746 -1.485618 -0.120340
v -0.853701 -1.494902 -0.123817
v -0.851360 -1.501670 -0.125958
v -0.850369 -1.243435 -0.003302
v -0.855530 -1.244150 -0.000137
v -0.861040 -1.244508 0.001928
v -0.852531 -1.278452 -0.020395
v -0.858129 -1.279519 -0.017377
v -0.863948 -1.279967 -0.015506
v -0.854204 -1.295734 -0.028138
v -0.859727 -1.296878 -0.025224
v -0.865404 -1.297353 -0.023467
v -0.853868 -1.312541 -0.036214
v -0.859957 -1.313609 -0.033264
v -0.866230 -1.314072 -0.031540
v -0.855840 -1.339756 -0.052733
v -0.863136 -1.340076 -0.049458
v -0.870675 -1.339954 -0.047663
v -0.857065 -1.365963 -0.066661
v -0.864632 -1.366193 -0.063327
v -0.872504 -1.365992 -0.061633
v -0.858960 -1.406392 -0.078991
v -0.866586 -1.407217 -0.075648
v -0.874702 -1.407403 -0.074155
v -0.861161 -1.476082 -0.109795
v -0.868793 -1.478848 -0.106180
v -0.877294 -1.480960 -0.104221
v -0.886341 -1.495908 -0.108242
v -0.886226 -1.507375 -0.110375
v -0.885906 -1.518352 -0.110617
v -0.966976 -1.415631 -0.124063
v -0.974491 -1.414719 -0.127634
v -0.983330 -1.414652 -0.129385
v -0.960674 -1.462975 -0.145264
v -0.961112 -1.447229 -0.136090
v -0.961389 -1.431563 -0.126795
v -0.965548 -1.476680 -0.160010
v -0.973031 -1.477532 -0.164937
v -0.981779 -1.479305 -0.167862
v -0.992442 -1.430525 -0.138423
v -0.992023 -1.447867 -0.148743
v -0.991549 -1.465473 -0.159229
v -0.958773 -1.420929 -0.111131
v -0.958469 -1.425015 -0.102672
v -0.960260 -1.429342 -0.094195
v -0.961972 -1.477456 -0.111182
v -0.962708 -1.462295 -0.102889
v -0.963304 -1.447046 -0.094346
v -0.957030 -1.479078 -0.144619
v -0.956402 -1.482297 -0.135246
v -0.957852 -1.486371 -0.126051
v -1.000252 -1.484196 -0.167418
v -1.008590 -1.486924 -0.164119
v -1.015418 -1.489789 -0.158953
v -1.021195 -1.438298 -0.123754
v -1.020726 -1.457014 -0.133798
v -1.020302 -1.475852 -0.143666
v -1.001958 -1.416038 -0.127939
v -1.010298 -1.417344 -0.124948
v -1.017069 -1.419206 -0.120552
v -1.021981 -1.495817 -0.143740
v -1.021393 -1.498800 -0.134731
v -1.018644 -1.501562 -0.125933
v -1.020103 -1.506276 -0.158053
v -1.020611 -1.517104 -0.161997
v -1.021757 -1.526626 -0.164652
v -1.014379 -1.515975 -0.122172
v -1.015502 -1.524568 -0.123603
v -1.017960 -1.530601 -0.123008
v -0.992855 -1.403047 -0.122690
v -0.992830 -1.393703 -0.117828
v -0.992712 -1.386209 -0.114235
v -0.966946 -1.382999 -0.106125
v -0.974360 -1.381140 -0.109632
v -0.983146 -1.380051 -0.111346
v -0.961622 -1.406767 -0.112199
v -0.961647 -1.398416 -0.107501
v -0.961651 -1.391701 -0.103888
v -0.959075 -1.389272 -0.093810
v -0.958991 -1.393259 -0.085885
v -0.961029 -1.397163 -0.077936
v -0.964128 -1.422394 -0.080942
v -0.964399 -1.413810 -0.076725
v -0.964615 -1.406773 -0.073545
v -1.021791 -1.408889 -0.107985
v -1.021823 -1.399161 -0.102950
v -1.021712 -1.391489 -0.099120
v -1.001819 -1.379859 -0.109504
v -1.010218 -1.380742 -0.106195
v -1.017019 -1.382363 -0.101583
v -1.023339 -1.425010 -0.107947
v -1.022581 -1.428675 -0.100504
v -1.019736 -1.432344 -0.093185
v -1.015388 -1.422922 -0.080655
v -1.015369 -1.413238 -0.076240
v -1.015201 -1.405509 -0.072888
v -1.023110 -1.388023 -0.089412
v -1.022201 -1.391701 -0.082597
v -1.019290 -1.395398 -0.075971
v -0.992383 -1.373188 -0.108397
v -0.992216 -1.366429 -0.105169
v -0.992040 -1.359056 -0.101243
v -0.967070 -1.355136 -0.091087
v -0.974182 -1.352904 -0.094570
v -0.982691 -1.351453 -0.096332
v -0.961709 -1.379665 -0.097748
v -0.961795 -1.373211 -0.094422
v -0.961927 -1.366125 -0.090583
v -0.959840 -1.361964 -0.079500
v -0.960043 -1.366081 -0.072267
v -0.962286 -1.370019 -0.065050
v -0.965006 -1.394200 -0.068213
v -0.965262 -1.387687 -0.065382
v -0.965623 -1.380766 -0.062228
v -1.021185 -1.378148 -0.092734
v -1.020820 -1.371213 -0.089291
v -1.020413 -1.363800 -0.085278
v -1.000903 -1.350800 -0.094325
v -1.009109 -1.351613 -0.090802
v -1.015719 -1.353238 -0.086045
v -1.014519 -1.391870 -0.067251
v -1.014059 -1.384856 -0.064229
v -1.013558 -1.377583 -0.060793
v -1.021385 -1.359019 -0.074255
v -1.020295 -1.362786 -0.067988
v -1.017316 -1.366590 -0.062016
v -0.991636 -1.341412 -0.090048
v -0.991412 -1.331663 -0.083156
v -0.991187 -1.322342 -0.076320
v -0.967324 -1.319993 -0.067381
v -0.973975 -1.317062 -0.069791
v -0.982114 -1.315135 -0.070770
v -0.962328 -1.349306 -0.080532
v -0.962565 -1.340117 -0.074617
v -0.962779 -1.331379 -0.068786
v -0.961350 -1.328529 -0.058528
v -0.962219 -1.333531 -0.052771
v -0.964962 -1.338335 -0.046955
v -0.966835 -1.365167 -0.054462
v -0.967621 -1.356922 -0.050042
v -0.968382 -1.349136 -0.045685
v -1.019552 -1.346921 -0.074543
v -1.019127 -1.337921 -0.068151
v -1.018721 -1.329377 -0.061850
v -0.999779 -1.314547 -0.068324
v -1.007779 -1.315928 -0.065146
v -1.014219 -1.318401 -0.061029
v -1.012554 -1.362135 -0.052013
v -1.012107 -1.354338 -0.046906
v -1.011735 -1.347041 -0.041860
v -1.019637 -1.326442 -0.051136
v -1.018497 -1.331433 -0.046021
v -1.015561 -1.336363 -0.041286
v -0.990774 -1.308095 -0.065571
v -0.990589 -1.303540 -0.062010
v -0.990405 -1.300153 -0.059209
v -0.966973 -1.304005 -0.054477
v -0.973495 -1.300749 -0.056612
v -0.981509 -1.298530 -0.057401
v -0.963000 -1.318134 -0.059402
v -0.962983 -1.313925 -0.056108
v -0.962895 -1.310763 -0.053419
v -0.961384 -1.313068 -0.046482
v -0.962476 -1.318230 -0.041254
v -0.965381 -1.323140 -0.035945
v -0.969390 -1.337161 -0.038414
v -0.969566 -1.333163 -0.035661
v -0.969573 -1.330005 -0.033291
v -1.018007 -1.316105 -0.051832
v -1.017687 -1.311664 -0.048382
v -1.017360 -1.308250 -0.045557
v -0.998821 -1.297675 -0.054773
v -1.006619 -1.299113 -0.051603
v -1.012911 -1.301735 -0.047579
v -1.011304 -1.335554 -0.033565
v -1.011200 -1.331480 -0.030521
v -1.011075 -1.328140 -0.027947
v -1.018408 -1.310245 -0.038187
v -1.017479 -1.315503 -0.033458
v -1.014775 -1.320687 -0.029157
v -0.990005 -1.295084 -0.054397
v -0.989776 -1.292735 -0.051838
v -0.989523 -1.290223 -0.048948
v -0.966133 -1.293028 -0.042672
v -0.972690 -1.290186 -0.045066
v -0.980667 -1.288259 -0.046092
v -0.962557 -1.305728 -0.048728
v -0.962330 -1.303151 -0.046155
v -0.962081 -1.300214 -0.043043
v -0.960330 -1.301006 -0.034592
v -0.961279 -1.305597 -0.029572
v -0.964039 -1.310013 -0.024520
v -0.969247 -1.324595 -0.028983
v -0.968942 -1.321648 -0.026587
v -0.968526 -1.318148 -0.023657
v -1.016596 -1.303030 -0.040410
v -1.016135 -1.300546 -0.037605
v -1.015621 -1.297728 -0.034456
v -0.997619 -1.287515 -0.043388
v -1.005137 -1.288754 -0.039912
v -1.011161 -1.291019 -0.035579
v -1.010493 -1.322405 -0.023313
v -1.010019 -1.319403 -0.020804
v -1.009495 -1.315922 -0.017873
v -1.016381 -1.298390 -0.026081
v -1.015464 -1.302979 -0.021589
v -1.012824 -1.307565 -0.017585
v -0.988931 -1.283959 -0.041587
v -0.988612 -1.280188 -0.037225
v -0.988306 -1.276218 -0.032745
v -0.965895 -1.273582 -0.021210
v -0.972667 -1.273349 -0.025555
v -0.980232 -1.272792 -0.027992
v -0.961550 -1.292369 -0.034129
v -0.961249 -1.287191 -0.028285
v -0.960888 -1.281040 -0.021777
v -0.959083 -1.276903 -0.009824
v -0.960203 -1.280498 -0.005450
v -0.962750 -1.283812 -0.001038
v -0.967326 -1.308403 -0.015153
v -0.966702 -1.301999 -0.009555
v -0.966283 -1.294725 -0.003374
v -1.014446 -1.289910 -0.026629
v -1.013821 -1.284593 -0.021870
v -1.013206 -1.278242 -0.016559
v -0.995564 -1.271886 -0.026737
v -1.002416 -1.271595 -0.023137
v -1.008204 -1.271098 -0.017813
v -1.008507 -1.306420 -0.009921
v -1.008008 -1.300190 -0.004866
v -1.007388 -1.293062 0.000683
v -1.013805 -1.273976 -0.005258
v -1.012801 -1.277932 -0.000971
v -1.010289 -1.281721 0.003015
v -0.959068 -1.265255 -0.004799
v -0.959333 -1.257915 0.002608
v -0.960808 -1.250897 0.009026
v -0.967750 -1.255285 0.021319
v -0.965888 -1.251704 0.019150
v -0.964315 -1.248204 0.016557
v -0.966695 -1.278214 0.009621
v -0.967498 -1.269985 0.015444
v -0.968449 -1.262907 0.019925
v -1.005445 -1.276586 0.012437
v -1.004114 -1.268275 0.017783
v -1.002675 -1.261134 0.021947
v -1.005506 -1.245742 0.019567
v -1.004415 -1.249419 0.021717
v -1.002869 -1.253259 0.023464
v -1.012648 -1.262112 -0.000903
v -1.011451 -1.254840 0.006403
v -1.009181 -1.248030 0.012670
v -0.998530 -1.255572 0.026707
v -0.994224 -1.254946 0.029052
v -0.989374 -1.254840 0.030478
v -1.001860 -1.287913 0.009429
v -0.996516 -1.290024 0.011535
v -0.990854 -1.291399 0.012718
v -0.984475 -1.263576 0.028551
v -0.984568 -1.272993 0.024417
v -0.984784 -1.282675 0.018987
v -0.985870 -1.300396 0.006498
v -0.986701 -1.307783 0.000340
v -0.987578 -1.314133 -0.005315
v -1.004397 -1.314913 -0.011908
v -0.999314 -1.317253 -0.010437
v -0.993915 -1.318743 -0.009856
v -0.989021 -1.323715 -0.013921
v -0.989502 -1.327215 -0.016851
v -0.989859 -1.330218 -0.019235
v -1.006223 -1.328640 -0.023114
v -1.001108 -1.330980 -0.021627
v -0.995686 -1.332386 -0.021076
v -0.990335 -1.335871 -0.023551
v -0.990477 -1.339126 -0.025914
v -0.990543 -1.343090 -0.028598
v -1.006753 -1.343938 -0.034382
v -1.001622 -1.346167 -0.032520
v -0.996177 -1.347503 -0.031658
v -0.990418 -1.354302 -0.035375
v -0.990263 -1.361434 -0.039332
v -0.990105 -1.369045 -0.043335
v -1.008009 -1.372674 -0.052542
v -1.002405 -1.374619 -0.049500
v -0.996358 -1.375929 -0.047675
v -0.989949 -1.384047 -0.050478
v -0.989946 -1.391097 -0.053472
v -0.989931 -1.397941 -0.056219
v -1.009533 -1.401209 -0.065284
v -1.003425 -1.402987 -0.061792
v -0.996795 -1.404109 -0.059626
v -0.989666 -1.411515 -0.061517
v -0.989364 -1.419244 -0.064715
v -0.988946 -1.428762 -0.068963
v -1.009493 -1.438149 -0.081550
v -1.002874 -1.439887 -0.077884
v -0.995730 -1.440827 -0.075643
v -1.014207 -1.488099 -0.111611
v -1.014524 -1.470033 -0.103287
v -1.014911 -1.451839 -0.094548
v -1.008113 -1.505785 -0.112357
v -1.001126 -1.506860 -0.108318
v -0.993572 -1.506943 -0.105968
v -0.987769 -1.456329 -0.082418
v -0.987085 -1.473465 -0.090875
v -0.986433 -1.490562 -0.098880
v -0.971775 -1.257092 0.025252
v -0.975460 -1.256043 0.028106
v -0.979732 -1.255414 0.030017
v -0.967445 -1.239815 0.018616
v -0.972369 -1.236253 0.021709
v -0.977985 -1.233994 0.023730
v -0.984350 -1.247933 0.030867
v -0.984247 -1.242065 0.029311
v -0.984126 -1.237182 0.026987
v -1.010010 -1.263056 -0.008527
v -1.007548 -1.258309 -0.006942
v -1.005063 -1.254319 -0.005126
v -1.000672 -1.252131 -0.005550
v -0.996826 -1.252791 -0.007814
v -0.992076 -1.253222 -0.009493
v -0.987806 -1.268328 -0.024397
v -0.987567 -1.264183 -0.020340
v -0.987252 -1.259390 -0.015788
v -0.981365 -1.253840 -0.010027
v -0.976226 -1.253984 -0.008880
v -0.971848 -1.253812 -0.007127
v -0.962571 -1.265918 -0.011734
v -0.964847 -1.260892 -0.009565
v -0.967157 -1.256581 -0.007334
v -0.997689 -1.231604 0.015191
v -0.993683 -1.229377 0.016068
v -0.989082 -1.228165 0.016226
v -1.005108 -1.238772 0.016685
v -1.003675 -1.235977 0.016006
v -1.001901 -1.234366 0.015086
v -1.001319 -1.237794 0.021359
v -0.995977 -1.234841 0.023658
v -0.990098 -1.233269 0.024740
v -0.983876 -1.229417 0.023116
v -0.983825 -1.226933 0.021628
v -0.983912 -1.226227 0.019489
v -0.979346 -1.228715 0.015402
v -0.974831 -1.230444 0.014497
v -0.971017 -1.233122 0.013026
v -0.968358 -1.249433 -0.001642
v -0.967982 -1.244050 0.003479
v -0.968103 -1.239046 0.008268
v -0.986158 -1.246479 -0.003588
v -0.985434 -1.239098 0.003615
v -0.984743 -1.232547 0.010419
v -1.002983 -1.247421 0.000479
v -1.002412 -1.242069 0.005795
v -1.001408 -1.237139 0.010734
v -0.963823 -1.241209 0.013311
v -0.965061 -1.238232 0.012815
v -0.966865 -1.236389 0.012232
v -0.990667 -1.495138 -0.176259
v -0.990165 -1.506849 -0.182078
v -0.989420 -1.518130 -0.186614
v -0.959126 -1.488400 -0.158944
v -0.957756 -1.497311 -0.163119
v -0.955675 -1.504823 -0.166575
v -0.959956 -1.501325 -0.122595
v -0.958235 -1.508761 -0.125168
v -0.955489 -1.513566 -0.126397
v -0.970318 -1.289054 0.006781
v -0.974866 -1.290759 0.009727
v -0.979842 -1.291758 0.011801
v -0.972565 -1.316617 -0.016138
v -0.977576 -1.318438 -0.013266
v -0.982891 -1.319350 -0.011274
v -0.974141 -1.330238 -0.027275
v -0.979229 -1.332071 -0.024415
v -0.984599 -1.332939 -0.022474
v -0.973819 -1.345322 -0.037605
v -0.979148 -1.347131 -0.034626
v -0.984785 -1.347998 -0.032698
v -0.971191 -1.375449 -0.053569
v -0.977080 -1.376622 -0.050010
v -0.983461 -1.376976 -0.047878
v -0.969944 -1.402783 -0.065408
v -0.976074 -1.404146 -0.061643
v -0.982832 -1.404722 -0.059483
v -0.968644 -1.436532 -0.081114
v -0.974570 -1.438851 -0.077366
v -0.981256 -1.440322 -0.075316
v -0.965794 -1.495485 -0.112031
v -0.971695 -1.499749 -0.108015
v -0.978490 -1.503314 -0.105791
v -0.985027 -1.536935 -0.108036
v -0.985242 -1.527725 -0.109566
v -0.985504 -1.517906 -0.108694
v -1.002205 -1.545177 -0.104596
v -1.011454 -1.540940 -0.108010
v -1.017794 -1.537583 -0.113389
v -1.081866 -1.485091 -0.116464
v -1.088670 -1.485804 -0.120136
v -1.096802 -1.487565 -0.122291
v -1.069554 -1.509175 -0.126626
v -1.072281 -1.501023 -0.121181
v -1.074788 -1.493022 -0.115954
v -1.071733 -1.518184 -0.137602
v -1.078958 -1.520653 -0.140917
v -1.087529 -1.523959 -0.142208
v -1.103441 -1.498489 -0.127026
v -1.101108 -1.507912 -0.131636
v -1.098786 -1.517830 -0.136606
v -1.074716 -1.487754 -0.104488
v -1.074697 -1.490909 -0.096998
v -1.076659 -1.494675 -0.089622
v -1.072921 -1.518474 -0.093340
v -1.075575 -1.511730 -0.090114
v -1.078010 -1.504982 -0.086693
v -1.064250 -1.517246 -0.124132
v -1.064320 -1.518871 -0.114814
v -1.066392 -1.521520 -0.105147
v -1.105600 -1.531493 -0.139687
v -1.113691 -1.535068 -0.136240
v -1.120310 -1.538175 -0.131499
v -1.131852 -1.511707 -0.115843
v -1.129420 -1.521070 -0.119225
v -1.127012 -1.530867 -0.122567
v -1.114397 -1.493172 -0.122293
v -1.122529 -1.496537 -0.120287
v -1.129321 -1.499988 -0.117062
v -1.126794 -1.542059 -0.118669
v -1.126372 -1.542802 -0.111170
v -1.123905 -1.543008 -0.103560
v -1.123025 -1.549883 -0.128060
v -1.121479 -1.559582 -0.130062
v -1.120023 -1.570674 -0.131724
v -1.117618 -1.550852 -0.097233
v -1.115853 -1.559448 -0.097777
v -1.114357 -1.569549 -0.098041
v -1.107437 -1.483149 -0.119666
v -1.108990 -1.477344 -0.116925
v -1.110334 -1.472261 -0.114562
v -1.088582 -1.463409 -0.103744
v -1.095089 -1.463792 -0.108110
v -1.102957 -1.465222 -0.111021
v -1.079051 -1.479420 -0.107168
v -1.080844 -1.473997 -0.103726
v -1.082495 -1.469076 -0.100733
v -1.082030 -1.466606 -0.091190
v -1.082287 -1.469887 -0.083872
v -1.084510 -1.473619 -0.076840
v -1.082385 -1.492721 -0.079867
v -1.084410 -1.487351 -0.076656
v -1.086388 -1.482262 -0.073639
v -1.136012 -1.496264 -0.110020
v -1.137588 -1.490345 -0.107679
v -1.138887 -1.485181 -0.105501
v -1.120221 -1.470292 -0.112104
v -1.128301 -1.473511 -0.110369
v -1.135108 -1.476941 -0.107367
v -1.136369 -1.506309 -0.107363
v -1.136276 -1.508855 -0.101413
v -1.134147 -1.510841 -0.095287
v -1.135965 -1.495042 -0.083555
v -1.134454 -1.500188 -0.085609
v -1.132565 -1.505836 -0.087526
v -1.142351 -1.483693 -0.098380
v -1.142443 -1.486590 -0.092878
v -1.140578 -1.488849 -0.087074
v -1.112714 -1.462536 -0.110125
v -1.113932 -1.457097 -0.107484
v -1.115309 -1.450783 -0.104088
v -1.095073 -1.439925 -0.090491
v -1.101165 -1.440007 -0.094962
v -1.108674 -1.441164 -0.098058
v -1.085639 -1.459374 -0.095432
v -1.087275 -1.454012 -0.092608
v -1.089054 -1.447994 -0.089201
v -1.089562 -1.443549 -0.078321
v -1.090337 -1.446936 -0.071486
v -1.092921 -1.450760 -0.065004
v -1.090376 -1.472176 -0.068291
v -1.092452 -1.466810 -0.065729
v -1.094607 -1.460989 -0.062900
v -1.140881 -1.475615 -0.100885
v -1.141776 -1.470393 -0.098040
v -1.142789 -1.464285 -0.094541
v -1.125333 -1.446033 -0.099374
v -1.133120 -1.449371 -0.097598
v -1.139601 -1.453042 -0.094458
v -1.139123 -1.474962 -0.071858
v -1.138466 -1.480582 -0.075480
v -1.137863 -1.485532 -0.078585
v -1.145993 -1.460550 -0.084958
v -1.145658 -1.463886 -0.079206
v -1.143523 -1.466554 -0.073302
v -1.118909 -1.434288 -0.093762
v -1.121018 -1.424659 -0.087201
v -1.123056 -1.415261 -0.080625
v -1.103561 -1.407476 -0.066156
v -1.109473 -1.406164 -0.070105
v -1.116771 -1.406023 -0.073064
v -1.093292 -1.433215 -0.079365
v -1.095618 -1.424936 -0.073217
v -1.097819 -1.416961 -0.067044
v -1.098306 -1.413683 -0.056387
v -1.099131 -1.418071 -0.051244
v -1.101679 -1.422618 -0.046467
v -1.099198 -1.447395 -0.055471
v -1.101509 -1.440010 -0.051004
v -1.103647 -1.432948 -0.046535
v -1.145684 -1.447853 -0.084818
v -1.147493 -1.438049 -0.078941
v -1.149271 -1.428400 -0.073105
v -1.132916 -1.409067 -0.075010
v -1.140417 -1.412021 -0.073857
v -1.146610 -1.415686 -0.071437
v -1.141410 -1.460258 -0.062841
v -1.143041 -1.451576 -0.057763
v -1.144723 -1.443029 -0.052802
v -1.152486 -1.424350 -0.063366
v -1.151961 -1.428725 -0.058303
v -1.149714 -1.432564 -0.053145
v -1.126097 -1.400606 -0.070179
v -1.126991 -1.395829 -0.066700
v -1.127599 -1.392246 -0.063990
v -1.107047 -1.391566 -0.052983
v -1.112894 -1.389650 -0.056864
v -1.120116 -1.388924 -0.059886
v -1.101063 -1.404585 -0.057032
v -1.102029 -1.400490 -0.053571
v -1.102715 -1.397311 -0.050842
v -1.101987 -1.398757 -0.044000
v -1.102941 -1.403453 -0.039531
v -1.105599 -1.408178 -0.035465
v -1.106873 -1.421904 -0.039104
v -1.107929 -1.418125 -0.036371
v -1.108751 -1.415073 -0.034092
v -1.151915 -1.413206 -0.063692
v -1.152663 -1.408222 -0.060403
v -1.153146 -1.404511 -0.057729
v -1.135981 -1.391131 -0.062067
v -1.143299 -1.393882 -0.061034
v -1.149342 -1.397465 -0.058757
v -1.147399 -1.429407 -0.044699
v -1.148261 -1.424766 -0.041751
v -1.148911 -1.421130 -0.039306
v -1.155196 -1.406237 -0.051118
v -1.154804 -1.410788 -0.046357
v -1.152737 -1.414890 -0.041555
v -1.128402 -1.386956 -0.059542
v -1.128759 -1.384615 -0.057312
v -1.129154 -1.382200 -0.054866
v -1.109180 -1.380905 -0.043494
v -1.114868 -1.379349 -0.047384
v -1.121914 -1.378881 -0.050368
v -1.103755 -1.392114 -0.046537
v -1.104278 -1.389527 -0.044443
v -1.104857 -1.386720 -0.042046
v -1.104389 -1.387137 -0.034546
v -1.105440 -1.391322 -0.030139
v -1.108158 -1.395610 -0.026129
v -1.110124 -1.409715 -0.030193
v -1.110781 -1.406827 -0.028163
v -1.111415 -1.403503 -0.025768
v -1.153707 -1.399277 -0.053106
v -1.153941 -1.396943 -0.050691
v -1.154217 -1.394263 -0.047960
v -1.137377 -1.381223 -0.052150
v -1.144516 -1.383828 -0.050799
v -1.150454 -1.387105 -0.048245
v -1.149926 -1.415346 -0.035122
v -1.150412 -1.412464 -0.032949
v -1.150926 -1.409121 -0.030410
v -1.156484 -1.394779 -0.040524
v -1.156350 -1.398651 -0.035968
v -1.154562 -1.402147 -0.031429
v -1.130244 -1.376414 -0.048778
v -1.130943 -1.372986 -0.045193
v -1.131690 -1.369372 -0.041502
v -1.113397 -1.364258 -0.027361
v -1.118897 -1.364898 -0.032487
v -1.125411 -1.365308 -0.036082
v -1.106319 -1.379803 -0.035387
v -1.107219 -1.375398 -0.031009
v -1.108223 -1.370113 -0.026065
v -1.108448 -1.366223 -0.015641
v -1.109641 -1.369489 -0.011634
v -1.112196 -1.372669 -0.007890
v -1.112613 -1.394717 -0.019016
v -1.113325 -1.389089 -0.014605
v -1.114308 -1.382690 -0.009726
v -1.155105 -1.386338 -0.040872
v -1.155769 -1.380785 -0.036450
v -1.156582 -1.374198 -0.031540
v -1.139540 -1.366231 -0.037768
v -1.146322 -1.366661 -0.035740
v -1.152422 -1.366691 -0.031940
v -1.152136 -1.399729 -0.023370
v -1.152792 -1.393473 -0.018833
v -1.153393 -1.386339 -0.013859
v -1.159220 -1.369555 -0.021331
v -1.158747 -1.372935 -0.017036
v -1.156887 -1.375956 -0.012734
v -1.110251 -1.355648 -0.012065
v -1.112226 -1.348752 -0.005871
v -1.115165 -1.342232 -0.000688
v -1.122306 -1.346734 0.009751
v -1.120773 -1.343278 0.007847
v -1.119520 -1.339902 0.005497
v -1.117629 -1.367906 0.000629
v -1.119812 -1.360401 0.005279
v -1.121948 -1.353889 0.008801
v -1.154154 -1.370137 -0.003458
v -1.154189 -1.362088 0.001218
v -1.153941 -1.355200 0.004861
v -1.157079 -1.341451 0.001338
v -1.156175 -1.344634 0.003690
v -1.154824 -1.347933 0.005758
v -1.159532 -1.358083 -0.017641
v -1.159917 -1.350933 -0.011139
v -1.159189 -1.344190 -0.005423
v -1.151401 -1.349481 0.009561
v -1.148064 -1.348379 0.012371
v -1.144032 -1.347756 0.014468
v -1.149892 -1.380348 -0.005008
v -1.145208 -1.381562 -0.002013
v -1.140083 -1.382117 0.000147
v -1.138606 -1.355424 0.014032
v -1.137331 -1.364223 0.010788
v -1.135986 -1.373291 0.006375
v -1.133888 -1.389895 -0.004038
v -1.133244 -1.396811 -0.009253
v -1.132747 -1.402759 -0.014069
v -1.147503 -1.406871 -0.023806
v -1.142825 -1.407899 -0.021117
v -1.137682 -1.408151 -0.019235
v -1.131787 -1.411763 -0.021414
v -1.131230 -1.415079 -0.023914
v -1.130629 -1.417945 -0.025957
v -1.145313 -1.420145 -0.033560
v -1.140580 -1.421092 -0.030808
v -1.135416 -1.421180 -0.028895
v -1.129330 -1.423417 -0.029724
v -1.128551 -1.426662 -0.031872
v -1.127568 -1.430735 -0.034410
v -1.141952 -1.437014 -0.044305
v -1.137092 -1.437459 -0.041121
v -1.131817 -1.437034 -0.038838
v -1.124669 -1.442676 -0.041204
v -1.122826 -1.450233 -0.045274
v -1.120928 -1.457997 -0.049366
v -1.135670 -1.468792 -0.062593
v -1.130600 -1.468311 -0.058368
v -1.125028 -1.467060 -0.055155
v -1.117574 -1.471588 -0.056343
v -1.116156 -1.477093 -0.059109
v -1.114754 -1.482156 -0.061660
v -1.120092 -1.488786 -0.066825
v -1.126549 -1.490005 -0.070772
v -1.132313 -1.490562 -0.075700
v -1.111507 -1.492343 -0.066944
v -1.109528 -1.497880 -0.069729
v -1.107300 -1.503798 -0.072404
v -1.111966 -1.511678 -0.076690
v -1.118845 -1.512547 -0.079895
v -1.125083 -1.512721 -0.084208
v -1.122228 -1.534886 -0.094950
v -1.124954 -1.526916 -0.093253
v -1.127713 -1.519249 -0.091362
v -1.114204 -1.542596 -0.089886
v -1.107727 -1.541971 -0.084700
v -1.100720 -1.540792 -0.081156
v -1.102103 -1.516964 -0.076769
v -1.099248 -1.524115 -0.078256
v -1.096375 -1.531454 -0.079229
v -1.126447 -1.348627 0.012796
v -1.130532 -1.347835 0.014726
v -1.135013 -1.347495 0.015707
v -1.123726 -1.332284 0.006347
v -1.129029 -1.329338 0.008161
v -1.134627 -1.327706 0.008956
v -1.140139 -1.340928 0.015261
v -1.140328 -1.335562 0.013511
v -1.140306 -1.331125 0.011116
v -1.156052 -1.358955 -0.024100
v -1.154409 -1.354215 -0.022469
v -1.152716 -1.350207 -0.020613
v -1.148883 -1.347771 -0.020406
v -1.145069 -1.348084 -0.021810
v -1.140520 -1.348078 -0.022548
v -1.133171 -1.362063 -0.034535
v -1.133909 -1.358128 -0.031080
v -1.134706 -1.353528 -0.027161
v -1.130715 -1.347614 -0.021258
v -1.126225 -1.347197 -0.019365
v -1.122547 -1.346540 -0.017064
v -1.112409 -1.356832 -0.018930
v -1.115231 -1.352434 -0.017710
v -1.118035 -1.348634 -0.016329
v -1.150629 -1.327823 -0.002176
v -1.147495 -1.325324 -0.000852
v -1.143679 -1.323724 -0.000031
v -1.156785 -1.335119 -0.001623
v -1.155612 -1.332431 -0.002164
v -1.154043 -1.330803 -0.002802
v -1.154294 -1.333645 0.003199
v -1.150285 -1.330285 0.005998
v -1.145518 -1.328192 0.007855
v -1.140170 -1.324074 0.007165
v -1.140095 -1.321835 0.005673
v -1.139887 -1.321277 0.003670
v -1.135031 -1.323267 0.000827
v -1.130720 -1.324445 0.000832
v -1.126827 -1.326595 0.000261
v -1.120637 -1.341945 -0.011744
v -1.121585 -1.336745 -0.007322
v -1.122907 -1.331957 -0.003264
v -1.136647 -1.341053 -0.016582
v -1.137714 -1.333903 -0.010314
v -1.138687 -1.327536 -0.004371
v -1.152099 -1.343448 -0.015549
v -1.152685 -1.338276 -0.010912
v -1.152821 -1.333461 -0.006528
v -1.119598 -1.333373 0.002154
v -1.120967 -1.330739 0.001321
v -1.122676 -1.329230 0.000392
v -1.094859 -1.537211 -0.146782
v -1.093229 -1.547038 -0.151621
v -1.091565 -1.558086 -0.156083
v -1.063509 -1.523991 -0.137180
v -1.059937 -1.530544 -0.142364
v -1.055593 -1.537093 -0.147982
v -1.066754 -1.530633 -0.098667
v -1.062875 -1.535446 -0.100943
v -1.058048 -1.539053 -0.103375
v -1.119889 -1.378011 -0.001822
v -1.124544 -1.379928 0.000169
v -1.129553 -1.381277 0.001255
v -1.116562 -1.402677 -0.020288
v -1.121563 -1.405049 -0.018703
v -1.126860 -1.406710 -0.018008
v -1.114040 -1.415639 -0.029652
v -1.119121 -1.417990 -0.028152
v -1.124503 -1.419599 -0.027552
v -1.110063 -1.430112 -0.039573
v -1.115206 -1.432663 -0.037814
v -1.120686 -1.434577 -0.037139
v -1.101727 -1.457867 -0.055610
v -1.107235 -1.460726 -0.053284
v -1.113125 -1.463177 -0.052484
v -1.093510 -1.480402 -0.066549
v -1.099604 -1.483022 -0.064026
v -1.106298 -1.485232 -0.063258
v -1.085191 -1.502162 -0.078544
v -1.091125 -1.505335 -0.075632
v -1.097768 -1.508020 -0.074413
v -1.074762 -1.528642 -0.088952
v -1.080408 -1.532456 -0.083666
v -1.086753 -1.535970 -0.080515
v -1.055455 -1.545803 -0.096696
v -1.060021 -1.551988 -0.088876
v -1.065939 -1.560182 -0.082804
v -1.090906 -1.546183 -0.079556
v -1.087704 -1.553749 -0.079127
v -1.083112 -1.561947 -0.078648
v -1.107265 -1.581090 -0.090311
v -1.099613 -1.579811 -0.083785
v -1.089491 -1.577489 -0.079354
v -1.011228 -1.562866 -0.095419
v -1.033526 -1.569100 -0.088638
v -1.054262 -1.572409 -0.082730
v -0.983796 -1.574674 -0.097436
v -0.982968 -1.596781 -0.093586
v -0.981984 -1.619143 -0.090322
v -0.954610 -1.639844 -0.090138
v -0.928890 -1.638185 -0.092275
v -0.904186 -1.636208 -0.093560
v -1.073593 -1.590225 -0.077786
v -1.072961 -1.608083 -0.077327
v -1.072374 -1.626818 -0.076856
v -1.006567 -1.642319 -0.083232
v -1.031062 -1.643357 -0.079444
v -1.053090 -1.644521 -0.076767
v -1.102866 -1.652730 -0.090703
v -1.095713 -1.650264 -0.083682
v -1.085551 -1.647964 -0.078664
v -0.782424 -1.678472 -0.089272
v -0.772459 -1.671998 -0.095627
v -0.764081 -1.667389 -0.103571
v -0.786939 -1.696019 -0.079178
v -0.779139 -1.703445 -0.073433
v -0.770583 -1.708905 -0.067850
v -0.743118 -1.692793 -0.095208
v -0.748348 -1.696770 -0.083869
v -0.754480 -1.703678 -0.073179
v -1.070127 -1.665236 -0.075419
v -1.068156 -1.684399 -0.074303
v -1.065623 -1.703486 -0.072846
v -0.999181 -1.720771 -0.069668
v -1.023097 -1.720374 -0.068359
v -1.044508 -1.720805 -0.068490
v -0.979156 -1.662410 -0.083479
v -0.977351 -1.682772 -0.079564
v -0.975461 -1.702442 -0.075510
v -1.094738 -1.733643 -0.093712
v -1.087100 -1.729615 -0.084370
v -1.076599 -1.725623 -0.076490
v -0.733620 -1.719210 -0.058253
v -0.742563 -1.718192 -0.058918
v -0.751986 -1.716065 -0.060423
v -0.786900 -1.749682 -0.039420
v -0.777723 -1.736488 -0.046406
v -0.769223 -1.724075 -0.054366
v -0.747584 -1.785934 -0.027571
v -0.764801 -1.778644 -0.027051
v -0.781191 -1.770909 -0.028869
v -0.811327 -1.755540 -0.040833
v -0.825818 -1.747579 -0.050229
v -0.841322 -1.738391 -0.060451
v -0.838278 -1.712720 -0.073952
v -0.821090 -1.702959 -0.076831
v -0.806530 -1.694198 -0.080154
v -0.970580 -1.850187 -0.052820
v -0.969555 -1.832058 -0.053401
v -0.969060 -1.813760 -0.055175
v -0.956921 -1.871766 -0.052670
v -0.941700 -1.873461 -0.050504
v -0.926433 -1.873750 -0.047343
v -0.903663 -1.818127 -0.044990
v -0.908171 -1.836662 -0.043244
v -0.910771 -1.855191 -0.042630
v -0.914182 -1.798450 -0.052867
v -0.931604 -1.797462 -0.056017
v -0.949907 -1.796604 -0.057549
v -0.739566 -1.870095 -0.073178
v -0.749157 -1.866579 -0.056606
v -0.760796 -1.860278 -0.042021
v -0.785546 -1.865891 -0.032785
v -0.797000 -1.879360 -0.035971
v -0.808817 -1.892141 -0.039764
v -0.784602 -1.920060 -0.086809
v -0.796327 -1.917204 -0.070601
v -0.808845 -1.911478 -0.056019
v -0.744044 -1.883212 -0.094582
v -0.754812 -1.895989 -0.097734
v -0.764892 -1.908016 -0.100642
v -0.890427 -1.782607 -0.051751
v -0.882190 -1.765339 -0.056751
v -0.872953 -1.747329 -0.062888
v -0.881898 -1.802590 -0.040913
v -0.866660 -1.806314 -0.033149
v -0.851548 -1.811313 -0.025849
v -0.806989 -1.776467 -0.028398
v -0.817339 -1.789817 -0.024472
v -0.827242 -1.803469 -0.021743
v -1.063796 -1.960356 -0.167379
v -1.068148 -1.957840 -0.154968
v -1.067642 -1.955602 -0.142052
v -1.058697 -2.037557 -0.162979
v -1.062362 -2.034973 -0.148449
v -1.061588 -2.032866 -0.133588
v -1.058735 -1.967489 -0.126431
v -1.056667 -1.983744 -0.124092
v -1.055812 -2.004329 -0.121652
v -1.026005 -2.197337 -0.066260
v -1.042700 -2.197329 -0.077192
v -1.056180 -2.197704 -0.090244
v -1.002913 -2.150990 -0.061997
v -0.999344 -2.106155 -0.066361
v -0.996029 -2.065185 -0.070250
v -1.013692 -2.029421 -0.081887
v -1.031547 -2.029460 -0.092622
v -1.045938 -2.030082 -0.105144
v -1.057578 -2.065765 -0.115933
v -1.059882 -2.106528 -0.112608
v -1.062763 -2.151443 -0.109089
v -1.052603 -2.074121 -0.176454
v -1.055647 -2.113495 -0.176444
v -1.059538 -2.156783 -0.176528
v -0.988492 -2.086349 -0.216064
v -0.992059 -2.121784 -0.218138
v -0.996294 -2.160292 -0.220530
v -1.053430 -2.201981 -0.191778
v -1.039325 -2.201520 -0.204586
v -1.021737 -2.200890 -0.215035
v -0.899428 -2.094470 -0.218778
v -0.900230 -2.127356 -0.221638
v -0.901131 -2.162717 -0.225157
v -0.977114 -2.200031 -0.228660
v -0.951751 -2.199874 -0.231620
v -0.926248 -2.199693 -0.231792
v -0.879574 -2.065484 -0.211348
v -0.862723 -2.064777 -0.203247
v -0.848614 -2.063418 -0.192577
v -0.837506 -2.160035 -0.182915
v -0.837946 -2.124227 -0.180821
v -0.838048 -2.091002 -0.179493
v -0.880549 -2.198642 -0.223101
v -0.862235 -2.197872 -0.213945
v -0.847548 -2.197278 -0.201416
v -0.827717 -2.054932 -0.128992
v -0.826755 -2.057448 -0.146469
v -0.830211 -2.059665 -0.163626
v -0.835927 -2.083766 -0.109995
v -0.837799 -2.120162 -0.107412
v -0.839326 -2.159679 -0.104673
v -0.830655 -2.197622 -0.166030
v -0.829066 -2.198565 -0.144612
v -0.832338 -2.199699 -0.122700
v -0.844442 -2.048789 -0.097547
v -0.859744 -2.045304 -0.085078
v -0.878542 -2.041807 -0.075290
v -0.910912 -2.156387 -0.055051
v -0.907004 -2.113031 -0.060658
v -0.903308 -2.073158 -0.065311
v -0.854084 -2.201515 -0.083465
v -0.871663 -2.201905 -0.068193
v -0.892312 -2.201903 -0.056530
v -0.923007 -2.035598 -0.065071
v -0.946843 -2.033165 -0.064836
v -0.970514 -2.031281 -0.067673
v -0.938461 -2.200664 -0.045801
v -0.962095 -2.199623 -0.046580
v -0.985065 -2.198581 -0.050660
v -0.877847 -1.656818 -0.090254
v -0.873526 -1.679074 -0.085688
v -0.868255 -1.701066 -0.079863
v -0.806838 -1.640943 -0.092543
v -0.803939 -1.657965 -0.090498
v -0.799527 -1.673228 -0.087891
v -0.947194 -1.722445 -0.072978
v -0.920150 -1.723345 -0.073714
v -0.892491 -1.724307 -0.073320
v -0.761429 -1.629696 -0.115075
v -0.761018 -1.642610 -0.114822
v -0.759730 -1.654640 -0.114281
v -0.817087 -1.763765 -0.224047
v -0.814644 -1.735908 -0.221968
v -0.812185 -1.709151 -0.219501
v -0.756754 -1.722914 -0.182141
v -0.759313 -1.751197 -0.189664
v -0.762052 -1.779166 -0.195258
v -0.802937 -1.794802 -0.220344
v -0.788426 -1.798088 -0.214001
v -0.775790 -1.801925 -0.206774
v -0.792655 -1.686036 -0.208989
v -0.777807 -1.688581 -0.198824
v -0.765199 -1.691068 -0.186671
v -0.756383 -1.630812 -0.166471
v -0.756788 -1.647907 -0.167769
v -0.756252 -1.667323 -0.169193
v -0.830394 -2.026036 -0.114474
v -0.825970 -2.004544 -0.116743
v -0.819573 -1.985723 -0.119693
v -0.836623 -2.037017 -0.180590
v -0.835139 -2.016152 -0.183335
v -0.833404 -1.997664 -0.187486
v -0.613286 -1.694902 -0.071030
v -0.608495 -1.688691 -0.067106
v -0.604418 -1.684107 -0.064183
v -0.598604 -1.688354 -0.053141
v -0.598378 -1.694478 -0.043593
v -0.600186 -1.698135 -0.033956
v -0.616769 -1.712567 -0.033073
v -0.611755 -1.706353 -0.029844
v -0.607575 -1.702076 -0.027309
v -0.609602 -1.696006 -0.017802
v -0.616373 -1.690555 -0.012234
v -0.623502 -1.683306 -0.008474
v -0.643520 -1.689240 -0.013242
v -0.638309 -1.683011 -0.010737
v -0.634000 -1.678622 -0.008624
v -0.636738 -1.658617 -0.082062
v -0.632100 -1.652707 -0.079019
v -0.628060 -1.648092 -0.076875
v -0.605224 -1.671039 -0.068548
v -0.611023 -1.661322 -0.073237
v -0.617670 -1.652081 -0.075498
v -0.658127 -1.648892 -0.058919
v -0.653232 -1.642738 -0.055551
v -0.648960 -1.637338 -0.052826
v -0.631017 -1.638447 -0.071741
v -0.636805 -1.634736 -0.066084
v -0.641620 -1.632868 -0.058722
v -0.597808 -1.676665 -0.059260
v -0.594884 -1.672851 -0.056680
v -0.591892 -1.668754 -0.053938
v -0.586276 -1.672210 -0.042427
v -0.585695 -1.678340 -0.033048
v -0.586893 -1.682054 -0.023638
v -0.600722 -1.695516 -0.022929
v -0.597494 -1.691966 -0.020599
v -0.593996 -1.687816 -0.017992
v -0.594696 -1.680184 -0.007741
v -0.600606 -1.674837 -0.002115
v -0.606909 -1.667542 0.001818
v -0.626516 -1.671828 -0.004367
v -0.622617 -1.668229 -0.001881
v -0.618175 -1.664082 0.000892
v -0.621344 -1.640580 -0.073032
v -0.618104 -1.636894 -0.070713
v -0.614334 -1.632923 -0.068052
v -0.592508 -1.655026 -0.058020
v -0.597631 -1.645411 -0.062999
v -0.603476 -1.636257 -0.065480
v -0.641723 -1.628471 -0.047627
v -0.638098 -1.624561 -0.044713
v -0.633778 -1.620515 -0.041563
v -0.615439 -1.622628 -0.061360
v -0.620735 -1.618777 -0.055124
v -0.625112 -1.616635 -0.047124
v -0.584784 -1.659223 -0.047842
v -0.580550 -1.653955 -0.044618
v -0.576012 -1.648735 -0.041490
v -0.569224 -1.650352 -0.030257
v -0.567173 -1.654579 -0.020700
v -0.565033 -1.656090 -0.010501
v -0.584995 -1.676677 -0.011488
v -0.579067 -1.669717 -0.007650
v -0.571936 -1.662157 -0.003649
v -0.566777 -1.650737 0.007458
v -0.571513 -1.645695 0.012003
v -0.576220 -1.639077 0.015066
v -0.606417 -1.653108 0.007358
v -0.598827 -1.646290 0.010789
v -0.590147 -1.638941 0.013989
v -0.603423 -1.623251 -0.061601
v -0.595946 -1.617434 -0.057962
v -0.587185 -1.611061 -0.054253
v -0.573402 -1.635527 -0.045266
v -0.575232 -1.625854 -0.049805
v -0.576373 -1.615344 -0.051849
v -0.621051 -1.610628 -0.034579
v -0.612409 -1.604734 -0.030917
v -0.602603 -1.598597 -0.027361
v -0.581567 -1.598218 -0.046060
v -0.586026 -1.595152 -0.039888
v -0.589578 -1.593346 -0.032399
v -0.553129 -1.644078 0.007297
v -0.544725 -1.635365 0.010782
v -0.537048 -1.626767 0.012200
v -0.534289 -1.616207 0.014284
v -0.537993 -1.613135 0.016533
v -0.541979 -1.610078 0.018004
v -0.569933 -1.623872 0.018566
v -0.559716 -1.617052 0.019490
v -0.551021 -1.611485 0.019359
v -0.580818 -1.586916 -0.021235
v -0.570145 -1.582236 -0.018828
v -0.560943 -1.578977 -0.016877
v -0.551900 -1.576982 -0.018477
v -0.548291 -1.577167 -0.022166
v -0.544641 -1.578087 -0.025594
v -0.566547 -1.593469 -0.044749
v -0.557461 -1.586636 -0.039353
v -0.548724 -1.581900 -0.033804
v -0.552204 -1.577314 -0.011441
v -0.549138 -1.578361 -0.005782
v -0.546501 -1.580919 0.000198
v -0.592887 -1.592610 -0.015430
v -0.592676 -1.593795 -0.006952
v -0.591647 -1.596408 0.000813
v -0.578049 -1.594955 0.008562
v -0.565818 -1.590172 0.008679
v -0.554350 -1.586728 0.007773
v -0.601344 -1.607290 0.004970
v -0.611385 -1.614116 0.001787
v -0.620142 -1.620828 -0.001838
v -0.629838 -1.616558 -0.029038
v -0.630090 -1.618511 -0.020238
v -0.629226 -1.621949 -0.012242
v -0.633394 -1.632345 -0.008947
v -0.638185 -1.637006 -0.012085
v -0.642286 -1.641262 -0.014969
v -0.647309 -1.633810 -0.041465
v -0.648067 -1.636362 -0.032732
v -0.647619 -1.640235 -0.024618
v -0.659867 -1.660280 -0.026094
v -0.654566 -1.654516 -0.022876
v -0.650096 -1.649683 -0.020173
v -0.544129 -1.602820 0.017462
v -0.543270 -1.596353 0.014900
v -0.543419 -1.590199 0.010961
v -0.526212 -1.610493 0.009013
v -0.523575 -1.603101 0.004890
v -0.522668 -1.596354 -0.000236
v -0.537038 -1.584924 0.003309
v -0.531440 -1.586245 0.000220
v -0.527099 -1.588266 -0.002952
v -0.566931 -1.603456 -0.048640
v -0.560507 -1.603701 -0.046555
v -0.555045 -1.603915 -0.044017
v -0.551040 -1.608247 -0.040506
v -0.550482 -1.614025 -0.037822
v -0.549366 -1.620000 -0.033723
v -0.566455 -1.639523 -0.036127
v -0.561199 -1.635347 -0.033790
v -0.555169 -1.630850 -0.031347
v -0.546661 -1.630166 -0.022650
v -0.545288 -1.633586 -0.016639
v -0.543788 -1.635628 -0.011127
v -0.555013 -1.648519 -0.001951
v -0.549930 -1.644147 -0.004072
v -0.545627 -1.639841 -0.005933
v -0.526747 -1.589085 -0.027390
v -0.522938 -1.591712 -0.023552
v -0.520074 -1.595611 -0.019309
v -0.536904 -1.580942 -0.029614
v -0.533433 -1.582861 -0.030148
v -0.531157 -1.585419 -0.030229
v -0.534318 -1.579396 -0.022605
v -0.529214 -1.581486 -0.017034
v -0.525558 -1.585282 -0.011452
v -0.519849 -1.592111 -0.008161
v -0.517214 -1.593927 -0.010184
v -0.516381 -1.596423 -0.012263
v -0.517552 -1.604984 -0.010029
v -0.518095 -1.609799 -0.005572
v -0.519983 -1.614541 -0.001923
v -0.537725 -1.632828 -0.005030
v -0.531466 -1.627610 -0.002522
v -0.525826 -1.622205 -0.000635
v -0.539602 -1.619153 -0.025163
v -0.530990 -1.612266 -0.021509
v -0.523452 -1.605686 -0.017923
v -0.546457 -1.599884 -0.039771
v -0.540180 -1.594808 -0.036593
v -0.534234 -1.590495 -0.032990
v -0.527113 -1.619155 0.008780
v -0.524159 -1.618923 0.005850
v -0.522546 -1.618466 0.002817
v -0.583785 -1.623002 0.016765
v -0.586381 -1.614665 0.015287
v -0.588432 -1.607026 0.012165
v -0.617868 -1.650281 0.004312
v -0.621897 -1.641641 0.002821
v -0.625066 -1.633708 -0.000466
v -0.635811 -1.666933 -0.006624
v -0.640280 -1.659023 -0.008527
v -0.643689 -1.651740 -0.012223
v -0.844729 -1.981561 -0.203711
v -0.860361 -1.982503 -0.211788
v -0.878150 -1.982925 -0.217429
v -0.775704 -1.876686 -0.196333
v -0.771827 -1.854840 -0.200106
v -0.768273 -1.831351 -0.200792
v -0.860375 -1.955911 -0.071419
v -0.840192 -1.962645 -0.084889
v -0.823074 -1.966432 -0.101699
v -0.890562 -1.966578 -0.066631
v -0.893921 -1.986931 -0.069322
v -0.896902 -2.010214 -0.069912
v -1.016966 -1.945482 -0.089300
v -1.036042 -1.949148 -0.102204
v -1.051296 -1.951604 -0.115446
v -1.011969 -1.923794 -0.080457
v -1.027571 -1.911266 -0.083802
v -1.041581 -1.898575 -0.086818
v -1.079244 -1.895972 -0.126592
v -1.072350 -1.894501 -0.114260
v -1.063587 -1.891192 -0.101900
v -1.077531 -1.912421 -0.136371
v -1.071858 -1.926725 -0.133899
v -1.066544 -1.940255 -0.131332
v -1.058228 -1.919479 -0.182148
v -1.057324 -1.934958 -0.181286
v -1.056223 -1.949318 -0.180199
v -0.984317 -1.925117 -0.219317
v -0.984394 -1.943466 -0.217779
v -0.984500 -1.960214 -0.216001
v -0.897946 -1.924114 -0.230378
v -0.897769 -1.945089 -0.227349
v -0.897704 -1.964454 -0.223996
v -1.096202 -1.840609 -0.142858
v -1.092591 -1.860543 -0.141924
v -1.088186 -1.879406 -0.140486
v -1.070819 -1.900797 -0.171916
v -1.078855 -1.899280 -0.161147
v -1.083001 -1.897875 -0.150098
v -0.895723 -1.872549 -0.038172
v -0.881042 -1.871541 -0.033066
v -0.867952 -1.870178 -0.028734
v -0.843794 -1.832549 -0.020269
v -0.850116 -1.847053 -0.021493
v -0.855249 -1.859937 -0.023742
v -0.740003 -1.819914 -0.172148
v -0.747958 -1.815067 -0.182157
v -0.755980 -1.810487 -0.190907
v -1.080626 -1.810988 -0.089288
v -1.070985 -1.804461 -0.077807
v -1.059148 -1.798197 -0.067940
v -1.082310 -1.835049 -0.098888
v -1.074532 -1.852902 -0.096041
v -1.065114 -1.869605 -0.092929
v -1.044941 -1.874985 -0.078379
v -1.036520 -1.863490 -0.068565
v -1.029202 -1.852855 -0.061317
v -1.027860 -1.835702 -0.056676
v -1.033182 -1.822600 -0.056949
v -1.039011 -1.808627 -0.058494
v -0.896816 -1.924878 -0.052922
v -0.904014 -1.907614 -0.048117
v -0.908791 -1.890633 -0.044960
v -0.865499 -1.933016 -0.056917
v -0.849391 -1.923417 -0.052801
v -0.834777 -1.913983 -0.048406
v -0.852518 -1.876047 -0.026789
v -0.843513 -1.885417 -0.029583
v -0.832987 -1.894888 -0.035191
v -0.739415 -1.848829 -0.160303
v -0.746403 -1.866160 -0.160388
v -0.752252 -1.880041 -0.159289
v -0.771806 -1.895018 -0.180290
v -0.764987 -1.892851 -0.171818
v -0.759711 -1.890779 -0.163813
v -0.971991 -1.740320 -0.067640
v -0.970634 -1.758797 -0.064037
v -0.969642 -1.777125 -0.060721
v -0.989017 -1.793693 -0.056996
v -1.008895 -1.792165 -0.056433
v -1.027797 -1.791818 -0.057299
v -1.058935 -1.741321 -0.068724
v -1.054782 -1.759698 -0.066167
v -1.050072 -1.777256 -0.063488
v -0.788839 -1.843301 -0.022509
v -0.804411 -1.834205 -0.018344
v -0.820361 -1.825484 -0.017685
v -0.739521 -1.810406 -0.028865
v -0.750962 -1.824885 -0.028448
v -0.762569 -1.838625 -0.028953
v -0.783829 -1.929477 -0.107368
v -0.792720 -1.939695 -0.111746
v -0.801020 -1.950863 -0.117103
v -0.766734 -1.914053 -0.120425
v -0.761286 -1.905969 -0.135899
v -0.757965 -1.896709 -0.149040
v -0.974338 -1.885473 -0.056770
v -0.977688 -1.902626 -0.061432
v -0.982945 -1.919725 -0.067620
v -0.914880 -1.944935 -0.060394
v -0.939775 -1.943943 -0.062897
v -0.964403 -1.942137 -0.067643
v -0.989518 -1.959715 -0.077286
v -0.989351 -1.979249 -0.076996
v -0.990727 -2.001884 -0.075690
v -0.987283 -1.862002 -0.054194
v -1.001796 -1.855183 -0.054538
v -1.014826 -1.849293 -0.055675
v -1.070417 -2.201501 -0.159452
v -1.073012 -2.200562 -0.141103
v -1.071547 -2.199458 -0.122735
v -0.869385 -1.614245 -0.219780
v -0.846341 -1.615978 -0.218439
v -0.824394 -1.616947 -0.215213
v -0.870678 -1.636223 -0.222560
v -0.847709 -1.636455 -0.221177
v -0.825864 -1.637261 -0.217791
v -0.871997 -1.659308 -0.224847
v -0.849240 -1.658745 -0.223526
v -0.827601 -1.659196 -0.220158
v -0.917845 -1.664129 -0.222430
v -0.940295 -1.668338 -0.219034
v -0.962583 -1.673471 -0.214274
v -0.916624 -1.640399 -0.220328
v -0.938970 -1.644778 -0.217031
v -0.961182 -1.649738 -0.212390
v -0.915817 -1.617581 -0.217861
v -0.937840 -1.622548 -0.214812
v -0.959709 -1.626673 -0.210376
v -1.007155 -1.686220 -0.200981
v -1.028721 -1.693201 -0.192855
v -1.048689 -1.699826 -0.184176
v -1.006253 -1.663559 -0.199577
v -1.028426 -1.671750 -0.191802
v -1.049076 -1.679124 -0.183467
v -1.005482 -1.641652 -0.198091
v -1.028123 -1.651595 -0.190778
v -1.049383 -1.659276 -0.182874
v -1.011526 -1.610755 -0.193471
v -1.028191 -1.620510 -0.188722
v -1.044807 -1.625340 -0.183228
v -1.016867 -1.602378 -0.190622
v -1.028573 -1.609612 -0.187432
v -1.040739 -1.612590 -0.183463
v -1.020787 -1.594805 -0.187852
v -1.029030 -1.599876 -0.185660
v -1.037824 -1.601802 -0.182759
v -0.737281 -1.709617 -0.144836
v -0.742394 -1.702181 -0.148030
v -0.746772 -1.692225 -0.151245
v -0.738842 -1.698182 -0.133326
v -0.743623 -1.691164 -0.135535
v -0.747467 -1.682178 -0.137472
v -0.741267 -1.691012 -0.121083
v -0.746075 -1.684555 -0.122792
v -0.749937 -1.676418 -0.124211
v -0.838932 -1.819513 -0.229501
v -0.839982 -1.848045 -0.229046
v -0.840809 -1.875432 -0.227475
v -0.858103 -1.818791 -0.231792
v -0.858607 -1.847443 -0.231729
v -0.858893 -1.875041 -0.230770
v -0.878411 -1.818776 -0.232815
v -0.878443 -1.847351 -0.233194
v -0.878291 -1.874947 -0.232812
v -0.921052 -1.820926 -0.231057
v -0.920496 -1.849089 -0.232159
v -0.919855 -1.876336 -0.232635
v -0.942813 -1.822979 -0.228136
v -0.942147 -1.850829 -0.229450
v -0.941445 -1.877750 -0.230181
v -0.964564 -1.825516 -0.223667
v -0.963877 -1.852901 -0.225106
v -0.963198 -1.879321 -0.226002
v -1.007088 -1.831485 -0.209623
v -1.006505 -1.857247 -0.211101
v -1.005997 -1.881935 -0.212143
v -1.027048 -1.834483 -0.200486
v -1.026500 -1.859143 -0.201878
v -1.026038 -1.882672 -0.202898
v -1.045373 -1.837097 -0.190674
v -1.044771 -1.860614 -0.191900
v -1.044231 -1.882961 -0.192801
v -0.718909 -1.750359 -0.151382
v -0.708491 -1.749045 -0.145646
v -0.698000 -1.746217 -0.140197
v -0.716818 -1.770737 -0.154064
v -0.704989 -1.767156 -0.147275
v -0.693286 -1.762362 -0.141057
v -0.715376 -1.792445 -0.153295
v -0.702041 -1.785735 -0.145367
v -0.689209 -1.778610 -0.138444
v -0.730976 -1.463402 -0.144162
v -0.734694 -1.480786 -0.148935
v -0.738375 -1.498285 -0.153727
v -0.738025 -1.459052 -0.150595
v -0.741949 -1.476315 -0.155587
v -0.745846 -1.493704 -0.160708
v -0.746899 -1.454560 -0.155254
v -0.750980 -1.471549 -0.160328
v -0.755052 -1.488662 -0.165619
v -0.733040 -1.472360 -0.110016
v -0.735481 -1.488719 -0.113307
v -0.737888 -1.505298 -0.116428
v -0.728314 -1.471693 -0.118431
v -0.731075 -1.488462 -0.122094
v -0.733797 -1.505405 -0.125589
v -0.725979 -1.469955 -0.127478
v -0.729094 -1.487069 -0.131544
v -0.732168 -1.504318 -0.135470
v -0.728994 -1.698815 -0.116890
v -0.721984 -1.700397 -0.114513
v -0.714941 -1.700772 -0.112065
v -0.726196 -1.706383 -0.127973
v -0.718724 -1.707874 -0.124897
v -0.711140 -1.708018 -0.121758
v -0.723706 -1.717635 -0.137823
v -0.715500 -1.718710 -0.133928
v -0.707138 -1.718312 -0.130036
v -0.680345 -1.738427 -0.131197
v -0.673532 -1.733514 -0.127263
v -0.667355 -1.727201 -0.122851
v -0.674293 -1.751992 -0.131295
v -0.667323 -1.746350 -0.127249
v -0.661158 -1.739490 -0.122785
v -0.669133 -1.765552 -0.128146
v -0.662075 -1.759205 -0.124088
v -0.655958 -1.751859 -0.119674
v -0.702339 -1.698873 -0.107243
v -0.696828 -1.696554 -0.104536
v -0.691382 -1.692938 -0.101097
v -0.697562 -1.705376 -0.115844
v -0.691710 -1.702559 -0.112765
v -0.686032 -1.698331 -0.109019
v -0.692319 -1.714469 -0.123017
v -0.686091 -1.711012 -0.119587
v -0.680170 -1.706058 -0.115553
v -0.716864 -1.706452 -0.067156
v -0.711210 -1.703865 -0.065705
v -0.705455 -1.699901 -0.063353
v -0.714126 -1.699173 -0.077341
v -0.708798 -1.696973 -0.075593
v -0.703348 -1.693550 -0.072958
v -0.710681 -1.695515 -0.087613
v -0.705476 -1.693515 -0.085574
v -0.700177 -1.690344 -0.082689
v -0.651106 -1.773605 -0.102918
v -0.652094 -1.781647 -0.090293
v -0.655359 -1.787097 -0.076662
v -0.657208 -1.781853 -0.106906
v -0.658289 -1.790337 -0.093906
v -0.661733 -1.796228 -0.079802
v -0.664308 -1.789457 -0.110673
v -0.665399 -1.798481 -0.097357
v -0.668895 -1.804857 -0.082808
v -0.668436 -1.788276 -0.052011
v -0.677163 -1.783686 -0.042945
v -0.685982 -1.775862 -0.036788
v -0.675479 -1.798267 -0.053952
v -0.684733 -1.793962 -0.044206
v -0.694160 -1.786132 -0.037413
v -0.683049 -1.807704 -0.055634
v -0.692897 -1.803634 -0.044971
v -0.703360 -1.795737 -0.037117
v -0.774935 -1.479002 -0.167553
v -0.784046 -1.475159 -0.164584
v -0.791759 -1.472402 -0.159563
v -0.770582 -1.462943 -0.162631
v -0.779603 -1.459795 -0.160149
v -0.787298 -1.457733 -0.155665
v -0.766292 -1.446895 -0.157918
v -0.775270 -1.444336 -0.155828
v -0.782991 -1.442862 -0.151769
v -0.808814 -1.492418 -0.150097
v -0.812874 -1.499189 -0.151829
v -0.817347 -1.504111 -0.153377
v -0.809431 -1.493475 -0.141449
v -0.813441 -1.499861 -0.142887
v -0.817804 -1.504150 -0.143968
v -0.807983 -1.495939 -0.133040
v -0.811970 -1.502293 -0.134385
v -0.816436 -1.506438 -0.135303
v -0.740002 -1.426549 -0.147137
v -0.737405 -1.416325 -0.144162
v -0.735238 -1.407819 -0.141538
v -0.731343 -1.430634 -0.142584
v -0.728813 -1.420293 -0.139677
v -0.726709 -1.411706 -0.137124
v -0.724589 -1.434812 -0.136438
v -0.722146 -1.424430 -0.133646
v -0.720121 -1.415814 -0.131187
v -0.720393 -1.441913 -0.120785
v -0.718122 -1.431775 -0.118355
v -0.716209 -1.423350 -0.116173
v -0.723166 -1.444308 -0.112369
v -0.720954 -1.434433 -0.110150
v -0.719054 -1.426217 -0.108127
v -0.728271 -1.445737 -0.104539
v -0.726091 -1.436162 -0.102510
v -0.724174 -1.428181 -0.100624
v -0.776079 -1.417750 -0.144990
v -0.773605 -1.408311 -0.142162
v -0.771550 -1.400273 -0.139446
v -0.768228 -1.418419 -0.148555
v -0.765681 -1.408756 -0.145640
v -0.763566 -1.400587 -0.142913
v -0.759211 -1.420189 -0.150203
v -0.756607 -1.410319 -0.147229
v -0.754437 -1.402032 -0.144517
v -0.788002 -1.425819 -0.117245
v -0.785678 -1.417293 -0.114859
v -0.783553 -1.409908 -0.112497
v -0.788033 -1.422720 -0.125193
v -0.785701 -1.414001 -0.122698
v -0.783637 -1.406458 -0.120220
v -0.786165 -1.420066 -0.132893
v -0.783808 -1.411112 -0.130283
v -0.781783 -1.403395 -0.127696
v -0.731718 -1.393233 -0.136148
v -0.730178 -1.386004 -0.132946
v -0.728697 -1.378195 -0.129226
v -0.723378 -1.396990 -0.131852
v -0.721976 -1.389685 -0.128699
v -0.720655 -1.381785 -0.125032
v -0.717002 -1.401016 -0.126040
v -0.715751 -1.393641 -0.122933
v -0.714601 -1.385649 -0.119326
v -0.713433 -1.408690 -0.111378
v -0.712455 -1.401253 -0.108412
v -0.711605 -1.393127 -0.104986
v -0.716353 -1.411775 -0.103541
v -0.715464 -1.404356 -0.100665
v -0.714708 -1.396207 -0.097358
v -0.721463 -1.414005 -0.096216
v -0.720607 -1.406630 -0.093422
v -0.719887 -1.398490 -0.090228
v -0.767927 -1.386083 -0.133505
v -0.766132 -1.378959 -0.129988
v -0.764302 -1.371296 -0.126003
v -0.759916 -1.386330 -0.137073
v -0.758158 -1.379219 -0.133625
v -0.756385 -1.371563 -0.129693
v -0.750764 -1.387691 -0.138832
v -0.749048 -1.380568 -0.135477
v -0.747341 -1.372888 -0.131619
v -0.779474 -1.396015 -0.107136
v -0.777392 -1.388667 -0.103887
v -0.775255 -1.380776 -0.100163
v -0.779723 -1.392472 -0.114610
v -0.777711 -1.385174 -0.111232
v -0.775636 -1.377341 -0.107381
v -0.778030 -1.389332 -0.121873
v -0.776106 -1.382103 -0.118392
v -0.774120 -1.374342 -0.114445
v -0.725676 -1.359245 -0.119816
v -0.724160 -1.348573 -0.114485
v -0.722753 -1.338261 -0.109352
v -0.717996 -1.362579 -0.115779
v -0.716656 -1.351763 -0.110542
v -0.715392 -1.341329 -0.105487
v -0.712306 -1.366188 -0.110295
v -0.711133 -1.355231 -0.105207
v -0.710004 -1.344678 -0.100288
v -0.709855 -1.373251 -0.096629
v -0.708889 -1.362064 -0.092002
v -0.707917 -1.351316 -0.087523
v -0.713077 -1.376221 -0.089420
v -0.712126 -1.364974 -0.085077
v -0.711157 -1.354175 -0.080876
v -0.718255 -1.378498 -0.082708
v -0.717264 -1.367253 -0.078650
v -0.716250 -1.356459 -0.074728
v -0.760448 -1.353029 -0.116416
v -0.758519 -1.342860 -0.111181
v -0.756743 -1.333023 -0.106207
v -0.752667 -1.353180 -0.120092
v -0.750804 -1.342890 -0.114791
v -0.749091 -1.332927 -0.109740
v -0.743784 -1.354357 -0.122042
v -0.742002 -1.343948 -0.116689
v -0.740364 -1.333870 -0.111571
v -0.770777 -1.362761 -0.091106
v -0.768564 -1.353116 -0.086122
v -0.766548 -1.343886 -0.081365
v -0.771278 -1.359296 -0.098087
v -0.769119 -1.349547 -0.093002
v -0.767150 -1.340190 -0.088163
v -0.769938 -1.356242 -0.104999
v -0.767859 -1.346353 -0.099863
v -0.765954 -1.336831 -0.094987
v -0.818807 -1.960717 -0.187726
v -0.816354 -1.942240 -0.196769
v -0.814031 -1.922333 -0.205462
v -0.810080 -1.958349 -0.173904
v -0.806295 -1.940215 -0.185436
v -0.802862 -1.920823 -0.196371
v -0.803419 -1.954935 -0.159002
v -0.797843 -1.937360 -0.173575
v -0.793189 -1.918695 -0.186801
v -0.918672 -1.999667 -0.220289
v -0.918781 -2.018305 -0.219195
v -0.919128 -2.039303 -0.219052
v -0.940446 -1.997818 -0.220092
v -0.940532 -2.016140 -0.219362
v -0.940969 -2.037014 -0.219492
v -0.962513 -1.995288 -0.217813
v -0.962554 -2.013227 -0.217339
v -0.963045 -2.033957 -0.217625
v -1.005018 -1.988611 -0.207094
v -1.004625 -2.005792 -0.206847
v -1.004799 -2.026302 -0.207138
v -1.023985 -1.984812 -0.198921
v -1.023201 -2.001677 -0.198639
v -1.023005 -2.022132 -0.198779
v -1.040303 -1.981027 -0.189199
v -1.039098 -1.997628 -0.188763
v -1.038503 -2.018051 -0.188635
v -0.685132 -1.807107 -0.121023
v -0.685932 -1.817770 -0.107128
v -0.688968 -1.825372 -0.091583
v -0.698738 -1.817974 -0.128084
v -0.699178 -1.829658 -0.113630
v -0.701750 -1.837929 -0.097444
v -0.713028 -1.829963 -0.135720
v -0.712936 -1.842528 -0.120244
v -0.715052 -1.851331 -0.103347
v -0.720589 -1.322183 -0.101500
v -0.719867 -1.316843 -0.098976
v -0.719320 -1.312711 -0.097040
v -0.713349 -1.325167 -0.097671
v -0.712600 -1.319860 -0.095113
v -0.711990 -1.315778 -0.093143
v -0.708070 -1.328436 -0.092588
v -0.707294 -1.323164 -0.090010
v -0.706620 -1.319131 -0.088005
v -0.706137 -1.334924 -0.080337
v -0.705359 -1.329692 -0.077809
v -0.704634 -1.325723 -0.075787
v -0.709397 -1.337741 -0.074053
v -0.708637 -1.332516 -0.071591
v -0.707922 -1.328558 -0.069588
v -0.714446 -1.340043 -0.068282
v -0.713691 -1.334826 -0.065893
v -0.712982 -1.330872 -0.063915
v -0.754110 -1.317410 -0.098676
v -0.753302 -1.312040 -0.096236
v -0.752748 -1.307818 -0.094295
v -0.746563 -1.317161 -0.102102
v -0.745796 -1.311779 -0.099652
v -0.745274 -1.307565 -0.097724
v -0.737953 -1.317984 -0.103828
v -0.737223 -1.312602 -0.101362
v -0.736721 -1.308403 -0.099448
v -0.763642 -1.329159 -0.074084
v -0.762779 -1.323943 -0.071706
v -0.762171 -1.319703 -0.069844
v -0.764295 -1.325255 -0.080795
v -0.763444 -1.319990 -0.078396
v -0.762852 -1.315745 -0.076505
v -0.763158 -1.321649 -0.087578
v -0.762309 -1.316341 -0.085163
v -0.761721 -1.312102 -0.083240
v -0.718529 -1.306115 -0.093788
v -0.718190 -1.302920 -0.092036
v -0.717835 -1.299473 -0.090000
v -0.711036 -1.309211 -0.089918
v -0.710626 -1.305951 -0.088213
v -0.710218 -1.302366 -0.086195
v -0.705497 -1.312594 -0.084784
v -0.705001 -1.309264 -0.083111
v -0.704520 -1.305520 -0.081099
v -0.703270 -1.319212 -0.072553
v -0.702594 -1.315752 -0.070917
v -0.701898 -1.311719 -0.068937
v -0.706503 -1.322036 -0.066350
v -0.705746 -1.318525 -0.064723
v -0.704929 -1.314388 -0.062770
v -0.711528 -1.324327 -0.060670
v -0.710710 -1.320775 -0.059046
v -0.709791 -1.316563 -0.057115
v -0.752107 -1.301192 -0.090672
v -0.751851 -1.298053 -0.088623
v -0.751510 -1.294593 -0.086339
v -0.744666 -1.300959 -0.094185
v -0.744422 -1.297851 -0.092193
v -0.744103 -1.294483 -0.089965
v -0.736111 -1.301794 -0.096025
v -0.735858 -1.298682 -0.094118
v -0.735545 -1.295351 -0.091969
v -0.761270 -1.312614 -0.066613
v -0.760809 -1.309017 -0.064867
v -0.760266 -1.304899 -0.062889
v -0.762035 -1.308787 -0.073114
v -0.761638 -1.305320 -0.071245
v -0.761154 -1.301368 -0.069146
v -0.760970 -1.305290 -0.079697
v -0.760633 -1.301962 -0.077714
v -0.760206 -1.298191 -0.075500
v -0.716937 -1.290984 -0.084567
v -0.716432 -1.285941 -0.081284
v -0.715989 -1.280649 -0.077951
v -0.709309 -1.293322 -0.080551
v -0.708835 -1.287821 -0.077028
v -0.708448 -1.281946 -0.073438
v -0.703505 -1.295782 -0.075246
v -0.702923 -1.289623 -0.071430
v -0.702316 -1.282771 -0.067405
v -0.700369 -1.300732 -0.063010
v -0.699495 -1.293503 -0.058980
v -0.698537 -1.285147 -0.054408
v -0.703047 -1.302979 -0.056984
v -0.702038 -1.295477 -0.053078
v -0.701094 -1.286898 -0.048695
v -0.707564 -1.304858 -0.051477
v -0.706372 -1.297147 -0.047715
v -0.705311 -1.288341 -0.043538
v -0.750209 -1.285472 -0.080907
v -0.749192 -1.279577 -0.077812
v -0.747928 -1.272963 -0.074635
v -0.742918 -1.285896 -0.084612
v -0.741985 -1.280611 -0.081580
v -0.740826 -1.274980 -0.078525
v -0.734482 -1.287105 -0.086683
v -0.733688 -1.282185 -0.083646
v -0.732749 -1.277043 -0.080567
v -0.758715 -1.293720 -0.057844
v -0.757569 -1.286389 -0.054717
v -0.756064 -1.277995 -0.051235
v -0.759657 -1.290596 -0.063968
v -0.758523 -1.283469 -0.060828
v -0.757061 -1.275256 -0.057318
v -0.758754 -1.287908 -0.070160
v -0.757647 -1.281018 -0.066992
v -0.756281 -1.272928 -0.063466
v -0.696896 -1.265721 -0.043513
v -0.696898 -1.255686 -0.038146
v -0.697911 -1.246176 -0.033713
v -0.699973 -1.267224 -0.039038
v -0.700163 -1.257066 -0.034391
v -0.701162 -1.247646 -0.030455
v -0.704172 -1.268127 -0.034678
v -0.704277 -1.257909 -0.030638
v -0.704937 -1.248883 -0.027380
v -0.751672 -1.258586 -0.043396
v -0.748857 -1.248787 -0.039486
v -0.745794 -1.240290 -0.036013
v -0.752911 -1.256198 -0.048984
v -0.750120 -1.246421 -0.044494
v -0.746793 -1.237641 -0.040243
v -0.752776 -1.253704 -0.054273
v -0.750276 -1.243884 -0.049126
v -0.746976 -1.234983 -0.044342
v -0.699647 -1.751468 -0.035139
v -0.703567 -1.736670 -0.039382
v -0.705735 -1.722170 -0.046003
v -0.707813 -1.760013 -0.035660
v -0.711057 -1.743760 -0.040416
v -0.712535 -1.727975 -0.047559
v -0.717102 -1.766676 -0.035043
v -0.719087 -1.748664 -0.040535
v -0.719518 -1.731780 -0.048252
v -0.654689 -1.708324 -0.110150
v -0.647949 -1.696493 -0.102177
v -0.641346 -1.684724 -0.094359
v -0.648499 -1.719510 -0.109811
v -0.641656 -1.707055 -0.101563
v -0.634923 -1.694717 -0.093422
v -0.643303 -1.730967 -0.106674
v -0.636334 -1.717998 -0.098290
v -0.629439 -1.705181 -0.089952
v -0.679280 -1.680741 -0.090532
v -0.672616 -1.672616 -0.083791
v -0.665998 -1.664102 -0.077088
v -0.673814 -1.684496 -0.097873
v -0.667231 -1.675459 -0.090859
v -0.660738 -1.666151 -0.083947
v -0.667745 -1.690359 -0.103829
v -0.661152 -1.680292 -0.096514
v -0.654686 -1.670087 -0.089352
v -0.691438 -1.687147 -0.054816
v -0.683236 -1.678916 -0.049014
v -0.675056 -1.670426 -0.043073
v -0.690135 -1.682143 -0.063874
v -0.682431 -1.674581 -0.057812
v -0.674722 -1.666639 -0.051644
v -0.687598 -1.679501 -0.073134
v -0.680359 -1.672188 -0.066853
v -0.673111 -1.664425 -0.060502
v -0.638162 -1.751020 -0.090904
v -0.630842 -1.737122 -0.082957
v -0.623562 -1.723461 -0.074948
v -0.638778 -1.758181 -0.079268
v -0.631225 -1.743826 -0.071887
v -0.623723 -1.729768 -0.064408
v -0.641509 -1.762744 -0.066831
v -0.633680 -1.747956 -0.060142
v -0.625934 -1.733531 -0.053322
v -0.653046 -1.762254 -0.044769
v -0.644530 -1.746752 -0.039497
v -0.636214 -1.731751 -0.034020
v -0.660912 -1.757182 -0.036842
v -0.652036 -1.741545 -0.032143
v -0.643428 -1.726457 -0.027200
v -0.669018 -1.749478 -0.031509
v -0.659840 -1.734016 -0.027205
v -0.650980 -1.719118 -0.022626
v -0.682477 -1.728185 -0.029882
v -0.673075 -1.714465 -0.025601
v -0.663970 -1.701161 -0.021043
v -0.686954 -1.716159 -0.033385
v -0.677668 -1.703896 -0.028772
v -0.668612 -1.691894 -0.023911
v -0.689918 -1.704623 -0.039076
v -0.680883 -1.693913 -0.034032
v -0.671996 -1.683282 -0.028778
v -0.803620 -1.570500 -0.201456
v -0.812643 -1.560686 -0.198294
v -0.820173 -1.552426 -0.194013
v -0.797997 -1.558808 -0.197263
v -0.807834 -1.550143 -0.193743
v -0.816695 -1.542324 -0.188750
v -0.794173 -1.546993 -0.193164
v -0.804402 -1.538777 -0.188851
v -0.813930 -1.531006 -0.182554
v -0.780415 -1.588031 -0.196124
v -0.776152 -1.574233 -0.192955
v -0.772630 -1.561678 -0.189908
v -0.768813 -1.593718 -0.187131
v -0.765615 -1.579931 -0.184618
v -0.762531 -1.567363 -0.182029
v -0.759563 -1.597968 -0.175882
v -0.756922 -1.584336 -0.173696
v -0.754149 -1.571846 -0.171413
v -0.860786 -1.580679 -0.211836
v -0.854895 -1.570209 -0.206889
v -0.850602 -1.561354 -0.201661
v -0.843910 -1.584460 -0.211207
v -0.842865 -1.573322 -0.206618
v -0.841965 -1.563601 -0.201446
v -0.827150 -1.584421 -0.209000
v -0.830535 -1.572919 -0.204963
v -0.832955 -1.563229 -0.200234
v -0.833174 -1.544140 -0.189095
v -0.839676 -1.543176 -0.189249
v -0.846128 -1.542697 -0.190287
v -0.831593 -1.533223 -0.182138
v -0.838124 -1.531870 -0.181958
v -0.844677 -1.531513 -0.183296
v -0.829911 -1.522229 -0.173953
v -0.836495 -1.521013 -0.173652
v -0.843010 -1.520165 -0.174982
v -0.880871 -1.525343 -0.194626
v -0.869982 -1.523686 -0.190030
v -0.859644 -1.521567 -0.184009
v -0.881066 -1.541058 -0.200529
v -0.870254 -1.538072 -0.196203
v -0.860459 -1.534829 -0.190985
v -0.879867 -1.557398 -0.206076
v -0.868903 -1.551869 -0.201557
v -0.860001 -1.546832 -0.196630
v -0.904634 -1.557174 -0.206888
v -0.914885 -1.551415 -0.203251
v -0.922915 -1.546267 -0.199235
v -0.903142 -1.540590 -0.201525
v -0.913158 -1.537235 -0.198181
v -0.921879 -1.533830 -0.193909
v -0.902497 -1.524785 -0.195771
v -0.912508 -1.522687 -0.192263
v -0.921604 -1.520366 -0.187214
v -0.946565 -1.565846 -0.201950
v -0.939053 -1.565580 -0.203410
v -0.931604 -1.562393 -0.203804
v -0.948889 -1.576283 -0.204830
v -0.938187 -1.575938 -0.206940
v -0.927607 -1.571636 -0.207738
v -0.952827 -1.589008 -0.206850
v -0.937466 -1.587978 -0.209863
v -0.922133 -1.582594 -0.211449
v -0.977108 -1.540213 -0.192880
v -0.968013 -1.534926 -0.189893
v -0.959594 -1.529509 -0.185442
v -0.975046 -1.555530 -0.196387
v -0.966216 -1.548909 -0.194338
v -0.958482 -1.542507 -0.191273
v -0.971958 -1.571200 -0.199724
v -0.963195 -1.562012 -0.198344
v -0.956439 -1.554109 -0.196018
v -0.934999 -1.542884 -0.194339
v -0.940446 -1.544103 -0.193630
v -0.945746 -1.545664 -0.193363
v -0.935391 -1.531273 -0.187811
v -0.940813 -1.532341 -0.186907
v -0.946105 -1.534191 -0.187053
v -0.935666 -1.519728 -0.179616
v -0.940961 -1.521229 -0.178686
v -0.946192 -1.522754 -0.179032
v -0.994330 -1.580104 -0.196138
v -1.004527 -1.578452 -0.192013
v -1.012702 -1.576363 -0.187861
v -0.994694 -1.563235 -0.194178
v -1.004364 -1.563791 -0.190099
v -1.013023 -1.563598 -0.185278
v -0.996266 -1.547439 -0.191526
v -1.005685 -1.549048 -0.187193
v -1.014485 -1.549869 -0.181372
v -1.025118 -1.576348 -0.181773
v -1.030937 -1.578421 -0.179733
v -1.037046 -1.580628 -0.177892
v -1.026710 -1.564534 -0.177347
v -1.032457 -1.566167 -0.174901
v -1.038474 -1.568412 -0.173124
v -1.028463 -1.552419 -0.171145
v -1.034081 -1.554211 -0.168253
v -1.040083 -1.555928 -0.166307
v -1.050320 -1.591141 -0.176067
v -1.058396 -1.600760 -0.175364
v -1.067916 -1.612042 -0.173457
v -1.053630 -1.578900 -0.171806
v -1.063048 -1.587344 -0.171362
v -1.073287 -1.596449 -0.169772
v -1.056244 -1.564919 -0.166354
v -1.066286 -1.572477 -0.166956
v -1.076812 -1.580176 -0.166128
v -1.080460 -1.710301 -0.166436
v -1.091550 -1.713847 -0.157638
v -1.099617 -1.716404 -0.148811
v -1.081831 -1.690613 -0.166103
v -1.093128 -1.694617 -0.157298
v -1.101291 -1.697372 -0.148372
v -1.083532 -1.670863 -0.165764
v -1.095021 -1.675380 -0.156927
v -1.103248 -1.678307 -0.147909
v -1.090074 -1.630711 -0.163072
v -1.100109 -1.635568 -0.155077
v -1.107735 -1.638489 -0.146283
v -1.093950 -1.611149 -0.160794
v -1.102948 -1.615574 -0.153469
v -1.110043 -1.618347 -0.144998
v -1.096951 -1.592665 -0.158364
v -1.105446 -1.596727 -0.151556
v -1.112200 -1.599395 -0.143448
v -0.839657 -1.506846 -0.135926
v -0.833798 -1.508863 -0.136263
v -0.827563 -1.509513 -0.136227
v -0.839069 -1.505274 -0.145065
v -0.833812 -1.507130 -0.145205
v -0.828173 -1.507605 -0.145088
v -0.839685 -1.506210 -0.155101
v -0.834215 -1.508048 -0.154819
v -0.828372 -1.508481 -0.154732
v -0.740727 -1.242843 -0.027855
v -0.743036 -1.252194 -0.029926
v -0.745520 -1.262752 -0.033093
v -0.736665 -1.242974 -0.024204
v -0.738754 -1.253280 -0.026016
v -0.741000 -1.264423 -0.029019
v -0.732065 -1.243451 -0.021404
v -0.733932 -1.254307 -0.023091
v -0.735888 -1.265836 -0.026011
v -0.739665 -1.287312 -0.033680
v -0.745081 -1.285496 -0.036578
v -0.749810 -1.283296 -0.040599
v -0.741340 -1.296298 -0.037682
v -0.746709 -1.294387 -0.040400
v -0.751382 -1.292060 -0.044238
v -0.742811 -1.304038 -0.041426
v -0.748069 -1.302078 -0.043945
v -0.752633 -1.299680 -0.047572
v -0.744991 -1.315767 -0.047147
v -0.750046 -1.313784 -0.049399
v -0.754422 -1.311316 -0.052762
v -0.745756 -1.320072 -0.049090
v -0.750755 -1.318101 -0.051298
v -0.755078 -1.315620 -0.054635
v -0.746426 -1.323768 -0.050710
v -0.751379 -1.321827 -0.052899
v -0.755655 -1.319351 -0.056238
v -0.747867 -1.330700 -0.053904
v -0.752684 -1.328880 -0.056026
v -0.756808 -1.326491 -0.059328
v -0.748785 -1.334750 -0.055823
v -0.753518 -1.332991 -0.057911
v -0.757543 -1.330662 -0.061186
v -0.749902 -1.339818 -0.058107
v -0.754571 -1.338080 -0.060218
v -0.758514 -1.335786 -0.063517
v -0.752906 -1.354710 -0.064154
v -0.757603 -1.352777 -0.066628
v -0.761520 -1.350380 -0.070304
v -0.754737 -1.364239 -0.067808
v -0.759536 -1.362114 -0.070606
v -0.763522 -1.359592 -0.074616
v -0.756654 -1.374199 -0.071615
v -0.761600 -1.371887 -0.074750
v -0.765692 -1.369241 -0.079113
v -0.760362 -1.392491 -0.078854
v -0.765673 -1.390022 -0.082472
v -0.770036 -1.387290 -0.087354
v -0.762131 -1.400287 -0.082049
v -0.767624 -1.397864 -0.085781
v -0.772118 -1.395181 -0.090794
v -0.763944 -1.407440 -0.084922
v -0.769588 -1.405096 -0.088719
v -0.774184 -1.402493 -0.093813
v -0.768015 -1.420837 -0.089651
v -0.773786 -1.418599 -0.093552
v -0.778427 -1.416132 -0.098772
v -0.770303 -1.428037 -0.091686
v -0.776064 -1.425778 -0.095651
v -0.780669 -1.423330 -0.100941
v -0.772692 -1.436507 -0.093757
v -0.778441 -1.434165 -0.097788
v -0.783024 -1.431686 -0.103148
v -0.788164 -1.454347 -0.108356
v -0.790970 -1.468027 -0.111289
v -0.793931 -1.481617 -0.114120
v -0.783433 -1.457081 -0.102876
v -0.786052 -1.471016 -0.105762
v -0.788779 -1.484972 -0.108557
v -0.777567 -1.459802 -0.098731
v -0.780033 -1.474056 -0.101572
v -0.782561 -1.488434 -0.104325
v -0.709677 -1.236152 -0.022760
v -0.706763 -1.232964 -0.025286
v -0.703903 -1.230632 -0.028406
v -0.713899 -1.232152 -0.021380
v -0.711311 -1.228058 -0.024182
v -0.708761 -1.225124 -0.027559
v -0.718730 -1.229418 -0.021010
v -0.716545 -1.224655 -0.024101
v -0.714393 -1.221195 -0.027743
v -0.737869 -1.250533 -0.066220
v -0.733318 -1.253680 -0.068177
v -0.727685 -1.255934 -0.068993
v -0.740669 -1.255594 -0.068347
v -0.735462 -1.259329 -0.070983
v -0.729161 -1.261925 -0.072196
v -0.743555 -1.260608 -0.070001
v -0.737530 -1.264384 -0.073333
v -0.730487 -1.267068 -0.074945
v -0.704807 -1.257673 -0.059410
v -0.703761 -1.263482 -0.060949
v -0.702678 -1.269336 -0.062169
v -0.709706 -1.258679 -0.063327
v -0.709278 -1.264835 -0.065773
v -0.708716 -1.270475 -0.067875
v -0.715409 -1.258504 -0.066474
v -0.715603 -1.264750 -0.069509
v -0.715631 -1.270191 -0.072149
v -0.731458 -1.214408 -0.044508
v -0.733368 -1.214731 -0.043033
v -0.735410 -1.216759 -0.041609
v -0.726493 -1.211797 -0.042577
v -0.727980 -1.211751 -0.040641
v -0.729742 -1.213583 -0.038859
v -0.721027 -1.210984 -0.041123
v -0.722125 -1.210710 -0.038824
v -0.723614 -1.212400 -0.036726
v -0.702700 -1.229093 -0.044092
v -0.703577 -1.236168 -0.048495
v -0.704626 -1.244004 -0.053088
v -0.706551 -1.225902 -0.045253
v -0.707709 -1.233925 -0.050308
v -0.708874 -1.242874 -0.055469
v -0.711113 -1.223409 -0.046650
v -0.712398 -1.232112 -0.052086
v -0.713747 -1.241751 -0.057634
v -0.721232 -1.220689 -0.048849
v -0.722537 -1.229573 -0.054268
v -0.724238 -1.239328 -0.059868
v -0.726234 -1.220669 -0.049531
v -0.727520 -1.228982 -0.054569
v -0.729237 -1.238147 -0.059801
v -0.730889 -1.221730 -0.050218
v -0.732193 -1.229071 -0.054644
v -0.733695 -1.237206 -0.059262
v -0.741400 -1.239421 -0.059363
v -0.745035 -1.242822 -0.059949
v -0.748431 -1.246804 -0.059886
v -0.740488 -1.231852 -0.054960
v -0.744047 -1.234518 -0.055023
v -0.747084 -1.237752 -0.054462
v -0.738503 -1.224658 -0.050709
v -0.741625 -1.226509 -0.050309
v -0.744300 -1.229198 -0.049455
v -0.698607 -1.249328 -0.050358
v -0.697313 -1.242322 -0.045717
v -0.697155 -1.235142 -0.041705
v -0.696672 -1.253856 -0.049903
v -0.695380 -1.246130 -0.044656
v -0.695500 -1.238014 -0.040250
v -0.695438 -1.258715 -0.049116
v -0.694468 -1.250056 -0.043351
v -0.694928 -1.241219 -0.038682
v -0.825016 -1.518780 -0.121643
v -0.834668 -1.517637 -0.121653
v -0.844007 -1.514932 -0.121373
v -0.823038 -1.526037 -0.115904
v -0.835629 -1.524623 -0.116043
v -0.848104 -1.521351 -0.115970
v -0.820672 -1.535860 -0.110954
v -0.837056 -1.534188 -0.111283
v -0.853862 -1.530201 -0.111508
v -0.945061 -1.509637 -0.158112
v -0.944541 -1.509669 -0.146816
v -0.944667 -1.512356 -0.136318
v -0.940583 -1.509024 -0.158169
v -0.940089 -1.508973 -0.147022
v -0.939443 -1.511486 -0.136546
v -0.936126 -1.506707 -0.158424
v -0.935664 -1.506722 -0.147059
v -0.934255 -1.509139 -0.136548
v -1.097379 -1.756137 -0.150179
v -1.089338 -1.754150 -0.158850
v -1.078399 -1.751500 -0.167624
v -1.096607 -1.777025 -0.151073
v -1.088539 -1.775441 -0.159730
v -1.077578 -1.773265 -0.168495
v -1.095698 -1.798251 -0.151880
v -1.087702 -1.797130 -0.160622
v -1.076770 -1.795476 -0.169443
v -1.047817 -1.743417 -0.185900
v -1.028814 -1.738150 -0.195076
v -1.008193 -1.732547 -0.203701
v -1.047257 -1.766175 -0.186934
v -1.028547 -1.761389 -0.196276
v -1.008244 -1.756268 -0.205061
v -1.046645 -1.789455 -0.188080
v -1.028130 -1.785185 -0.197568
v -1.008040 -1.780579 -0.206480
v -0.964686 -1.721845 -0.217558
v -0.942501 -1.717283 -0.222362
v -0.920101 -1.713463 -0.225760
v -0.965179 -1.746555 -0.219030
v -0.943117 -1.742478 -0.223783
v -0.920856 -1.739094 -0.227118
v -0.965308 -1.771934 -0.220494
v -0.943377 -1.768391 -0.225166
v -0.921291 -1.765504 -0.228399
v -1.107390 -1.719109 -0.130774
v -1.107589 -1.719269 -0.121516
v -1.105751 -1.718454 -0.112138
v -1.109142 -1.699664 -0.129864
v -1.109392 -1.699390 -0.120339
v -1.107634 -1.698197 -0.110817
v -1.111097 -1.680128 -0.128966
v -1.111326 -1.679427 -0.119181
v -1.109553 -1.677878 -0.109499
v -1.115086 -1.639746 -0.127159
v -1.115070 -1.638670 -0.117294
v -1.113041 -1.636922 -0.107635
v -1.116960 -1.619626 -0.126237
v -1.116762 -1.618653 -0.116600
v -1.114542 -1.617101 -0.107167
v -1.118718 -1.600865 -0.125299
v -1.118345 -1.600112 -0.115993
v -1.115943 -1.598853 -0.106861
v -1.102497 -1.799981 -0.133774
v -1.101558 -1.800302 -0.124079
v -1.098201 -1.799514 -0.113804
v -1.103934 -1.779367 -0.133389
v -1.103479 -1.779891 -0.124055
v -1.100700 -1.779355 -0.114217
v -1.104943 -1.758901 -0.132632
v -1.104813 -1.759495 -0.123509
v -1.102475 -1.759054 -0.113998
v -1.043121 -1.538739 -0.121038
v -1.036590 -1.538078 -0.124560
v -1.030450 -1.536129 -0.127819
v -1.042236 -1.537785 -0.133263
v -1.036586 -1.537342 -0.136441
v -1.031368 -1.535477 -0.139366
v -1.041798 -1.539621 -0.145671
v -1.036258 -1.539186 -0.148500
v -1.031227 -1.537109 -0.151416
v -0.746051 -1.577011 -0.146541
v -0.746876 -1.577815 -0.134277
v -0.750507 -1.577661 -0.123261
v -0.748308 -1.589263 -0.148290
v -0.748877 -1.590027 -0.135649
v -0.752360 -1.590007 -0.124160
v -0.750346 -1.602395 -0.150029
v -0.750637 -1.602962 -0.137021
v -0.753934 -1.602952 -0.125046
v -0.764711 -1.575164 -0.108127
v -0.774944 -1.572937 -0.104437
v -0.787381 -1.570089 -0.102815
v -0.766907 -1.588671 -0.107733
v -0.777585 -1.587660 -0.103217
v -0.790422 -1.586540 -0.100676
v -0.768652 -1.602760 -0.107280
v -0.779600 -1.602989 -0.101960
v -0.792610 -1.603469 -0.098616
v -0.820435 -1.566121 -0.102847
v -0.840382 -1.564841 -0.103355
v -0.861959 -1.562827 -0.103913
v -0.822559 -1.585283 -0.099466
v -0.841607 -1.585185 -0.099883
v -0.862313 -1.585206 -0.100455
v -0.823911 -1.605342 -0.096390
v -0.842005 -1.606710 -0.096652
v -0.861769 -1.608299 -0.097179
v -0.918015 -1.532093 -0.110683
v -0.924153 -1.523718 -0.114901
v -0.928711 -1.517682 -0.120374
v -0.935738 -1.536684 -0.110016
v -0.936783 -1.527359 -0.114551
v -0.937768 -1.520675 -0.120213
v -0.953579 -1.538662 -0.109328
v -0.949493 -1.529062 -0.114194
v -0.946887 -1.522073 -0.119985
v -0.799936 -1.495968 -0.166374
v -0.791969 -1.500392 -0.172760
v -0.782520 -1.505860 -0.176903
v -0.803654 -1.504439 -0.169319
v -0.795328 -1.509907 -0.176430
v -0.785602 -1.516273 -0.181132
v -0.807456 -1.511980 -0.172421
v -0.798507 -1.518670 -0.180105
v -0.788442 -1.525933 -0.185176
v -0.761907 -1.517708 -0.175426
v -0.752341 -1.523173 -0.169718
v -0.744497 -1.527847 -0.161590
v -0.764603 -1.529127 -0.179621
v -0.754874 -1.534711 -0.173322
v -0.746886 -1.539359 -0.164440
v -0.767118 -1.539637 -0.183392
v -0.757249 -1.545290 -0.176482
v -0.749135 -1.549888 -0.166867
v -0.741685 -1.555266 -0.143780
v -0.739626 -1.544854 -0.142594
v -0.737452 -1.533485 -0.141049
v -0.742787 -1.555983 -0.132275
v -0.740771 -1.545551 -0.131472
v -0.738659 -1.534218 -0.130322
v -0.746519 -1.555515 -0.121996
v -0.744491 -1.545011 -0.121454
v -0.742400 -1.533700 -0.120550
v -0.713113 -1.248296 -0.022112
v -0.717597 -1.246680 -0.020215
v -0.722337 -1.245325 -0.019359
v -0.713687 -1.257795 -0.024262
v -0.718634 -1.257043 -0.022151
v -0.723704 -1.256198 -0.021130
v -0.714213 -1.268648 -0.027551
v -0.719547 -1.268386 -0.025260
v -0.724987 -1.267827 -0.024111
v -0.716108 -1.289922 -0.035602
v -0.721946 -1.289997 -0.033169
v -0.727897 -1.289587 -0.031952
v -0.717526 -1.299029 -0.039622
v -0.723499 -1.299135 -0.037239
v -0.729542 -1.298703 -0.036076
v -0.719038 -1.306934 -0.043325
v -0.725083 -1.307030 -0.041026
v -0.731141 -1.306548 -0.039940
v -0.721657 -1.318859 -0.048957
v -0.727706 -1.318921 -0.046793
v -0.733672 -1.318368 -0.045823
v -0.722646 -1.323140 -0.050895
v -0.728660 -1.323206 -0.048756
v -0.734566 -1.322652 -0.047804
v -0.723494 -1.326743 -0.052532
v -0.729477 -1.326824 -0.050402
v -0.735336 -1.326287 -0.049454
v -0.725020 -1.333352 -0.055806
v -0.731039 -1.333479 -0.053690
v -0.736908 -1.333007 -0.052740
v -0.725810 -1.337304 -0.057759
v -0.731907 -1.337435 -0.055644
v -0.737843 -1.336976 -0.054694
v -0.726681 -1.342470 -0.060042
v -0.732887 -1.342560 -0.057907
v -0.738921 -1.342066 -0.056954
v -0.728833 -1.358562 -0.065886
v -0.735308 -1.358361 -0.063594
v -0.741608 -1.357540 -0.062610
v -0.730065 -1.369105 -0.069348
v -0.736692 -1.368668 -0.066929
v -0.743153 -1.367580 -0.065921
v -0.731279 -1.380091 -0.072941
v -0.738071 -1.379412 -0.070396
v -0.744714 -1.378049 -0.069366
v -0.733312 -1.399698 -0.079812
v -0.740475 -1.398666 -0.077109
v -0.747548 -1.396925 -0.076072
v -0.734203 -1.407708 -0.082860
v -0.741559 -1.406579 -0.080140
v -0.748862 -1.404755 -0.079124
v -0.735218 -1.414941 -0.085577
v -0.742756 -1.413739 -0.082871
v -0.750271 -1.411865 -0.081891
v -0.738246 -1.428618 -0.089878
v -0.746060 -1.427239 -0.087248
v -0.753870 -1.425252 -0.086387
v -0.740285 -1.436192 -0.091659
v -0.748185 -1.434672 -0.089067
v -0.756076 -1.432580 -0.088275
v -0.742502 -1.445245 -0.093508
v -0.750459 -1.443537 -0.090935
v -0.758410 -1.441293 -0.090202
v -0.763020 -1.465482 -0.094965
v -0.765230 -1.480399 -0.097728
v -0.767435 -1.495577 -0.100385
v -0.754942 -1.468212 -0.095652
v -0.757067 -1.483449 -0.098416
v -0.759173 -1.498971 -0.101057
v -0.746935 -1.470470 -0.098295
v -0.749048 -1.486043 -0.101129
v -0.751135 -1.501899 -0.103820
v -0.738471 -1.229861 -0.029325
v -0.733941 -1.227755 -0.026044
v -0.728996 -1.227163 -0.023427
v -0.738296 -1.225733 -0.032577
v -0.733206 -1.222985 -0.029344
v -0.727754 -1.222044 -0.026773
v -0.737949 -1.222477 -0.036284
v -0.732435 -1.219381 -0.033129
v -0.726523 -1.218232 -0.030624
v -0.700954 -1.222678 -0.037718
v -0.704927 -1.217774 -0.037758
v -0.709874 -1.214115 -0.038626
v -0.700312 -1.223543 -0.035588
v -0.704785 -1.218049 -0.035376
v -0.710179 -1.213988 -0.036101
v -0.700478 -1.225791 -0.033652
v -0.705332 -1.219992 -0.033238
v -0.711071 -1.215722 -0.033820
v -0.800678 -1.471293 -0.145245
v -0.801602 -1.472860 -0.136964
v -0.800566 -1.475356 -0.128662
v -0.796501 -1.457673 -0.142118
v -0.797713 -1.459509 -0.134001
v -0.797006 -1.462097 -0.125771
v -0.792541 -1.443734 -0.138852
v -0.794050 -1.445846 -0.130887
v -0.793662 -1.448572 -0.122741
v -0.759923 -1.551439 -0.108486
v -0.757607 -1.540679 -0.108227
v -0.755383 -1.529414 -0.107460
v -0.768918 -1.547891 -0.105769
v -0.766055 -1.537101 -0.105579
v -0.763554 -1.525965 -0.104763
v -0.779067 -1.543231 -0.105330
v -0.775109 -1.532709 -0.105168
v -0.772108 -1.521901 -0.104260
v -0.797566 -1.529292 -0.110352
v -0.791880 -1.521790 -0.109754
v -0.788066 -1.512691 -0.108553
v -0.804192 -1.521772 -0.115063
v -0.798696 -1.515962 -0.114219
v -0.794751 -1.507971 -0.112889
v -0.809512 -1.515471 -0.120796
v -0.804378 -1.510638 -0.119875
v -0.800389 -1.503479 -0.118502
v -0.853011 -1.407230 -0.132208
v -0.854711 -1.426255 -0.139544
v -0.856308 -1.445368 -0.147123
v -0.860718 -1.405123 -0.138246
v -0.862523 -1.424348 -0.145666
v -0.864270 -1.443743 -0.153362
v -0.869996 -1.403519 -0.142469
v -0.871881 -1.422907 -0.150003
v -0.873755 -1.442531 -0.157835
v -0.848359 -1.418697 -0.098549
v -0.849303 -1.436728 -0.106571
v -0.850087 -1.454597 -0.114721
v -0.845590 -1.415771 -0.107070
v -0.846739 -1.433958 -0.114831
v -0.847725 -1.452018 -0.122745
v -0.845236 -1.412712 -0.116050
v -0.846600 -1.431179 -0.123562
v -0.847806 -1.449574 -0.131252
v -0.894260 -1.441618 -0.159737
v -0.903757 -1.442039 -0.157012
v -0.911728 -1.443114 -0.152213
v -0.892181 -1.421703 -0.151871
v -0.901591 -1.422066 -0.149272
v -0.909480 -1.423156 -0.144629
v -0.890150 -1.402028 -0.144275
v -0.899479 -1.402281 -0.141749
v -0.907284 -1.403316 -0.137190
v -0.924453 -1.478395 -0.149288
v -0.926466 -1.488598 -0.153118
v -0.928861 -1.496486 -0.156150
v -0.924552 -1.480954 -0.140173
v -0.926492 -1.490749 -0.143374
v -0.928783 -1.497880 -0.145478
v -0.922229 -1.483956 -0.131261
v -0.924117 -1.493612 -0.134003
v -0.926482 -1.500520 -0.135526
v -0.866715 -1.373017 -0.130814
v -0.865449 -1.362914 -0.126870
v -0.864439 -1.355073 -0.123579
v -0.857523 -1.374729 -0.126747
v -0.856286 -1.364590 -0.122851
v -0.855304 -1.356684 -0.119596
v -0.849951 -1.376960 -0.120853
v -0.848766 -1.366771 -0.117031
v -0.847830 -1.358781 -0.113844
v -0.842727 -1.382859 -0.104697
v -0.841763 -1.372558 -0.101115
v -0.841006 -1.364359 -0.098229
v -0.843464 -1.386128 -0.095570
v -0.842654 -1.375759 -0.092136
v -0.842016 -1.367439 -0.089462
v -0.846600 -1.389114 -0.086881
v -0.845934 -1.378652 -0.083585
v -0.845406 -1.370208 -0.081116
v -0.903610 -1.372236 -0.125545
v -0.902250 -1.362104 -0.121566
v -0.901178 -1.354308 -0.118190
v -0.895922 -1.371310 -0.130044
v -0.894586 -1.361195 -0.126064
v -0.893527 -1.353407 -0.122708
v -0.886702 -1.371227 -0.132513
v -0.885393 -1.361132 -0.128533
v -0.884347 -1.353345 -0.125199
v -0.909549 -1.384260 -0.093492
v -0.908199 -1.374173 -0.089497
v -0.907150 -1.366329 -0.086190
v -0.911580 -1.380638 -0.102341
v -0.910195 -1.370568 -0.098329
v -0.909118 -1.362769 -0.094961
v -0.911567 -1.377091 -0.111187
v -0.910175 -1.366994 -0.107185
v -0.909090 -1.359201 -0.103794
v -0.863151 -1.342269 -0.117016
v -0.862752 -1.336017 -0.113095
v -0.862365 -1.329445 -0.108532
v -0.854089 -1.343774 -0.113089
v -0.853740 -1.337507 -0.109210
v -0.853411 -1.330946 -0.104715
v -0.846706 -1.345729 -0.107433
v -0.846406 -1.339438 -0.103598
v -0.846132 -1.332891 -0.099178
v -0.840101 -1.350946 -0.092298
v -0.839867 -1.344599 -0.088634
v -0.839666 -1.338085 -0.084430
v -0.841224 -1.353831 -0.083891
v -0.841000 -1.347456 -0.080349
v -0.840808 -1.340961 -0.076280
v -0.844712 -1.356410 -0.075895
v -0.844486 -1.350011 -0.072471
v -0.844281 -1.343539 -0.068530
v -0.899761 -1.341509 -0.111219
v -0.899243 -1.335201 -0.107000
v -0.898668 -1.328619 -0.102136
v -0.892130 -1.340653 -0.115845
v -0.891637 -1.334373 -0.111696
v -0.891106 -1.327790 -0.106881
v -0.882972 -1.340616 -0.118463
v -0.882502 -1.334357 -0.114403
v -0.882013 -1.327775 -0.109673
v -0.905625 -1.353285 -0.079498
v -0.904936 -1.346879 -0.075540
v -0.904115 -1.340301 -0.071120
v -0.907597 -1.349819 -0.088080
v -0.906942 -1.343432 -0.083989
v -0.906174 -1.336844 -0.079387
v -0.907604 -1.346308 -0.096799
v -0.907001 -1.339944 -0.092608
v -0.906302 -1.333357 -0.087851
v -0.861189 -1.314340 -0.097017
v -0.860412 -1.306098 -0.090536
v -0.859666 -1.298115 -0.084354
v -0.852374 -1.315945 -0.093469
v -0.851672 -1.307786 -0.087174
v -0.851002 -1.299892 -0.081177
v -0.845230 -1.318043 -0.088256
v -0.844605 -1.310005 -0.082197
v -0.844016 -1.302242 -0.076437
v -0.839041 -1.323563 -0.074346
v -0.838627 -1.315782 -0.068886
v -0.838268 -1.308287 -0.063724
v -0.840281 -1.326602 -0.066665
v -0.839967 -1.318943 -0.061531
v -0.839722 -1.311572 -0.056692
v -0.843764 -1.329364 -0.059354
v -0.843482 -1.321842 -0.054523
v -0.843282 -1.314610 -0.049983
v -0.896824 -1.313891 -0.090184
v -0.895591 -1.306012 -0.083588
v -0.894371 -1.298392 -0.077331
v -0.889445 -1.312884 -0.094888
v -0.888341 -1.304839 -0.088207
v -0.887255 -1.297050 -0.081853
v -0.880527 -1.312721 -0.097767
v -0.879550 -1.304539 -0.091084
v -0.878597 -1.296612 -0.084716
v -0.901601 -1.326123 -0.060895
v -0.899998 -1.318751 -0.055479
v -0.898448 -1.311664 -0.050380
v -0.903795 -1.322532 -0.068581
v -0.902261 -1.315048 -0.062799
v -0.900767 -1.307842 -0.057347
v -0.904089 -1.318929 -0.076513
v -0.902637 -1.311336 -0.070383
v -0.901211 -1.304015 -0.064594
v -0.858753 -1.285086 -0.075185
v -0.858632 -1.280321 -0.072424
v -0.858634 -1.276377 -0.070413
v -0.850231 -1.287019 -0.072271
v -0.850166 -1.282304 -0.069582
v -0.850208 -1.278388 -0.067627
v -0.843394 -1.289578 -0.067866
v -0.843388 -1.284925 -0.065260
v -0.843469 -1.281039 -0.063362
v -0.838074 -1.296047 -0.055983
v -0.838227 -1.291512 -0.053566
v -0.838412 -1.287683 -0.051770
v -0.839742 -1.299522 -0.049394
v -0.839975 -1.295037 -0.047071
v -0.840212 -1.291230 -0.045317
v -0.843400 -1.302757 -0.043091
v -0.843674 -1.298316 -0.040852
v -0.843937 -1.294524 -0.039129
v -0.892644 -1.285741 -0.068039
v -0.892231 -1.280972 -0.065181
v -0.892020 -1.276989 -0.063016
v -0.885743 -1.284189 -0.072431
v -0.885401 -1.279397 -0.069561
v -0.885240 -1.275417 -0.067411
v -0.877313 -1.283590 -0.075278
v -0.877051 -1.278785 -0.072423
v -0.876950 -1.274811 -0.070309
v -0.896357 -1.299750 -0.042647
v -0.895910 -1.295095 -0.040129
v -0.895703 -1.291064 -0.038162
v -0.898712 -1.295751 -0.049137
v -0.898249 -1.291061 -0.046507
v -0.898021 -1.287039 -0.044464
v -0.899211 -1.291758 -0.055930
v -0.898738 -1.287042 -0.053197
v -0.898494 -1.283035 -0.051088
v -0.858685 -1.269791 -0.067103
v -0.858630 -1.266639 -0.065222
v -0.858491 -1.263290 -0.062925
v -0.850267 -1.271762 -0.064463
v -0.850192 -1.268528 -0.062656
v -0.850038 -1.265038 -0.060390
v -0.843527 -1.274375 -0.060320
v -0.843419 -1.271047 -0.058575
v -0.843231 -1.267384 -0.056334
v -0.838460 -1.280951 -0.048880
v -0.838251 -1.277436 -0.047225
v -0.837929 -1.273401 -0.045068
v -0.840254 -1.284466 -0.042456
v -0.839989 -1.280869 -0.040830
v -0.839583 -1.276668 -0.038731
v -0.843967 -1.287729 -0.036275
v -0.843656 -1.284063 -0.034666
v -0.843177 -1.279724 -0.032617
v -0.891872 -1.270480 -0.059153
v -0.891784 -1.267399 -0.056934
v -0.891599 -1.263986 -0.054365
v -0.885153 -1.268927 -0.063636
v -0.885084 -1.265883 -0.061475
v -0.884916 -1.262585 -0.058962
v -0.876924 -1.268302 -0.066675
v -0.876870 -1.265253 -0.064605
v -0.876720 -1.262007 -0.062176
v -0.895495 -1.284019 -0.034747
v -0.895347 -1.280384 -0.032860
v -0.895146 -1.276134 -0.030647
v -0.897804 -1.280155 -0.040857
v -0.897667 -1.276680 -0.038834
v -0.897468 -1.272646 -0.036481
v -0.898280 -1.276320 -0.047315
v -0.898156 -1.273010 -0.045170
v -0.897954 -1.269210 -0.042686
v -0.857902 -1.255205 -0.056412
v -0.857545 -1.250436 -0.052360
v -0.857293 -1.245406 -0.048225
v -0.849492 -1.256452 -0.053677
v -0.849202 -1.251276 -0.049384
v -0.849065 -1.245722 -0.044978
v -0.842662 -1.258098 -0.049439
v -0.842337 -1.252269 -0.044867
v -0.842103 -1.245741 -0.040034
v -0.837101 -1.262569 -0.038252
v -0.836685 -1.255486 -0.033559
v -0.836360 -1.247296 -0.028267
v -0.838546 -1.265147 -0.032171
v -0.838096 -1.257622 -0.027670
v -0.837881 -1.249089 -0.022610
v -0.841924 -1.267627 -0.026319
v -0.841381 -1.259716 -0.022027
v -0.841134 -1.250828 -0.017210
v -0.890691 -1.254890 -0.047801
v -0.889975 -1.248971 -0.043882
v -0.889124 -1.242313 -0.039825
v -0.884053 -1.254138 -0.052488
v -0.883339 -1.248901 -0.048669
v -0.882465 -1.243276 -0.044819
v -0.875944 -1.253996 -0.055788
v -0.875317 -1.249197 -0.051984
v -0.874587 -1.244137 -0.048138
v -0.894532 -1.264237 -0.024687
v -0.894038 -1.256405 -0.020888
v -0.893334 -1.247589 -0.016656
v -0.896765 -1.261349 -0.030304
v -0.896206 -1.253845 -0.026423
v -0.895466 -1.245308 -0.022087
v -0.897143 -1.258611 -0.036274
v -0.896525 -1.251480 -0.032300
v -0.895806 -1.243189 -0.027856
v -0.836813 -1.228052 -0.016210
v -0.838154 -1.218135 -0.010411
v -0.840456 -1.208937 -0.005529
v -0.838930 -1.229811 -0.011582
v -0.840438 -1.220030 -0.006303
v -0.842676 -1.211123 -0.001771
v -0.842255 -1.231137 -0.006831
v -0.843667 -1.221474 -0.002034
v -0.845525 -1.213052 0.001877
v -0.891027 -1.228062 -0.007316
v -0.889348 -1.218518 -0.002832
v -0.887275 -1.210270 0.000942
v -0.893222 -1.226117 -0.012153
v -0.891488 -1.216494 -0.007105
v -0.889116 -1.207849 -0.002640
v -0.894047 -1.223902 -0.016893
v -0.892525 -1.214159 -0.011189
v -0.890144 -1.205277 -0.006255
v -0.880963 -1.212214 0.007636
v -0.881994 -1.221049 0.005038
v -0.883130 -1.231129 0.001204
v -0.876491 -1.211961 0.010483
v -0.877119 -1.221636 0.008076
v -0.877907 -1.232206 0.004348
v -0.871535 -1.211934 0.012420
v -0.871836 -1.222095 0.010117
v -0.872270 -1.232983 0.006427
v -0.873563 -1.254259 -0.002732
v -0.879544 -1.253174 -0.004663
v -0.885053 -1.251655 -0.007737
v -0.874347 -1.263734 -0.007320
v -0.880276 -1.262576 -0.009095
v -0.885732 -1.260933 -0.012020
v -0.875112 -1.272115 -0.011538
v -0.880914 -1.270919 -0.013151
v -0.886257 -1.269191 -0.015911
v -0.876247 -1.284825 -0.017874
v -0.881823 -1.283610 -0.019282
v -0.886973 -1.281783 -0.021850
v -0.876567 -1.289346 -0.019964
v -0.882095 -1.288139 -0.021349
v -0.887206 -1.286284 -0.023913
v -0.876763 -1.293160 -0.021625
v -0.882273 -1.291969 -0.023020
v -0.887373 -1.290102 -0.025615
v -0.876953 -1.300273 -0.024610
v -0.882470 -1.299143 -0.026054
v -0.887571 -1.297300 -0.028730
v -0.877137 -1.304175 -0.026368
v -0.882667 -1.303094 -0.027846
v -0.887764 -1.301294 -0.030566
v -0.877576 -1.308573 -0.028567
v -0.883126 -1.307559 -0.030099
v -0.888215 -1.305834 -0.032889
v -0.879764 -1.319534 -0.034989
v -0.885377 -1.318730 -0.036730
v -0.890426 -1.317270 -0.039808
v -0.881399 -1.325991 -0.039136
v -0.887059 -1.325321 -0.041025
v -0.892084 -1.324039 -0.044309
v -0.883066 -1.332734 -0.043571
v -0.888783 -1.332199 -0.045610
v -0.893796 -1.331096 -0.049106
v -0.885507 -1.345972 -0.052251
v -0.891370 -1.345659 -0.054524
v -0.896431 -1.344830 -0.058350
v -0.886171 -1.352356 -0.056140
v -0.892120 -1.352098 -0.058501
v -0.897244 -1.351330 -0.062444
v -0.886646 -1.358801 -0.059604
v -0.892687 -1.358539 -0.062067
v -0.897890 -1.357763 -0.066127
v -0.887628 -1.372736 -0.065054
v -0.893858 -1.372225 -0.067848
v -0.899234 -1.371187 -0.072248
v -0.888314 -1.381342 -0.067666
v -0.894658 -1.380609 -0.070669
v -0.900142 -1.379336 -0.075273
v -0.889169 -1.392244 -0.071107
v -0.895668 -1.391270 -0.074291
v -0.901300 -1.389735 -0.079067
v -0.904580 -1.420778 -0.091154
v -0.906560 -1.440280 -0.098960
v -0.908501 -1.459747 -0.106558
v -0.898461 -1.422795 -0.086291
v -0.900103 -1.442499 -0.094176
v -0.901670 -1.462163 -0.101874
v -0.891452 -1.424161 -0.083001
v -0.892741 -1.444002 -0.090966
v -0.893923 -1.463789 -0.098782
v -0.851584 -1.201874 0.007759
v -0.849828 -1.198041 0.004619
v -0.848147 -1.194867 0.000838
v -0.855965 -1.198827 0.009880
v -0.854644 -1.194162 0.006437
v -0.853333 -1.190455 0.002389
v -0.860851 -1.197006 0.011065
v -0.859975 -1.191800 0.007375
v -0.859078 -1.187695 0.003121
v -0.881602 -1.218828 -0.030365
v -0.876995 -1.221225 -0.033194
v -0.871329 -1.222645 -0.034992
v -0.883715 -1.224205 -0.032431
v -0.878458 -1.227111 -0.036080
v -0.872123 -1.228794 -0.038392
v -0.885936 -1.229562 -0.034136
v -0.879975 -1.232414 -0.038604
v -0.872955 -1.234083 -0.041423
v -0.847713 -1.221333 -0.029322
v -0.845726 -1.227087 -0.031384
v -0.843782 -1.232803 -0.033251
v -0.852708 -1.223009 -0.032386
v -0.851418 -1.229159 -0.035287
v -0.850189 -1.234706 -0.037955
v -0.858678 -1.223571 -0.034552
v -0.858098 -1.229855 -0.037967
v -0.857579 -1.235267 -0.041082
v -0.878927 -1.183128 -0.007893
v -0.880329 -1.183761 -0.006317
v -0.881596 -1.186083 -0.004848
v -0.874553 -1.179814 -0.006981
v -0.875480 -1.180061 -0.005200
v -0.876374 -1.182207 -0.003580
v -0.869545 -1.178071 -0.006744
v -0.870023 -1.178083 -0.004847
v -0.870545 -1.180116 -0.003107
v -0.850401 -1.192003 -0.013503
v -0.850147 -1.199268 -0.017865
v -0.849870 -1.207371 -0.022493
v -0.854693 -1.189598 -0.013683
v -0.854646 -1.197784 -0.018688
v -0.854377 -1.206937 -0.023953
v -0.859442 -1.188072 -0.013999
v -0.859530 -1.196852 -0.019423
v -0.859450 -1.206608 -0.025133
v -0.869268 -1.187381 -0.014107
v -0.869541 -1.196161 -0.019636
v -0.870003 -1.205880 -0.025449
v -0.873869 -1.188243 -0.013904
v -0.874234 -1.196421 -0.019095
v -0.874848 -1.205511 -0.024539
v -0.878007 -1.190032 -0.013843
v -0.878511 -1.197265 -0.018430
v -0.879080 -1.205304 -0.023265
v -0.885928 -1.208646 -0.022253
v -0.888897 -1.212482 -0.022462
v -0.891519 -1.216831 -0.022190
v -0.885771 -1.201239 -0.017508
v -0.888692 -1.204340 -0.017108
v -0.890997 -1.207893 -0.016264
v -0.884566 -1.194038 -0.013161
v -0.887111 -1.196289 -0.012316
v -0.889082 -1.199268 -0.011174
v -0.842695 -1.211849 -0.021269
v -0.842615 -1.204429 -0.016772
v -0.843671 -1.197064 -0.012720
v -0.839803 -1.216199 -0.021449
v -0.839791 -1.208032 -0.016353
v -0.841249 -1.199745 -0.011876
v -0.837504 -1.220964 -0.021238
v -0.837852 -1.211946 -0.015511
v -0.839680 -1.203025 -0.010697
v -0.915839 -1.475205 -0.165028
v -0.907749 -1.474586 -0.170443
v -0.898083 -1.474438 -0.173641
v -0.917724 -1.486615 -0.170042
v -0.909454 -1.486558 -0.175862
v -0.899663 -1.486802 -0.179359
v -0.919622 -1.496773 -0.174829
v -0.910930 -1.497535 -0.180974
v -0.900956 -1.498335 -0.184710
v -0.876961 -1.474999 -0.171852
v -0.867016 -1.475590 -0.167048
v -0.858530 -1.476414 -0.160398
v -0.878194 -1.487333 -0.177715
v -0.867890 -1.487497 -0.172750
v -0.858901 -1.487719 -0.165824
v -0.879226 -1.498883 -0.183237
v -0.868512 -1.498510 -0.178174
v -0.858761 -1.497923 -0.171013
v -0.847153 -1.496610 -0.152250
v -0.848590 -1.488809 -0.148558
v -0.849009 -1.478880 -0.143989
v -0.846258 -1.497006 -0.142464
v -0.847880 -1.490059 -0.139525
v -0.848503 -1.480641 -0.135410
v -0.847777 -1.498747 -0.133582
v -0.849684 -1.492079 -0.131111
v -0.850508 -1.482867 -0.127345
v -0.852589 -1.213933 0.008472
v -0.856864 -1.213126 0.011136
v -0.861512 -1.212523 0.012778
v -0.851798 -1.222769 0.005681
v -0.856392 -1.222773 0.008552
v -0.861292 -1.222662 0.010371
v -0.850924 -1.232889 0.001526
v -0.855826 -1.233359 0.004572
v -0.861045 -1.233554 0.006541
v -0.850407 -1.253596 -0.008166
v -0.855764 -1.254465 -0.004968
v -0.861468 -1.254904 -0.002890
v -0.850922 -1.262996 -0.012773
v -0.856413 -1.263965 -0.009611
v -0.862219 -1.264433 -0.007582
v -0.851701 -1.271370 -0.016918
v -0.857270 -1.272401 -0.013826
v -0.863108 -1.272864 -0.011877
v -0.853233 -1.284089 -0.023072
v -0.858817 -1.285179 -0.020104
v -0.864590 -1.285618 -0.018287
v -0.853756 -1.288577 -0.025103
v -0.859308 -1.289683 -0.022164
v -0.865027 -1.290123 -0.020377
v -0.854085 -1.292322 -0.026716
v -0.859608 -1.293445 -0.023792
v -0.865289 -1.293897 -0.022022
v -0.854121 -1.299194 -0.029592
v -0.859694 -1.300363 -0.026690
v -0.865422 -1.300871 -0.024946
v -0.853947 -1.302980 -0.031287
v -0.859627 -1.304162 -0.028389
v -0.865469 -1.304692 -0.026658
v -0.853818 -1.307345 -0.033427
v -0.859668 -1.308501 -0.030516
v -0.865690 -1.309023 -0.028793
v -0.854190 -1.318713 -0.039773
v -0.860584 -1.319619 -0.036751
v -0.867176 -1.319956 -0.035013
v -0.854707 -1.325571 -0.043900
v -0.861434 -1.326270 -0.040789
v -0.868375 -1.326444 -0.039029
v -0.855297 -1.332718 -0.048315
v -0.862340 -1.333208 -0.045113
v -0.869612 -1.333217 -0.043332
v -0.856246 -1.346398 -0.056901
v -0.863698 -1.346620 -0.053583
v -0.871407 -1.346428 -0.051788
v -0.856545 -1.352801 -0.060683
v -0.864075 -1.352988 -0.057348
v -0.871874 -1.352774 -0.055569
v -0.856797 -1.359234 -0.063972
v -0.864356 -1.359429 -0.060634
v -0.872199 -1.359220 -0.058889
v -0.857400 -1.373339 -0.068794
v -0.864979 -1.373619 -0.065461
v -0.872892 -1.373420 -0.063835
v -0.857821 -1.382033 -0.071024
v -0.865417 -1.382405 -0.067689
v -0.873386 -1.382240 -0.066132
v -0.858337 -1.392799 -0.074155
v -0.865951 -1.393341 -0.070816
v -0.873988 -1.393288 -0.069310
v -0.875507 -1.424949 -0.081117
v -0.876295 -1.444394 -0.089282
v -0.876935 -1.463732 -0.097400
v -0.867304 -1.424366 -0.082646
v -0.867998 -1.443310 -0.090902
v -0.868538 -1.462116 -0.099164
v -0.859676 -1.423126 -0.085997
v -0.860371 -1.441567 -0.094285
v -0.860912 -1.459844 -0.102626
v -0.880907 -1.199847 0.006905
v -0.876377 -1.197409 0.009213
v -0.871310 -1.196278 0.010699
v -0.881721 -1.195735 0.003917
v -0.876759 -1.192554 0.005919
v -0.871288 -1.190975 0.007100
v -0.882315 -1.192324 0.000376
v -0.877033 -1.188686 0.002076
v -0.871204 -1.186788 0.002962
v -0.849266 -1.185326 -0.007860
v -0.853709 -1.181355 -0.007015
v -0.858805 -1.178865 -0.006778
v -0.848006 -1.186191 -0.006316
v -0.852911 -1.181756 -0.005258
v -0.858432 -1.178953 -0.004894
v -0.847148 -1.188691 -0.004786
v -0.852396 -1.184021 -0.003589
v -0.858253 -1.181045 -0.003126
v -0.920213 -1.447378 -0.137724
v -0.920344 -1.450361 -0.129105
v -0.918182 -1.453588 -0.120554
v -0.917815 -1.427689 -0.130331
v -0.917912 -1.430865 -0.121711
v -0.915792 -1.434235 -0.113115
v -0.915454 -1.408011 -0.122918
v -0.915509 -1.411357 -0.114218
v -0.913417 -1.414858 -0.105513
v -0.856821 -1.505550 -0.119830
v -0.859660 -1.498428 -0.118026
v -0.860910 -1.488845 -0.114853
v -0.864344 -1.510214 -0.115168
v -0.867324 -1.502224 -0.113808
v -0.868558 -1.492057 -0.110990
v -0.874148 -1.515227 -0.111949
v -0.876384 -1.505625 -0.111196
v -0.877209 -1.494641 -0.108772
v -0.897908 -1.516230 -0.111917
v -0.896149 -1.506509 -0.111507
v -0.895432 -1.495364 -0.109437
v -0.908186 -1.512025 -0.115226
v -0.905407 -1.503842 -0.114502
v -0.904004 -1.493373 -0.112352
v -0.916229 -1.507842 -0.120199
v -0.913337 -1.500483 -0.119243
v -0.911598 -1.490494 -0.116976
v -0.966820 -1.429841 -0.132524
v -0.966544 -1.445874 -0.142108
v -0.966126 -1.462048 -0.151656
v -0.974303 -1.429289 -0.136293
v -0.973992 -1.445731 -0.146168
v -0.973565 -1.462372 -0.156102
v -0.983093 -1.429614 -0.138219
v -0.982728 -1.446497 -0.148352
v -0.982277 -1.463622 -0.158621
v -0.959890 -1.442890 -0.101909
v -0.959386 -1.458000 -0.110568
v -0.958717 -1.473038 -0.119004
v -0.958192 -1.438562 -0.110537
v -0.957785 -1.453725 -0.119362
v -0.957202 -1.468853 -0.127986
v -0.958572 -1.434604 -0.119182
v -0.958246 -1.449968 -0.128220
v -0.957748 -1.465350 -0.137086
v -1.000672 -1.467654 -0.157956
v -1.008961 -1.470111 -0.154879
v -1.015731 -1.472844 -0.150086
v -1.001157 -1.449594 -0.147420
v -1.009440 -1.451665 -0.144447
v -1.016190 -1.454124 -0.139886
v -1.001616 -1.431795 -0.137013
v -1.009921 -1.433453 -0.134058
v -1.016675 -1.435590 -0.129618
v -1.022135 -1.508918 -0.149113
v -1.022844 -1.518950 -0.152278
v -1.024360 -1.526895 -0.153796
v -1.021623 -1.511448 -0.139537
v -1.022464 -1.520715 -0.141975
v -1.024195 -1.527435 -0.142550
v -1.018923 -1.513825 -0.130254
v -1.019901 -1.522601 -0.132119
v -1.021938 -1.528730 -0.132025
v -0.983417 -1.402865 -0.122716
v -0.983384 -1.393774 -0.117895
v -0.983278 -1.386472 -0.114310
v -0.974555 -1.403270 -0.121058
v -0.974527 -1.394462 -0.116262
v -0.974449 -1.387389 -0.112651
v -0.967035 -1.404493 -0.117593
v -0.967026 -1.395949 -0.112829
v -0.966986 -1.389088 -0.109198
v -0.958893 -1.410187 -0.104943
v -0.958964 -1.401921 -0.100358
v -0.959015 -1.395244 -0.096828
v -0.958655 -1.414316 -0.096644
v -0.958783 -1.406027 -0.092197
v -0.958885 -1.399294 -0.088791
v -0.960527 -1.418576 -0.088308
v -0.960723 -1.410177 -0.083994
v -0.960880 -1.403315 -0.080716
v -1.017279 -1.406433 -0.113640
v -1.017316 -1.396730 -0.108583
v -1.017217 -1.389054 -0.104769
v -1.010488 -1.404729 -0.118046
v -1.010509 -1.395088 -0.113035
v -1.010405 -1.387425 -0.109293
v -1.002114 -1.403644 -0.121097
v -1.002111 -1.394119 -0.116163
v -1.001997 -1.386508 -0.112509
v -1.019865 -1.419577 -0.086970
v -1.019814 -1.409882 -0.082400
v -1.019614 -1.402182 -0.078919
v -1.022726 -1.415839 -0.094056
v -1.022692 -1.406127 -0.089301
v -1.022507 -1.398445 -0.085672
v -1.023519 -1.412135 -0.101274
v -1.023521 -1.402408 -0.096349
v -1.023375 -1.394735 -0.092590
v -0.983026 -1.373702 -0.108435
v -0.982916 -1.367023 -0.105191
v -0.982808 -1.359708 -0.101270
v -0.974293 -1.374913 -0.106656
v -0.974247 -1.368320 -0.103363
v -0.974213 -1.361078 -0.099439
v -0.966936 -1.376881 -0.103085
v -0.966957 -1.370368 -0.099751
v -0.967003 -1.363205 -0.095845
v -0.959172 -1.383233 -0.090811
v -0.959322 -1.376807 -0.087567
v -0.959540 -1.369787 -0.083867
v -0.959132 -1.387179 -0.082999
v -0.959336 -1.380750 -0.079890
v -0.959630 -1.373781 -0.076373
v -0.961205 -1.391001 -0.075178
v -0.961446 -1.384542 -0.072218
v -0.961793 -1.377607 -0.068896
v -1.016754 -1.375750 -0.098464
v -1.016441 -1.368847 -0.095044
v -1.016091 -1.361421 -0.091010
v -1.009986 -1.374163 -0.103165
v -1.009720 -1.367297 -0.099816
v -1.009426 -1.359870 -0.095808
v -1.001617 -1.373329 -0.106567
v -1.001398 -1.366508 -0.103295
v -1.001161 -1.359098 -0.099333
v -1.018872 -1.388620 -0.073057
v -1.018385 -1.381608 -0.069904
v -1.017858 -1.374289 -0.066296
v -1.021801 -1.384967 -0.079563
v -1.021333 -1.377973 -0.076277
v -1.020823 -1.370615 -0.072498
v -1.022755 -1.381335 -0.086284
v -1.022334 -1.374369 -0.082891
v -1.021870 -1.366978 -0.078969
v -0.982559 -1.342146 -0.090207
v -0.982414 -1.332432 -0.083432
v -0.982264 -1.323149 -0.076716
v -0.974146 -1.343700 -0.088606
v -0.974102 -1.334107 -0.082045
v -0.974045 -1.324952 -0.075553
v -0.967152 -1.346084 -0.085346
v -0.967233 -1.336674 -0.079079
v -0.967296 -1.327709 -0.072889
v -0.960225 -1.353289 -0.074371
v -0.960646 -1.344336 -0.068846
v -0.961041 -1.335839 -0.063404
v -0.960583 -1.357603 -0.067488
v -0.961183 -1.348893 -0.062361
v -0.961757 -1.340639 -0.057313
v -0.962941 -1.361735 -0.060609
v -0.963676 -1.353263 -0.055860
v -0.964385 -1.345248 -0.051183
v -1.015335 -1.344223 -0.079997
v -1.014951 -1.334934 -0.073369
v -1.014576 -1.326088 -0.066824
v -1.008776 -1.342425 -0.084631
v -1.008436 -1.332903 -0.077828
v -1.008100 -1.323814 -0.071098
v -1.000625 -1.341498 -0.088098
v -1.000338 -1.331816 -0.081201
v -1.000051 -1.322563 -0.074366
v -1.016787 -1.358529 -0.056966
v -1.016299 -1.350489 -0.051508
v -1.015881 -1.342942 -0.046122
v -1.019775 -1.354488 -0.062636
v -1.019286 -1.346144 -0.056840
v -1.018852 -1.338283 -0.051126
v -1.020902 -1.350467 -0.068627
v -1.020438 -1.341793 -0.062516
v -1.020011 -1.333587 -0.056495
v -0.981970 -1.309009 -0.066123
v -0.981825 -1.304516 -0.062590
v -0.981674 -1.301181 -0.059804
v -0.973886 -1.311045 -0.065257
v -0.973779 -1.306641 -0.061776
v -0.973649 -1.303368 -0.059008
v -0.967303 -1.314116 -0.063006
v -0.967235 -1.309811 -0.059604
v -0.967124 -1.306601 -0.056865
v -0.961525 -1.322940 -0.054576
v -0.961574 -1.318808 -0.051418
v -0.961520 -1.315672 -0.048804
v -0.962502 -1.328071 -0.049053
v -0.962618 -1.323999 -0.046043
v -0.962599 -1.320868 -0.043518
v -0.965326 -1.332990 -0.043458
v -0.965490 -1.328962 -0.040589
v -0.965496 -1.325821 -0.038151
v -1.013887 -1.312405 -0.056475
v -1.013568 -1.307891 -0.052963
v -1.013248 -1.304466 -0.050122
v -1.007479 -1.309815 -0.060497
v -1.007194 -1.305254 -0.056946
v -1.006910 -1.301826 -0.054110
v -0.999527 -1.308367 -0.063621
v -0.999291 -1.303791 -0.060054
v -0.999059 -1.300374 -0.057234
v -1.015352 -1.331092 -0.037358
v -1.015198 -1.326939 -0.034200
v -1.015030 -1.323578 -0.031553
v -1.018232 -1.325980 -0.041913
v -1.018012 -1.321731 -0.038645
v -1.017780 -1.318350 -0.035925
v -1.019325 -1.320792 -0.046860
v -1.019042 -1.316443 -0.043493
v -1.018750 -1.313044 -0.040710
v -0.981325 -1.296137 -0.055042
v -0.981122 -1.293758 -0.052502
v -0.980902 -1.291198 -0.049584
v -0.973316 -1.298349 -0.054264
v -0.973117 -1.295923 -0.051713
v -0.972906 -1.293269 -0.048725
v -0.966789 -1.301590 -0.052136
v -0.966581 -1.299098 -0.049567
v -0.966359 -1.296315 -0.046501
v -0.961187 -1.310569 -0.044194
v -0.960939 -1.307892 -0.041648
v -0.960651 -1.304787 -0.038547
v -0.962276 -1.315667 -0.039016
v -0.962008 -1.312885 -0.036519
v -0.961674 -1.309617 -0.033470
v -0.965178 -1.320513 -0.033758
v -0.964890 -1.317636 -0.031316
v -0.964512 -1.314229 -0.028333
v -1.012544 -1.299324 -0.045004
v -1.012136 -1.296925 -0.042230
v -1.011678 -1.294253 -0.039130
v -1.006307 -1.296723 -0.049084
v -1.005964 -1.294371 -0.046382
v -1.005578 -1.291800 -0.043367
v -0.998567 -1.295289 -0.052324
v -0.998288 -1.292951 -0.049704
v -0.997975 -1.290435 -0.046772
v -1.014383 -1.317944 -0.026763
v -1.013890 -1.315044 -0.024165
v -1.013351 -1.311685 -0.021171
v -1.017065 -1.312857 -0.030972
v -1.016564 -1.310096 -0.028278
v -1.016017 -1.306907 -0.025206
v -1.017987 -1.307700 -0.035627
v -1.017496 -1.305086 -0.032854
v -1.016954 -1.302088 -0.029721
v -0.980429 -1.284809 -0.041915
v -0.980235 -1.280959 -0.037285
v -0.980144 -1.276889 -0.032529
v -0.972484 -1.286531 -0.040598
v -0.972335 -1.282381 -0.035572
v -0.972329 -1.277897 -0.030375
v -0.965914 -1.289065 -0.037907
v -0.965704 -1.284418 -0.032415
v -0.965566 -1.279154 -0.026573
v -0.959986 -1.296340 -0.029573
v -0.959635 -1.290750 -0.023644
v -0.959304 -1.284236 -0.017023
v -0.960841 -1.300618 -0.024623
v -0.960441 -1.294703 -0.018787
v -0.960182 -1.287948 -0.012316
v -0.963492 -1.304776 -0.019680
v -0.962994 -1.298577 -0.013981
v -0.962695 -1.291544 -0.007682
v -1.010580 -1.286998 -0.031493
v -1.009951 -1.282207 -0.026961
v -1.009247 -1.276767 -0.022183
v -1.004630 -1.285048 -0.035946
v -1.004044 -1.280790 -0.031629
v -1.003344 -1.276193 -0.027221
v -0.997211 -1.284036 -0.039476
v -0.996743 -1.280129 -0.035222
v -0.996201 -1.276005 -0.030884
v -1.012337 -1.302448 -0.013270
v -1.011820 -1.296366 -0.008308
v -1.011171 -1.289421 -0.002835
v -1.014927 -1.298065 -0.017301
v -1.014357 -1.292179 -0.012387
v -1.013681 -1.285415 -0.006929
v -1.015793 -1.293729 -0.021817
v -1.015187 -1.288067 -0.016946
v -1.014546 -1.281431 -0.011479
v -0.959148 -1.269181 -0.002264
v -0.959902 -1.261512 0.004889
v -0.961581 -1.254352 0.011216
v -0.960646 -1.272587 0.001535
v -0.961642 -1.264761 0.008192
v -0.963328 -1.257622 0.014104
v -0.963278 -1.275626 0.005640
v -0.964256 -1.267661 0.011820
v -0.965672 -1.260671 0.017026
v -1.009082 -1.273500 0.009036
v -1.007513 -1.265489 0.014709
v -1.005524 -1.258512 0.019536
v -1.011602 -1.269985 0.005358
v -1.009928 -1.262161 0.011551
v -1.007603 -1.255110 0.017084
v -1.012839 -1.266207 0.001744
v -1.011284 -1.258587 0.008575
v -1.008890 -1.251588 0.014612
v -0.998904 -1.262287 0.024549
v -0.999838 -1.270266 0.020572
v -1.000885 -1.279073 0.015321
v -0.994380 -1.262778 0.026817
v -0.994944 -1.271616 0.022783
v -0.995701 -1.280926 0.017493
v -0.989444 -1.263222 0.028217
v -0.989742 -1.272531 0.024127
v -0.990223 -1.282138 0.018771
v -0.991597 -1.299767 0.006492
v -0.997295 -1.298304 0.005453
v -1.002660 -1.296054 0.003483
v -0.992396 -1.307122 0.000447
v -0.998021 -1.305622 -0.000422
v -1.003312 -1.303304 -0.002212
v -0.993190 -1.313452 -0.005105
v -0.998693 -1.311948 -0.005811
v -1.003872 -1.309609 -0.007421
v -0.994522 -1.323029 -0.013596
v -0.999881 -1.321558 -0.014112
v -1.004928 -1.319218 -0.015520
v -0.995012 -1.326544 -0.016517
v -1.000380 -1.325094 -0.017019
v -1.005439 -1.322751 -0.018425
v -0.995395 -1.329569 -0.018912
v -1.000795 -1.328141 -0.019433
v -1.005885 -1.325797 -0.020874
v -0.995895 -1.335280 -0.023275
v -1.001312 -1.333897 -0.023859
v -1.006426 -1.331569 -0.025387
v -0.996037 -1.338557 -0.025678
v -1.001439 -1.337196 -0.026309
v -1.006541 -1.334889 -0.027894
v -0.996126 -1.342528 -0.028425
v -1.001529 -1.341184 -0.029141
v -1.006628 -1.338908 -0.030828
v -0.996205 -1.353672 -0.035447
v -1.001753 -1.352335 -0.036527
v -1.006963 -1.350167 -0.038652
v -0.996231 -1.360741 -0.039574
v -1.001928 -1.359402 -0.040913
v -1.007254 -1.357305 -0.043355
v -0.996274 -1.368298 -0.043747
v -1.002146 -1.366965 -0.045348
v -1.007609 -1.364944 -0.048111
v -0.996490 -1.383301 -0.051139
v -1.002699 -1.382038 -0.053120
v -1.008434 -1.380163 -0.056360
v -0.996638 -1.390406 -0.054198
v -1.002993 -1.389200 -0.056276
v -1.008852 -1.387383 -0.059642
v -0.996755 -1.397318 -0.056983
v -1.003248 -1.396164 -0.059117
v -1.009230 -1.394382 -0.062561
v -0.996719 -1.410999 -0.062325
v -1.003488 -1.409879 -0.064513
v -1.009730 -1.408077 -0.068045
v -0.996518 -1.418785 -0.065541
v -1.003424 -1.417671 -0.067747
v -1.009801 -1.415842 -0.071318
v -0.996189 -1.428413 -0.069804
v -1.003222 -1.427345 -0.072027
v -1.009728 -1.425526 -0.075641
v -1.009104 -1.454221 -0.089278
v -1.008660 -1.472212 -0.097845
v -1.008288 -1.490081 -0.105966
v -1.002391 -1.455785 -0.085547
v -1.001864 -1.473562 -0.094032
v -1.001405 -1.491245 -0.102051
v -0.995153 -1.456499 -0.083284
v -0.994538 -1.474005 -0.091744
v -0.993979 -1.491452 -0.099734
v -0.970846 -1.251828 0.025061
v -0.969445 -1.247393 0.023273
v -0.968158 -1.243475 0.020809
v -0.974811 -1.249709 0.028069
v -0.973839 -1.244525 0.026384
v -0.972913 -1.240144 0.023957
v -0.979373 -1.248499 0.030028
v -0.978843 -1.242822 0.028401
v -0.978321 -1.238086 0.026010
v -1.002372 -1.256914 -0.009318
v -0.998226 -1.258268 -0.012568
v -0.993049 -1.258981 -0.014797
v -1.004414 -1.261346 -0.012209
v -0.999723 -1.262929 -0.016334
v -0.993969 -1.263731 -0.019118
v -1.006465 -1.265952 -0.014773
v -1.001172 -1.267248 -0.019655
v -0.994815 -1.267895 -0.022935
v -0.970701 -1.258806 -0.011046
v -0.968996 -1.263497 -0.014284
v -0.967222 -1.268331 -0.017395
v -0.975574 -1.259618 -0.013742
v -0.974563 -1.264460 -0.017763
v -0.973488 -1.268932 -0.021494
v -0.981262 -1.259682 -0.015389
v -0.980933 -1.264524 -0.019845
v -0.980535 -1.268766 -0.023882
v -0.998445 -1.230631 0.017781
v -0.999677 -1.231755 0.019235
v -1.000771 -1.234369 0.020186
v -0.994081 -1.227950 0.019255
v -0.994843 -1.228833 0.021085
v -0.995583 -1.231361 0.022298
v -0.989134 -1.226493 0.019724
v -0.989460 -1.227237 0.021796
v -0.989850 -1.229722 0.023210
v -0.971524 -1.236632 0.008978
v -0.971772 -1.241979 0.003675
v -0.972016 -1.248041 -0.002017
v -0.975525 -1.234516 0.009682
v -0.976015 -1.240516 0.003605
v -0.976317 -1.247354 -0.002878
v -0.980012 -1.233155 0.010102
v -0.980638 -1.239577 0.003501
v -0.981130 -1.246847 -0.003508
v -0.989459 -1.232627 0.010813
v -0.990174 -1.239045 0.004114
v -0.991086 -1.246287 -0.002960
v -0.993935 -1.233482 0.011057
v -0.994665 -1.239470 0.004815
v -0.995638 -1.246260 -0.001786
v -0.997967 -1.235136 0.010932
v -0.998754 -1.240450 0.005451
v -0.999598 -1.246462 -0.000391
v -1.006013 -1.249864 0.000084
v -1.008764 -1.253393 -0.000821
v -1.011106 -1.257602 -0.001437
v -1.005627 -1.244392 0.005723
v -1.008326 -1.247402 0.005496
v -1.010372 -1.250999 0.005520
v -1.004245 -1.239020 0.010950
v -1.006590 -1.241365 0.011293
v -1.008335 -1.244487 0.011699
v -0.965269 -1.252276 -0.002488
v -0.964699 -1.246791 0.002896
v -0.965212 -1.241288 0.007999
v -0.962587 -1.256164 -0.003850
v -0.962028 -1.250154 0.002212
v -0.962873 -1.243939 0.007929
v -0.960385 -1.260648 -0.004945
v -0.960129 -1.253999 0.001883
v -0.961304 -1.247278 0.008079
v -1.015346 -1.503555 -0.165542
v -1.008393 -1.500779 -0.171230
v -0.999940 -1.497968 -0.174883
v -1.015536 -1.514966 -0.170201
v -1.008256 -1.512528 -0.176481
v -0.999584 -1.509825 -0.180548
v -1.015897 -1.525462 -0.173665
v -1.007979 -1.523581 -0.180462
v -0.998978 -1.521149 -0.184898
v -0.981250 -1.492371 -0.175192
v -0.972382 -1.490031 -0.171815
v -0.964767 -1.488558 -0.166333
v -0.980609 -1.503665 -0.180847
v -0.971546 -1.500666 -0.177073
v -0.963650 -1.498350 -0.171074
v -0.979760 -1.514545 -0.185343
v -0.970476 -1.510768 -0.181371
v -0.962118 -1.507299 -0.175072
v -0.952334 -1.504109 -0.156153
v -0.954525 -1.498022 -0.153597
v -0.956018 -1.489875 -0.149977
v -0.951551 -1.505578 -0.145316
v -0.953763 -1.500377 -0.143440
v -0.955314 -1.492762 -0.140283
v -0.952693 -1.508929 -0.135163
v -0.955092 -1.504094 -0.133673
v -0.956721 -1.496704 -0.130836
v -0.971724 -1.263671 0.023046
v -0.975529 -1.263744 0.025841
v -0.979800 -1.263719 0.027739
v -0.971172 -1.271536 0.018814
v -0.975242 -1.272464 0.021615
v -0.979712 -1.272955 0.023545
v -0.970603 -1.280245 0.013158
v -0.974931 -1.281685 0.016028
v -0.979663 -1.282511 0.018031
v -0.970511 -1.297274 0.000344
v -0.975234 -1.299104 0.003314
v -0.980378 -1.300163 0.005409
v -0.971072 -1.304680 -0.005805
v -0.975927 -1.306549 -0.002853
v -0.981170 -1.307588 -0.000779
v -0.971818 -1.311164 -0.011390
v -0.976768 -1.313017 -0.008479
v -0.982060 -1.313996 -0.006446
v -0.973163 -1.320999 -0.019870
v -0.978210 -1.322799 -0.017017
v -0.983538 -1.323666 -0.015051
v -0.973606 -1.324535 -0.022778
v -0.978670 -1.326331 -0.019929
v -0.984010 -1.327177 -0.017974
v -0.973923 -1.327518 -0.025151
v -0.978997 -1.329324 -0.022296
v -0.984350 -1.330172 -0.020348
v -0.974276 -1.333005 -0.029415
v -0.979392 -1.334873 -0.026553
v -0.984789 -1.335773 -0.024626
v -0.974298 -1.336186 -0.031747
v -0.979459 -1.338078 -0.028876
v -0.984902 -1.339003 -0.026961
v -0.974160 -1.340164 -0.034426
v -0.979391 -1.342044 -0.031521
v -0.984910 -1.342965 -0.029609
v -0.973255 -1.351887 -0.041363
v -0.978714 -1.353553 -0.038259
v -0.984515 -1.354302 -0.036291
v -0.972555 -1.359464 -0.045476
v -0.978160 -1.360947 -0.042217
v -0.984156 -1.361545 -0.040193
v -0.971830 -1.367502 -0.049644
v -0.977583 -1.368805 -0.046225
v -0.983780 -1.369259 -0.044142
v -0.970722 -1.382871 -0.057022
v -0.976718 -1.383995 -0.053365
v -0.983249 -1.384326 -0.051202
v -0.970395 -1.389801 -0.060061
v -0.976469 -1.390953 -0.056343
v -0.983110 -1.391324 -0.054167
v -0.970154 -1.396388 -0.062813
v -0.976273 -1.397626 -0.059062
v -0.982990 -1.398085 -0.056889
v -0.969715 -1.409246 -0.068041
v -0.975823 -1.410764 -0.064274
v -0.982590 -1.411473 -0.062134
v -0.969437 -1.416481 -0.071180
v -0.975497 -1.418197 -0.067416
v -0.982250 -1.419078 -0.065304
v -0.969088 -1.425305 -0.075359
v -0.975084 -1.427281 -0.071603
v -0.981807 -1.428406 -0.069521
v -0.980601 -1.455258 -0.082920
v -0.979886 -1.471900 -0.091373
v -0.979165 -1.488502 -0.099416
v -0.973947 -1.453321 -0.084945
v -0.973240 -1.469420 -0.093400
v -0.972479 -1.485460 -0.101500
v -0.968088 -1.450567 -0.088687
v -0.967422 -1.466170 -0.097167
v -0.966655 -1.481693 -0.105350
v -0.999176 -1.250122 0.026725
v -0.994611 -1.248479 0.029179
v -0.989543 -1.247855 0.030580
v -1.000229 -1.245507 0.025305
v -0.995262 -1.243185 0.027781
v -0.989825 -1.242127 0.029112
v -1.001067 -1.241476 0.023249
v -0.995813 -1.238739 0.025669
v -0.990059 -1.237362 0.026892
v -0.969850 -1.232273 0.015334
v -0.973923 -1.229102 0.017474
v -0.978727 -1.227086 0.018789
v -0.968536 -1.233562 0.016533
v -0.973035 -1.230094 0.019135
v -0.978241 -1.227884 0.020776
v -0.967625 -1.236318 0.017363
v -0.972446 -1.232718 0.020276
v -0.977969 -1.230417 0.022157
v -1.022167 -1.479096 -0.135834
v -1.021524 -1.482378 -0.127314
v -1.018746 -1.485458 -0.118956
v -1.022544 -1.460323 -0.126368
v -1.021857 -1.463800 -0.118273
v -1.019053 -1.467139 -0.110313
v -1.022979 -1.441594 -0.116640
v -1.022254 -1.445191 -0.108905
v -1.019429 -1.448727 -0.101293
v -0.959843 -1.518981 -0.119489
v -0.962975 -1.513950 -0.118580
v -0.964742 -1.506231 -0.116321
v -0.966074 -1.525133 -0.114219
v -0.969211 -1.519290 -0.113857
v -0.970797 -1.510969 -0.112023
v -0.974539 -1.531810 -0.110285
v -0.976791 -1.524265 -0.110829
v -0.977828 -1.515050 -0.109529
v -0.995895 -1.537141 -0.108507
v -0.993981 -1.528755 -0.110176
v -0.993459 -1.519118 -0.109429
v -1.005192 -1.535101 -0.111287
v -1.002304 -1.528023 -0.112685
v -1.001232 -1.518939 -0.111825
v -1.012458 -1.532785 -0.116093
v -1.009568 -1.526475 -0.117119
v -1.008348 -1.517776 -0.116022
v -1.079616 -1.492726 -0.121170
v -1.077129 -1.501146 -0.126437
v -1.074478 -1.509812 -0.132001
v -1.086450 -1.493725 -0.124674
v -1.084014 -1.502537 -0.129811
v -1.081478 -1.511694 -0.135305
v -1.094617 -1.495739 -0.126586
v -1.092239 -1.504893 -0.131484
v -1.089824 -1.514480 -0.136765
v -1.074441 -1.501198 -0.093524
v -1.072022 -1.508108 -0.097545
v -1.069355 -1.515013 -0.101486
v -1.072475 -1.497644 -0.101294
v -1.070028 -1.504848 -0.105853
v -1.067321 -1.512073 -0.110438
v -1.072471 -1.494770 -0.109078
v -1.069984 -1.502352 -0.114058
v -1.067246 -1.510008 -0.119164
v -1.107646 -1.521415 -0.135028
v -1.115738 -1.524958 -0.132121
v -1.122411 -1.528197 -0.127946
v -1.109930 -1.511300 -0.130426
v -1.118033 -1.514793 -0.127922
v -1.124752 -1.518135 -0.124172
v -1.112248 -1.501701 -0.126105
v -1.120366 -1.505132 -0.123893
v -1.127125 -1.508547 -0.120452
v -1.124905 -1.551022 -0.120656
v -1.123297 -1.560415 -0.122162
v -1.121824 -1.571241 -0.123340
v -1.124409 -1.551381 -0.112778
v -1.122750 -1.560461 -0.113929
v -1.121268 -1.571015 -0.114759
v -1.121869 -1.551234 -0.104834
v -1.120161 -1.560035 -0.105691
v -1.118673 -1.570338 -0.106240
v -1.098675 -1.480751 -0.118748
v -1.100274 -1.475038 -0.115824
v -1.101676 -1.470003 -0.113317
v -1.090590 -1.479159 -0.116363
v -1.092250 -1.473544 -0.113233
v -1.093725 -1.468556 -0.110547
v -1.083831 -1.478629 -0.112505
v -1.085559 -1.473113 -0.109187
v -1.087119 -1.468166 -0.106328
v -1.076737 -1.481662 -0.100485
v -1.078588 -1.476316 -0.097015
v -1.080331 -1.471401 -0.093957
v -1.076734 -1.484969 -0.093151
v -1.078639 -1.479669 -0.089730
v -1.080470 -1.474733 -0.086662
v -1.078722 -1.488827 -0.086000
v -1.080683 -1.483524 -0.082676
v -1.082595 -1.478533 -0.079629
v -1.131180 -1.492857 -0.114200
v -1.132720 -1.486908 -0.111755
v -1.134008 -1.481738 -0.109540
v -1.124359 -1.489404 -0.117281
v -1.125883 -1.483471 -0.114755
v -1.127172 -1.478315 -0.112516
v -1.116221 -1.486102 -0.119144
v -1.117748 -1.480221 -0.116529
v -1.119056 -1.475096 -0.114249
v -1.136307 -1.504384 -0.093274
v -1.138095 -1.498716 -0.091339
v -1.139517 -1.493613 -0.089325
v -1.138340 -1.502196 -0.099195
v -1.140042 -1.496451 -0.097151
v -1.141403 -1.491341 -0.095105
v -1.138348 -1.499434 -0.104904
v -1.139978 -1.493592 -0.102710
v -1.141300 -1.488455 -0.100596
v -1.104197 -1.460290 -0.108706
v -1.105495 -1.454858 -0.106024
v -1.106953 -1.448594 -0.102600
v -1.096420 -1.458864 -0.105693
v -1.097811 -1.453457 -0.102949
v -1.099361 -1.447271 -0.099498
v -1.090021 -1.458483 -0.101223
v -1.091524 -1.453104 -0.098423
v -1.093178 -1.447007 -0.094970
v -1.083745 -1.461636 -0.088559
v -1.085535 -1.456270 -0.085762
v -1.087455 -1.450309 -0.082462
v -1.084145 -1.464872 -0.081248
v -1.086082 -1.459494 -0.078516
v -1.088134 -1.453574 -0.075367
v -1.086476 -1.468560 -0.074243
v -1.088519 -1.463176 -0.071597
v -1.090660 -1.457298 -0.068613
v -1.136096 -1.472109 -0.105035
v -1.137090 -1.466808 -0.102286
v -1.138216 -1.460598 -0.098851
v -1.129348 -1.468636 -0.108102
v -1.130422 -1.463267 -0.105425
v -1.131641 -1.456986 -0.102026
v -1.121324 -1.465382 -0.109871
v -1.122470 -1.459966 -0.107232
v -1.123770 -1.453647 -0.103846
v -1.141316 -1.484166 -0.084440
v -1.141911 -1.479174 -0.081324
v -1.142576 -1.473445 -0.077640
v -1.143214 -1.481891 -0.090302
v -1.143878 -1.476832 -0.087246
v -1.144628 -1.470976 -0.083588
v -1.143191 -1.478956 -0.095881
v -1.143966 -1.473818 -0.092925
v -1.144844 -1.467831 -0.089341
v -1.110707 -1.432439 -0.092210
v -1.112882 -1.423091 -0.085604
v -1.114977 -1.413994 -0.078977
v -1.103269 -1.431553 -0.089145
v -1.105503 -1.422545 -0.082583
v -1.107645 -1.413807 -0.075997
v -1.097247 -1.431766 -0.084790
v -1.099532 -1.423125 -0.078376
v -1.101709 -1.414772 -0.071935
v -1.091868 -1.435935 -0.073156
v -1.094224 -1.427979 -0.067392
v -1.096434 -1.420343 -0.061610
v -1.092692 -1.439533 -0.066702
v -1.095059 -1.431847 -0.061391
v -1.097264 -1.424489 -0.056066
v -1.095292 -1.443519 -0.060606
v -1.097647 -1.436027 -0.055748
v -1.099828 -1.428867 -0.050885
v -1.141315 -1.443937 -0.088986
v -1.143200 -1.434024 -0.082909
v -1.145037 -1.424280 -0.076852
v -1.134922 -1.440235 -0.091993
v -1.136882 -1.430317 -0.085720
v -1.138787 -1.420588 -0.079451
v -1.127215 -1.436951 -0.093649
v -1.129251 -1.427129 -0.087206
v -1.131225 -1.417517 -0.080757
v -1.144894 -1.458289 -0.068308
v -1.146534 -1.449296 -0.063000
v -1.148216 -1.440435 -0.057803
v -1.147089 -1.455346 -0.074076
v -1.148768 -1.446038 -0.068569
v -1.150467 -1.436863 -0.063155
v -1.147514 -1.451758 -0.079720
v -1.149252 -1.442167 -0.074030
v -1.150983 -1.432716 -0.068406
v -1.118097 -1.399834 -0.068424
v -1.119017 -1.395211 -0.064901
v -1.119651 -1.391719 -0.062166
v -1.110822 -1.400229 -0.065455
v -1.111758 -1.395783 -0.061907
v -1.112407 -1.392400 -0.059147
v -1.104926 -1.401807 -0.061562
v -1.105875 -1.397544 -0.058027
v -1.106539 -1.394270 -0.055263
v -1.099699 -1.408483 -0.052168
v -1.100690 -1.404525 -0.048854
v -1.101409 -1.401414 -0.046210
v -1.100536 -1.413041 -0.047318
v -1.101556 -1.409183 -0.044198
v -1.102315 -1.406114 -0.041672
v -1.103090 -1.417701 -0.042843
v -1.104133 -1.413902 -0.039928
v -1.104930 -1.410852 -0.037532
v -1.147757 -1.408986 -0.067133
v -1.148526 -1.403994 -0.063789
v -1.149020 -1.400293 -0.061100
v -1.141610 -1.405354 -0.069444
v -1.142418 -1.400393 -0.066053
v -1.142946 -1.396712 -0.063358
v -1.134161 -1.402499 -0.070500
v -1.135015 -1.397609 -0.067066
v -1.135585 -1.393964 -0.064367
v -1.150853 -1.426337 -0.049344
v -1.151675 -1.421574 -0.046290
v -1.152272 -1.417887 -0.043767
v -1.153079 -1.422312 -0.054365
v -1.153861 -1.417447 -0.051220
v -1.154405 -1.413737 -0.048630
v -1.153593 -1.417784 -0.059301
v -1.154348 -1.412844 -0.056078
v -1.154850 -1.409128 -0.053437
v -1.120520 -1.386436 -0.057756
v -1.120922 -1.384044 -0.055575
v -1.121371 -1.381581 -0.053171
v -1.113329 -1.387150 -0.054762
v -1.113773 -1.384703 -0.052618
v -1.114271 -1.382154 -0.050227
v -1.107513 -1.389057 -0.050907
v -1.107996 -1.386546 -0.048791
v -1.108537 -1.383880 -0.046398
v -1.102537 -1.396197 -0.041987
v -1.103103 -1.393522 -0.039914
v -1.103711 -1.390560 -0.037521
v -1.103539 -1.400850 -0.037556
v -1.104146 -1.398086 -0.035501
v -1.104774 -1.394973 -0.033113
v -1.106242 -1.405536 -0.033529
v -1.106880 -1.402696 -0.031489
v -1.107518 -1.399455 -0.029103
v -1.149588 -1.395100 -0.056480
v -1.149819 -1.392828 -0.054079
v -1.150090 -1.390284 -0.051389
v -1.143574 -1.391499 -0.058785
v -1.143834 -1.389234 -0.056430
v -1.144130 -1.386779 -0.053818
v -1.136301 -1.388706 -0.059860
v -1.136606 -1.386413 -0.057567
v -1.136948 -1.384001 -0.055045
v -1.153155 -1.412197 -0.039438
v -1.153572 -1.409429 -0.037192
v -1.154029 -1.406205 -0.034597
v -1.155148 -1.408207 -0.044167
v -1.155490 -1.405592 -0.041846
v -1.155875 -1.402540 -0.039183
v -1.155476 -1.403768 -0.048870
v -1.155750 -1.401311 -0.046486
v -1.156069 -1.398452 -0.043770
v -1.122588 -1.375821 -0.047061
v -1.123398 -1.372464 -0.043416
v -1.124337 -1.368918 -0.039671
v -1.115606 -1.376171 -0.043959
v -1.116495 -1.372633 -0.040122
v -1.117559 -1.368815 -0.036154
v -1.109959 -1.377484 -0.039915
v -1.110867 -1.373543 -0.035785
v -1.111931 -1.369060 -0.031369
v -1.105163 -1.383092 -0.030795
v -1.106059 -1.378312 -0.026339
v -1.107119 -1.372699 -0.021289
v -1.106170 -1.386975 -0.026394
v -1.107044 -1.381885 -0.021964
v -1.108158 -1.376045 -0.017001
v -1.108824 -1.390998 -0.022394
v -1.109628 -1.385612 -0.017998
v -1.110706 -1.379489 -0.013108
v -1.150952 -1.383014 -0.044537
v -1.151560 -1.378073 -0.040375
v -1.152184 -1.372474 -0.035978
v -1.145023 -1.380158 -0.047281
v -1.145587 -1.375893 -0.043415
v -1.146093 -1.371274 -0.039444
v -1.137923 -1.377905 -0.048794
v -1.138524 -1.374167 -0.045132
v -1.139096 -1.370205 -0.041379
v -1.155189 -1.396970 -0.027531
v -1.155846 -1.390757 -0.023005
v -1.156442 -1.383690 -0.018019
v -1.156940 -1.393616 -0.032050
v -1.157593 -1.387514 -0.027508
v -1.158231 -1.380536 -0.022472
v -1.157033 -1.389967 -0.036604
v -1.157702 -1.384050 -0.032071
v -1.158457 -1.377158 -0.027005
v -1.110183 -1.359183 -0.009490
v -1.112544 -1.352100 -0.003645
v -1.115639 -1.345499 0.001415
v -1.111606 -1.362364 -0.006054
v -1.114085 -1.355213 -0.000701
v -1.117106 -1.348665 0.003988
v -1.114187 -1.365312 -0.002572
v -1.116568 -1.358062 0.002364
v -1.119226 -1.351654 0.006470
v -1.157085 -1.367840 -0.007361
v -1.156918 -1.360006 -0.002311
v -1.156248 -1.353180 0.002042
v -1.159011 -1.365026 -0.011345
v -1.158817 -1.357321 -0.005784
v -1.157944 -1.350365 -0.000733
v -1.159824 -1.361806 -0.015053
v -1.159830 -1.354286 -0.008924
v -1.158966 -1.347356 -0.003401
v -1.150968 -1.355768 0.007918
v -1.150707 -1.363359 0.004585
v -1.150355 -1.371803 0.000094
v -1.147316 -1.355675 0.010759
v -1.146614 -1.364011 0.007491
v -1.145904 -1.372859 0.003063
v -1.143117 -1.355552 0.012876
v -1.142084 -1.364286 0.009634
v -1.141034 -1.373348 0.005227
v -1.139317 -1.390067 -0.005150
v -1.144560 -1.389538 -0.007262
v -1.149342 -1.388299 -0.010217
v -1.138703 -1.397072 -0.010340
v -1.143955 -1.396624 -0.012374
v -1.148738 -1.395435 -0.015242
v -1.138179 -1.403109 -0.015132
v -1.143382 -1.402764 -0.017081
v -1.148114 -1.401659 -0.019850
v -1.137160 -1.412227 -0.022453
v -1.142274 -1.412033 -0.024301
v -1.146930 -1.411044 -0.026955
v -1.136606 -1.415568 -0.024957
v -1.141721 -1.415408 -0.026805
v -1.146386 -1.414430 -0.029465
v -1.136023 -1.418457 -0.027016
v -1.141158 -1.418327 -0.028887
v -1.145853 -1.417356 -0.031584
v -1.134772 -1.424033 -0.030844
v -1.139965 -1.424019 -0.032811
v -1.144735 -1.423132 -0.035630
v -1.134018 -1.427377 -0.033043
v -1.139239 -1.427471 -0.035084
v -1.144043 -1.426686 -0.037989
v -1.133063 -1.431586 -0.035653
v -1.138311 -1.431826 -0.037797
v -1.143145 -1.431188 -0.040819
v -1.130236 -1.443913 -0.042674
v -1.135542 -1.444560 -0.045140
v -1.140425 -1.444353 -0.048538
v -1.128456 -1.451688 -0.046902
v -1.133811 -1.452568 -0.049590
v -1.138727 -1.452616 -0.053242
v -1.126660 -1.459643 -0.051177
v -1.132097 -1.460735 -0.054117
v -1.137071 -1.461022 -0.058050
v -1.123686 -1.473407 -0.058578
v -1.129452 -1.474741 -0.062073
v -1.134667 -1.475341 -0.066581
v -1.122526 -1.478887 -0.061543
v -1.128525 -1.480232 -0.065284
v -1.133916 -1.480880 -0.070031
v -1.121383 -1.483884 -0.064231
v -1.127622 -1.485186 -0.068139
v -1.133204 -1.485817 -0.073039
v -1.118517 -1.493925 -0.069458
v -1.125144 -1.495034 -0.073289
v -1.131067 -1.495473 -0.078100
v -1.116635 -1.499413 -0.072061
v -1.123385 -1.500412 -0.075677
v -1.129438 -1.500721 -0.080290
v -1.114449 -1.505311 -0.074511
v -1.121282 -1.506222 -0.077894
v -1.127440 -1.506430 -0.082312
v -1.122409 -1.519661 -0.085997
v -1.119577 -1.527095 -0.087605
v -1.116779 -1.534810 -0.088934
v -1.116112 -1.519430 -0.081636
v -1.113232 -1.526742 -0.083058
v -1.110379 -1.534312 -0.084100
v -1.109214 -1.518537 -0.078490
v -1.106321 -1.525775 -0.079860
v -1.103439 -1.533243 -0.080761
v -1.126133 -1.343668 0.012465
v -1.125146 -1.339454 0.010782
v -1.124174 -1.335726 0.008480
v -1.130577 -1.341913 0.014427
v -1.130033 -1.337055 0.012725
v -1.129377 -1.332953 0.010377
v -1.135333 -1.341074 0.015371
v -1.135179 -1.335822 0.013629
v -1.134847 -1.331458 0.011237
v -1.149532 -1.352484 -0.023855
v -1.145222 -1.353446 -0.026071
v -1.140149 -1.353681 -0.027223
v -1.150626 -1.356896 -0.026594
v -1.145655 -1.358041 -0.029500
v -1.139951 -1.358308 -0.031048
v -1.151740 -1.361503 -0.029058
v -1.146113 -1.362324 -0.032551
v -1.139793 -1.362361 -0.034426
v -1.120470 -1.351178 -0.020165
v -1.118035 -1.355416 -0.022533
v -1.115566 -1.359690 -0.024683
v -1.124401 -1.352510 -0.023373
v -1.122469 -1.356984 -0.026563
v -1.120577 -1.361016 -0.029420
v -1.129305 -1.353193 -0.025801
v -1.127928 -1.357758 -0.029511
v -1.126617 -1.361678 -0.032798
v -1.151729 -1.326909 0.000004
v -1.152943 -1.328012 0.001189
v -1.153871 -1.330489 0.002025
v -1.148427 -1.323930 0.001904
v -1.149317 -1.324748 0.003496
v -1.149980 -1.327099 0.004624
v -1.144396 -1.322054 0.003052
v -1.144957 -1.322689 0.004928
v -1.145337 -1.324960 0.006296
v -1.126317 -1.330040 -0.003308
v -1.125220 -1.335202 -0.007876
v -1.124006 -1.341036 -0.012759
v -1.130215 -1.328457 -0.003435
v -1.129166 -1.334274 -0.008712
v -1.127820 -1.340860 -0.014283
v -1.134408 -1.327632 -0.003858
v -1.133384 -1.333870 -0.009612
v -1.132110 -1.340892 -0.015669
v -1.142843 -1.328076 -0.004772
v -1.141969 -1.334313 -0.010631
v -1.141155 -1.341343 -0.016820
v -1.146676 -1.329316 -0.005226
v -1.145967 -1.335134 -0.010696
v -1.145368 -1.341728 -0.016488
v -1.150015 -1.331257 -0.005901
v -1.149553 -1.336428 -0.010723
v -1.149052 -1.342258 -0.015847
v -1.154569 -1.346014 -0.016268
v -1.156658 -1.349582 -0.017355
v -1.158378 -1.353747 -0.018092
v -1.155345 -1.340741 -0.011372
v -1.157500 -1.343793 -0.011855
v -1.159084 -1.347315 -0.011975
v -1.155192 -1.335473 -0.006688
v -1.157140 -1.337855 -0.006628
v -1.158534 -1.340885 -0.006369
v -1.117469 -1.344292 -0.011851
v -1.118294 -1.338971 -0.007168
v -1.120065 -1.333751 -0.002917
v -1.114491 -1.347651 -0.012419
v -1.115471 -1.341838 -0.007161
v -1.117697 -1.335977 -0.002450
v -1.111913 -1.351574 -0.012751
v -1.113312 -1.345217 -0.006915
v -1.115942 -1.338922 -0.001860
v -1.118589 -1.547772 -0.134613
v -1.112028 -1.544818 -0.140064
v -1.103923 -1.541228 -0.144194
v -1.117114 -1.557728 -0.137298
v -1.110595 -1.554921 -0.143531
v -1.102455 -1.551309 -0.148420
v -1.115684 -1.569042 -0.139623
v -1.109164 -1.566351 -0.146616
v -1.100959 -1.562674 -0.152253
v -1.085459 -1.533022 -0.147609
v -1.076528 -1.529096 -0.146445
v -1.068918 -1.525920 -0.143054
v -1.083506 -1.542317 -0.152825
v -1.074080 -1.537611 -0.151846
v -1.065854 -1.533470 -0.148486
v -1.081515 -1.552734 -0.157728
v -1.071512 -1.547057 -0.157108
v -1.062395 -1.541602 -0.154102
v -1.052726 -1.534370 -0.138055
v -1.057176 -1.529367 -0.133364
v -1.060953 -1.523682 -0.128794
v -1.052782 -1.533974 -0.126304
v -1.057165 -1.529931 -0.122594
v -1.060973 -1.524863 -0.118818
v -1.054709 -1.535695 -0.114404
v -1.059230 -1.532058 -0.111412
v -1.063068 -1.527272 -0.108402
v -1.125450 -1.354756 0.011159
v -1.129567 -1.355007 0.013081
v -1.134022 -1.355222 0.014088
v -1.123664 -1.362024 0.007837
v -1.127968 -1.363094 0.009767
v -1.132573 -1.363819 0.010805
v -1.121674 -1.370009 0.003311
v -1.126168 -1.371605 0.005282
v -1.130981 -1.372704 0.006359
v -1.118592 -1.385394 -0.007002
v -1.123376 -1.387522 -0.005064
v -1.128520 -1.389035 -0.004035
v -1.117713 -1.391996 -0.011947
v -1.122593 -1.394259 -0.010118
v -1.127819 -1.395868 -0.009194
v -1.117090 -1.397771 -0.016446
v -1.122041 -1.400111 -0.014747
v -1.127312 -1.401764 -0.013945
v -1.115996 -1.406713 -0.023336
v -1.121033 -1.409091 -0.021823
v -1.126353 -1.410739 -0.021194
v -1.115378 -1.410066 -0.025754
v -1.120437 -1.412434 -0.024272
v -1.125780 -1.414061 -0.023674
v -1.114722 -1.412965 -0.027779
v -1.119795 -1.415320 -0.026299
v -1.125158 -1.416930 -0.025706
v -1.113328 -1.418342 -0.031597
v -1.118414 -1.420708 -0.030064
v -1.123813 -1.422342 -0.029453
v -1.112499 -1.421413 -0.033790
v -1.117593 -1.423816 -0.032208
v -1.123010 -1.425508 -0.031582
v -1.111446 -1.425215 -0.036395
v -1.116557 -1.427680 -0.034739
v -1.121999 -1.429464 -0.034092
v -1.108285 -1.436309 -0.043399
v -1.113480 -1.438967 -0.041506
v -1.119014 -1.441047 -0.040794
v -1.106210 -1.443385 -0.047593
v -1.111482 -1.446149 -0.045548
v -1.117096 -1.448400 -0.044798
v -1.103978 -1.450764 -0.051786
v -1.109352 -1.453604 -0.049591
v -1.115082 -1.455991 -0.048809
v -1.099568 -1.464248 -0.058799
v -1.105239 -1.467054 -0.056379
v -1.111335 -1.469476 -0.055580
v -1.097500 -1.469990 -0.061512
v -1.103340 -1.472704 -0.059030
v -1.109661 -1.475043 -0.058243
v -1.095491 -1.475303 -0.064008
v -1.101480 -1.477940 -0.061494
v -1.108013 -1.480189 -0.060721
v -1.091525 -1.485486 -0.069337
v -1.097660 -1.488185 -0.066815
v -1.104438 -1.490442 -0.066032
v -1.089501 -1.490712 -0.072331
v -1.095615 -1.493557 -0.069779
v -1.102406 -1.495932 -0.068934
v -1.087402 -1.496223 -0.075433
v -1.093445 -1.499240 -0.072768
v -1.100187 -1.501768 -0.071787
v -1.095148 -1.514716 -0.076656
v -1.092389 -1.521723 -0.078450
v -1.089565 -1.528865 -0.079752
v -1.088637 -1.511889 -0.078234
v -1.086003 -1.518739 -0.080489
v -1.083250 -1.525667 -0.082324
v -1.082836 -1.508604 -0.081561
v -1.080321 -1.515347 -0.084376
v -1.077634 -1.522117 -0.086876
v -1.152333 -1.344543 0.009155
v -1.148890 -1.342472 0.012048
v -1.144742 -1.341344 0.014128
v -1.153364 -1.340469 0.007421
v -1.149646 -1.337726 0.010359
v -1.145227 -1.336156 0.012407
v -1.154088 -1.336930 0.005175
v -1.150151 -1.333776 0.008084
v -1.145484 -1.331875 0.010064
v -1.126232 -1.325607 0.002501
v -1.130507 -1.323002 0.003613
v -1.135161 -1.321571 0.003919
v -1.125118 -1.326628 0.003881
v -1.129885 -1.323769 0.005328
v -1.134976 -1.322183 0.005855
v -1.124131 -1.329072 0.004952
v -1.129272 -1.326103 0.006621
v -1.134719 -1.324447 0.007308
v -1.129054 -1.532771 -0.116118
v -1.128711 -1.533982 -0.109030
v -1.126322 -1.534641 -0.101806
v -1.131539 -1.523394 -0.113203
v -1.131276 -1.525107 -0.106533
v -1.128970 -1.526263 -0.099716
v -1.134045 -1.514412 -0.110195
v -1.133866 -1.516592 -0.103915
v -1.131645 -1.518216 -0.097479
v -1.062519 -1.543616 -0.093997
v -1.067708 -1.539753 -0.092116
v -1.071605 -1.534637 -0.090583
v -1.068120 -1.549256 -0.086517
v -1.073551 -1.544611 -0.085310
v -1.077378 -1.538871 -0.084534
v -1.074930 -1.555764 -0.081149
v -1.080272 -1.549555 -0.080818
v -1.083879 -1.542886 -0.080768
v -1.092496 -1.565788 -0.079920
v -1.095582 -1.556498 -0.080565
v -1.098216 -1.548393 -0.081042
v -1.101271 -1.567791 -0.084202
v -1.103274 -1.558053 -0.084612
v -1.105396 -1.549696 -0.084831
v -1.108567 -1.568840 -0.090490
v -1.110139 -1.558889 -0.090561
v -1.111999 -1.550411 -0.090400
v -1.046250 -1.546010 -0.100505
v -1.048623 -1.552127 -0.092888
v -1.051616 -1.560624 -0.086919
v -1.035963 -1.544465 -0.104977
v -1.035318 -1.549960 -0.097982
v -1.034411 -1.557781 -0.092632
v -1.025992 -1.541532 -0.109483
v -1.022112 -1.546027 -0.103312
v -1.016700 -1.552434 -0.098876
v -0.958434 -1.571779 -0.100758
v -0.957542 -1.593912 -0.097062
v -0.956248 -1.616956 -0.093649
v -0.933633 -1.568937 -0.102609
v -0.932435 -1.591152 -0.099212
v -0.930908 -1.614672 -0.095856
v -0.909248 -1.564998 -0.103714
v -0.907976 -1.588263 -0.100391
v -0.906423 -1.612347 -0.097089
v -1.054795 -1.587964 -0.080476
v -1.054418 -1.605882 -0.079170
v -1.053892 -1.624989 -0.078037
v -1.032919 -1.584691 -0.085683
v -1.032451 -1.603260 -0.083411
v -1.031895 -1.623154 -0.081455
v -1.009015 -1.579818 -0.091857
v -1.008262 -1.600057 -0.088676
v -1.007543 -1.621211 -0.085940
v -1.086515 -1.628735 -0.078779
v -1.087205 -1.610122 -0.078892
v -1.087969 -1.592698 -0.079040
v -1.096829 -1.630730 -0.083458
v -1.097673 -1.611997 -0.083412
v -1.098492 -1.594742 -0.083517
v -1.104162 -1.632774 -0.090243
v -1.105219 -1.613686 -0.090090
v -1.106197 -1.596205 -0.090144
v -0.776588 -1.687816 -0.085471
v -0.769863 -1.694852 -0.081078
v -0.762432 -1.700000 -0.076759
v -0.767601 -1.680982 -0.092923
v -0.761848 -1.687924 -0.089765
v -0.755373 -1.693096 -0.086599
v -0.760089 -1.676300 -0.101746
v -0.755168 -1.683413 -0.099579
v -0.749462 -1.688865 -0.097318
v -1.051789 -1.663897 -0.075176
v -1.049933 -1.683039 -0.073249
v -1.047510 -1.701993 -0.071012
v -1.029801 -1.663172 -0.077081
v -1.028067 -1.682544 -0.074383
v -1.025838 -1.701577 -0.071445
v -1.005234 -1.662773 -0.080170
v -1.003544 -1.682570 -0.076793
v -1.001519 -1.701854 -0.073244
v -1.101215 -1.672932 -0.091511
v -1.099253 -1.693198 -0.092461
v -1.097066 -1.713458 -0.093283
v -1.094145 -1.670055 -0.084081
v -1.092143 -1.689931 -0.084475
v -1.089773 -1.709811 -0.084645
v -1.084068 -1.667371 -0.078508
v -1.082052 -1.686823 -0.078189
v -1.079548 -1.706259 -0.077564
v -0.758238 -1.728188 -0.050908
v -0.765078 -1.741896 -0.042405
v -0.772661 -1.756407 -0.035024
v -0.747250 -1.731381 -0.049179
v -0.752223 -1.746543 -0.040473
v -0.757822 -1.762708 -0.033027
v -0.736792 -1.733302 -0.048567
v -0.739735 -1.749851 -0.039968
v -0.742797 -1.767913 -0.032846
v -0.800364 -1.742777 -0.046502
v -0.789745 -1.730586 -0.052814
v -0.779746 -1.719210 -0.059894
v -0.813430 -1.735075 -0.055416
v -0.801107 -1.723612 -0.060796
v -0.789593 -1.713075 -0.066729
v -0.826415 -1.725608 -0.065002
v -0.811743 -1.714736 -0.069208
v -0.798597 -1.704976 -0.073832
v -0.955359 -1.853317 -0.052018
v -0.940431 -1.854757 -0.050078
v -0.925625 -1.855163 -0.046961
v -0.953553 -1.834452 -0.052830
v -0.938131 -1.835611 -0.051006
v -0.923075 -1.836144 -0.047840
v -0.951677 -1.815454 -0.054782
v -0.935092 -1.816391 -0.053061
v -0.919141 -1.817104 -0.049851
v -0.772683 -1.873867 -0.044925
v -0.784521 -1.887136 -0.048292
v -0.796509 -1.899776 -0.052023
v -0.761203 -1.880093 -0.059961
v -0.772982 -1.893157 -0.063386
v -0.784640 -1.905589 -0.066919
v -0.751519 -1.883548 -0.076859
v -0.762904 -1.896437 -0.080213
v -0.773879 -1.908646 -0.083457
v -0.873801 -1.785995 -0.044471
v -0.858159 -1.790614 -0.036081
v -0.842849 -1.796431 -0.028032
v -0.864414 -1.769822 -0.049148
v -0.848358 -1.775615 -0.040118
v -0.832965 -1.782281 -0.031395
v -0.853791 -1.753726 -0.054752
v -0.837535 -1.761184 -0.044998
v -0.822322 -1.768690 -0.035739
v -1.061683 -1.974440 -0.166122
v -1.059824 -1.990686 -0.164987
v -1.058676 -2.011066 -0.163948
v -1.065641 -1.971804 -0.153296
v -1.063613 -1.987972 -0.151692
v -1.062405 -2.008357 -0.150096
v -1.064742 -1.969514 -0.139975
v -1.062646 -1.985682 -0.137938
v -1.061535 -2.006126 -0.135843
v -1.022554 -2.150405 -0.070625
v -1.019252 -2.105454 -0.074807
v -1.016248 -2.064466 -0.078622
v -1.039441 -2.150302 -0.081420
v -1.036371 -2.105299 -0.085500
v -1.033677 -2.064344 -0.089283
v -1.053027 -2.150656 -0.094276
v -1.050111 -2.105665 -0.098185
v -1.047669 -2.064788 -0.101848
v -1.041165 -2.077049 -0.189287
v -1.026337 -2.080145 -0.200288
v -1.008614 -2.083285 -0.209275
v -1.044544 -2.115580 -0.189990
v -1.029981 -2.117667 -0.201549
v -1.012354 -2.119741 -0.210980
v -1.048774 -2.157847 -0.190846
v -1.034447 -2.158713 -0.203016
v -1.016855 -2.159492 -0.212943
v -0.966554 -2.089200 -0.220492
v -0.943723 -2.091643 -0.222468
v -0.921011 -2.093470 -0.221921
v -0.969620 -2.123752 -0.222888
v -0.946065 -2.125472 -0.225122
v -0.922550 -2.126741 -0.224739
v -0.973231 -2.161174 -0.225676
v -0.948808 -2.161999 -0.228252
v -0.924337 -2.162576 -0.228124
v -0.879882 -2.094512 -0.212978
v -0.862872 -2.093776 -0.204503
v -0.848796 -2.092520 -0.193344
v -0.880135 -2.127193 -0.215730
v -0.862789 -2.126439 -0.206975
v -0.848593 -2.125362 -0.195348
v -0.880351 -2.162308 -0.219228
v -0.862551 -2.161545 -0.210257
v -0.848135 -2.160697 -0.198176
v -0.831020 -2.089421 -0.163145
v -0.828082 -2.087748 -0.145306
v -0.829596 -2.085892 -0.127186
v -0.831231 -2.123235 -0.163591
v -0.828767 -2.122316 -0.144742
v -0.830855 -2.121337 -0.125580
v -0.831043 -2.159752 -0.164656
v -0.829023 -2.159729 -0.144577
v -0.831700 -2.159771 -0.124107
v -0.847229 -2.081317 -0.094797
v -0.862821 -2.078643 -0.082065
v -0.881811 -2.075878 -0.072128
v -0.849694 -2.118691 -0.091387
v -0.865814 -2.116963 -0.078017
v -0.885228 -2.115052 -0.067656
v -0.851943 -2.159295 -0.087536
v -0.868752 -2.158604 -0.073278
v -0.888745 -2.157627 -0.062311
v -0.926414 -2.070613 -0.061857
v -0.950197 -2.068361 -0.061658
v -0.973715 -2.066514 -0.064521
v -0.930213 -2.110986 -0.057269
v -0.953944 -2.109058 -0.057292
v -0.977290 -2.107397 -0.060424
v -0.934272 -2.154932 -0.051764
v -0.957954 -2.153424 -0.052134
v -0.981115 -2.152047 -0.055699
v -0.857061 -1.653491 -0.090456
v -0.852579 -1.674845 -0.086337
v -0.846619 -1.695047 -0.081037
v -0.838574 -1.649507 -0.090576
v -0.834386 -1.669441 -0.087129
v -0.828614 -1.687603 -0.082725
v -0.821970 -1.645224 -0.091105
v -0.818357 -1.663694 -0.088381
v -0.813165 -1.680267 -0.084911
v -0.901141 -1.659215 -0.089555
v -0.926324 -1.660808 -0.088225
v -0.952584 -1.661816 -0.086211
v -0.897507 -1.681467 -0.084893
v -0.923542 -1.682495 -0.083705
v -0.950428 -1.682827 -0.081931
v -0.893872 -1.703206 -0.079443
v -0.921111 -1.703363 -0.078801
v -0.948492 -1.703002 -0.077461
v -0.767027 -1.656639 -0.104876
v -0.768925 -1.644378 -0.105749
v -0.769804 -1.631029 -0.106343
v -0.776269 -1.660829 -0.097555
v -0.778947 -1.647846 -0.098871
v -0.780427 -1.633548 -0.099864
v -0.787192 -1.666572 -0.091999
v -0.790735 -1.652535 -0.093887
v -0.792904 -1.636952 -0.095357
v -0.831586 -1.707929 -0.224527
v -0.833735 -1.734511 -0.226446
v -0.835778 -1.762186 -0.228011
v -0.852688 -1.707753 -0.227404
v -0.854431 -1.734177 -0.228977
v -0.856004 -1.761636 -0.230264
v -0.874870 -1.708621 -0.228400
v -0.876197 -1.734862 -0.229790
v -0.877298 -1.762050 -0.230974
v -0.772784 -1.774242 -0.203361
v -0.785546 -1.769946 -0.211243
v -0.800315 -1.766397 -0.218319
v -0.769884 -1.745936 -0.198438
v -0.782683 -1.741751 -0.207381
v -0.797604 -1.738373 -0.215456
v -0.767185 -1.717796 -0.192413
v -0.780004 -1.714294 -0.202947
v -0.794985 -1.711365 -0.212187
v -0.764573 -1.667486 -0.183292
v -0.776283 -1.665423 -0.195741
v -0.790740 -1.662868 -0.206238
v -0.764191 -1.647068 -0.181257
v -0.775057 -1.644647 -0.193444
v -0.789049 -1.641596 -0.203869
v -0.763314 -1.629040 -0.179575
v -0.773637 -1.625883 -0.191463
v -0.787267 -1.621833 -0.201667
v -0.824997 -2.029420 -0.131133
v -0.824616 -2.032341 -0.148460
v -0.828671 -2.034849 -0.165319
v -0.821165 -2.008191 -0.134015
v -0.821680 -2.011359 -0.151624
v -0.826539 -2.013982 -0.168408
v -0.816012 -1.989560 -0.138330
v -0.818057 -1.992963 -0.156428
v -0.824030 -1.995608 -0.173065
v -0.611078 -1.702825 -0.062515
v -0.606228 -1.696583 -0.058600
v -0.602124 -1.692047 -0.055640
v -0.610951 -1.708729 -0.052674
v -0.606043 -1.702494 -0.048911
v -0.601914 -1.698046 -0.046033
v -0.612862 -1.712136 -0.042522
v -0.607900 -1.705918 -0.039005
v -0.603746 -1.701567 -0.036282
v -0.622504 -1.709768 -0.025196
v -0.617440 -1.703529 -0.022249
v -0.613235 -1.699276 -0.019895
v -0.629401 -1.704374 -0.019174
v -0.624289 -1.698104 -0.016465
v -0.620057 -1.693831 -0.014258
v -0.636670 -1.697245 -0.015143
v -0.631510 -1.690967 -0.012594
v -0.627243 -1.686645 -0.010475
v -0.629853 -1.666347 -0.082913
v -0.625206 -1.660408 -0.079685
v -0.621179 -1.655870 -0.077413
v -0.623237 -1.675667 -0.081339
v -0.618555 -1.669641 -0.077841
v -0.614522 -1.665100 -0.075338
v -0.617509 -1.685533 -0.077369
v -0.612776 -1.679404 -0.073607
v -0.608724 -1.674830 -0.070858
v -0.654311 -1.648830 -0.066818
v -0.649517 -1.642696 -0.063580
v -0.645319 -1.637422 -0.061041
v -0.649282 -1.650153 -0.073606
v -0.644568 -1.644101 -0.070508
v -0.640437 -1.639052 -0.068174
v -0.643329 -1.653276 -0.078837
v -0.638667 -1.647317 -0.075825
v -0.634592 -1.642513 -0.073646
v -0.595491 -1.684759 -0.050678
v -0.592557 -1.680980 -0.048114
v -0.589565 -1.676852 -0.045386
v -0.595235 -1.691000 -0.041204
v -0.592244 -1.687289 -0.038713
v -0.589149 -1.683138 -0.036026
v -0.596995 -1.694787 -0.031675
v -0.593904 -1.691158 -0.029275
v -0.590630 -1.686997 -0.026636
v -0.606246 -1.692834 -0.015676
v -0.602854 -1.689342 -0.013366
v -0.599110 -1.685226 -0.010759
v -0.612907 -1.687392 -0.010115
v -0.609338 -1.683921 -0.007779
v -0.605345 -1.679837 -0.005140
v -0.619925 -1.680090 -0.006321
v -0.616181 -1.676588 -0.003922
v -0.611950 -1.672505 -0.001226
v -0.614526 -1.648461 -0.073439
v -0.611386 -1.644743 -0.071105
v -0.607840 -1.640738 -0.068464
v -0.607906 -1.657676 -0.071039
v -0.604864 -1.653912 -0.068621
v -0.601554 -1.649876 -0.065951
v -0.602121 -1.667364 -0.066194
v -0.599156 -1.663561 -0.063674
v -0.596047 -1.659494 -0.060960
v -0.638248 -1.628852 -0.056224
v -0.634734 -1.625049 -0.053461
v -0.630536 -1.621098 -0.050430
v -0.633510 -1.630874 -0.063800
v -0.630090 -1.627145 -0.061222
v -0.626011 -1.623223 -0.058336
v -0.627784 -1.634721 -0.069641
v -0.624452 -1.631032 -0.067229
v -0.620508 -1.627095 -0.064478
v -0.582509 -1.666969 -0.039225
v -0.578326 -1.661365 -0.035964
v -0.573848 -1.655716 -0.032885
v -0.581683 -1.672782 -0.029746
v -0.577144 -1.666712 -0.026334
v -0.572207 -1.660494 -0.023141
v -0.582453 -1.676176 -0.020221
v -0.577238 -1.669604 -0.016564
v -0.571280 -1.662704 -0.013004
v -0.589333 -1.674013 -0.004251
v -0.582905 -1.666903 -0.000441
v -0.575350 -1.659111 0.003498
v -0.594856 -1.668711 0.001324
v -0.588053 -1.661640 0.004986
v -0.580233 -1.653893 0.008626
v -0.600799 -1.661500 0.005207
v -0.593609 -1.654559 0.008725
v -0.585394 -1.646995 0.012101
v -0.597980 -1.631176 -0.062157
v -0.591427 -1.625647 -0.058640
v -0.584036 -1.620008 -0.055117
v -0.592846 -1.640443 -0.059765
v -0.587323 -1.635220 -0.056377
v -0.581317 -1.630139 -0.052996
v -0.588334 -1.650099 -0.054852
v -0.583630 -1.644972 -0.051573
v -0.578583 -1.639988 -0.048329
v -0.618062 -1.611408 -0.043560
v -0.609569 -1.605593 -0.039839
v -0.599961 -1.599476 -0.036082
v -0.613866 -1.613573 -0.051593
v -0.605563 -1.607745 -0.047832
v -0.596147 -1.601524 -0.043931
v -0.608850 -1.617417 -0.057877
v -0.600827 -1.611536 -0.054148
v -0.591593 -1.605114 -0.050267
v -0.557736 -1.641923 0.011269
v -0.548880 -1.633105 0.013963
v -0.540844 -1.624506 0.015023
v -0.562153 -1.637278 0.014847
v -0.552904 -1.628935 0.016764
v -0.544610 -1.620901 0.017383
v -0.566329 -1.631104 0.017353
v -0.556661 -1.623494 0.018701
v -0.548274 -1.616576 0.018906
v -0.578840 -1.587539 -0.028873
v -0.568495 -1.582585 -0.025497
v -0.559322 -1.578994 -0.022180
v -0.575651 -1.588945 -0.035693
v -0.565557 -1.583507 -0.031377
v -0.556282 -1.579455 -0.026933
v -0.571535 -1.591114 -0.041256
v -0.561809 -1.584970 -0.036165
v -0.552693 -1.580504 -0.030952
v -0.560200 -1.579224 -0.010920
v -0.570170 -1.582489 -0.011649
v -0.581381 -1.587070 -0.013179
v -0.558240 -1.580323 -0.004516
v -0.569061 -1.583673 -0.004366
v -0.580832 -1.588255 -0.005188
v -0.556149 -1.582785 0.001887
v -0.567466 -1.586156 0.002574
v -0.579590 -1.590785 0.002231
v -0.602878 -1.602738 -0.001658
v -0.603806 -1.599973 -0.009611
v -0.603818 -1.598695 -0.018356
v -0.612997 -1.609381 -0.004894
v -0.613895 -1.606414 -0.012913
v -0.613794 -1.604953 -0.021758
v -0.621835 -1.615923 -0.008540
v -0.622727 -1.612724 -0.016556
v -0.622554 -1.611027 -0.025398
v -0.635106 -1.627162 -0.015709
v -0.635887 -1.623505 -0.023710
v -0.635517 -1.621310 -0.032483
v -0.639827 -1.631745 -0.018907
v -0.640489 -1.627920 -0.026937
v -0.639978 -1.625526 -0.035697
v -0.643845 -1.636002 -0.021867
v -0.644386 -1.632093 -0.029938
v -0.643737 -1.629572 -0.038689
v -0.651575 -1.644739 -0.027248
v -0.651976 -1.641028 -0.035399
v -0.651154 -1.638558 -0.044100
v -0.656027 -1.649775 -0.030063
v -0.656384 -1.646264 -0.038260
v -0.655498 -1.643934 -0.046934
v -0.661261 -1.655595 -0.033426
v -0.661516 -1.652208 -0.041697
v -0.660511 -1.650011 -0.050373
v -0.538204 -1.603344 0.016055
v -0.533574 -1.605579 0.014155
v -0.529740 -1.608290 0.011718
v -0.536359 -1.596588 0.012896
v -0.531203 -1.598423 0.010440
v -0.527151 -1.600891 0.007683
v -0.536050 -1.590329 0.008538
v -0.530574 -1.591906 0.005664
v -0.526331 -1.594166 0.002636
v -0.557175 -1.610677 -0.043594
v -0.557405 -1.617736 -0.041128
v -0.556556 -1.624647 -0.036926
v -0.563123 -1.611971 -0.046475
v -0.563555 -1.620403 -0.044107
v -0.562707 -1.628384 -0.039769
v -0.569383 -1.613104 -0.049113
v -0.569379 -1.622818 -0.046911
v -0.568199 -1.631807 -0.042471
v -0.549295 -1.640699 -0.011459
v -0.554297 -1.645586 -0.010917
v -0.559391 -1.650538 -0.010236
v -0.551760 -1.639204 -0.017968
v -0.557259 -1.644307 -0.018698
v -0.562269 -1.649284 -0.019383
v -0.553616 -1.635817 -0.024821
v -0.559437 -1.640776 -0.026560
v -0.564515 -1.645475 -0.028243
v -0.525851 -1.585612 -0.025937
v -0.527418 -1.582925 -0.025116
v -0.530543 -1.580968 -0.024182
v -0.521481 -1.587877 -0.021562
v -0.522667 -1.585145 -0.020193
v -0.525558 -1.583162 -0.018855
v -0.518310 -1.591684 -0.017017
v -0.519257 -1.588998 -0.015248
v -0.521984 -1.587039 -0.013543
v -0.524037 -1.618711 -0.004320
v -0.530165 -1.624277 -0.006774
v -0.537169 -1.630123 -0.009295
v -0.522798 -1.614572 -0.008496
v -0.529715 -1.620677 -0.011497
v -0.537623 -1.627248 -0.014365
v -0.522626 -1.610211 -0.013151
v -0.530023 -1.616683 -0.016516
v -0.538463 -1.623596 -0.019801
v -0.525114 -1.601074 -0.022442
v -0.532522 -1.607498 -0.026153
v -0.541026 -1.614083 -0.030040
v -0.527604 -1.596826 -0.026574
v -0.534571 -1.602751 -0.030269
v -0.542582 -1.608796 -0.034129
v -0.530842 -1.593362 -0.030201
v -0.537111 -1.598435 -0.033748
v -0.544204 -1.603810 -0.037262
v -0.550225 -1.597610 -0.042196
v -0.555132 -1.596187 -0.044235
v -0.560738 -1.594972 -0.045378
v -0.543818 -1.592017 -0.038799
v -0.548027 -1.589902 -0.040211
v -0.552717 -1.588212 -0.040569
v -0.537214 -1.587724 -0.034605
v -0.540511 -1.585297 -0.035319
v -0.544494 -1.583428 -0.035168
v -0.540109 -1.636209 -0.001762
v -0.533677 -1.630749 0.001184
v -0.527586 -1.624593 0.002832
v -0.543786 -1.639784 0.001103
v -0.536753 -1.633443 0.004502
v -0.529950 -1.626251 0.006136
v -0.548244 -1.642820 0.004003
v -0.540559 -1.635259 0.007644
v -0.533252 -1.627183 0.009239
v -0.552001 -1.605207 0.018534
v -0.552361 -1.598443 0.016313
v -0.553080 -1.592088 0.012671
v -0.561738 -1.609869 0.018932
v -0.563128 -1.602555 0.016950
v -0.564403 -1.595789 0.013517
v -0.572695 -1.616011 0.018347
v -0.574789 -1.608135 0.016634
v -0.576493 -1.600901 0.013383
v -0.594017 -1.630277 0.014281
v -0.597053 -1.621660 0.012921
v -0.599435 -1.613770 0.009841
v -0.603146 -1.637465 0.011167
v -0.606576 -1.628730 0.009821
v -0.609271 -1.620731 0.006708
v -0.611115 -1.644241 0.007738
v -0.614881 -1.635512 0.006337
v -0.617846 -1.627511 0.003147
v -0.623413 -1.655359 0.001147
v -0.627625 -1.646857 -0.000438
v -0.630918 -1.639034 -0.003818
v -0.628025 -1.659647 -0.001718
v -0.632357 -1.651319 -0.003401
v -0.635712 -1.643640 -0.006874
v -0.632044 -1.663415 -0.004302
v -0.636454 -1.655287 -0.006089
v -0.639838 -1.647788 -0.009665
v -0.639677 -1.670563 -0.008752
v -0.644203 -1.662861 -0.010788
v -0.647651 -1.655805 -0.014628
v -0.644039 -1.675026 -0.010955
v -0.648617 -1.667414 -0.013146
v -0.652105 -1.660477 -0.017168
v -0.649301 -1.681134 -0.013552
v -0.653921 -1.673368 -0.015930
v -0.657427 -1.666298 -0.020177
v -0.546413 -1.576594 -0.013726
v -0.542249 -1.577832 -0.008205
v -0.539126 -1.580674 -0.002397
v -0.541923 -1.576871 -0.016905
v -0.537088 -1.578445 -0.011283
v -0.533615 -1.581664 -0.005507
v -0.538044 -1.577934 -0.020061
v -0.532947 -1.579812 -0.014400
v -0.529307 -1.583374 -0.008675
v -0.518802 -1.612615 0.000767
v -0.516479 -1.606964 -0.002833
v -0.515715 -1.601556 -0.007373
v -0.519957 -1.611964 0.003573
v -0.517442 -1.605474 -0.000245
v -0.516568 -1.599456 -0.005026
v -0.522721 -1.611540 0.006306
v -0.520114 -1.604457 0.002278
v -0.519193 -1.597961 -0.002734
v -0.879204 -2.040899 -0.211117
v -0.878811 -2.019841 -0.212184
v -0.878443 -2.000963 -0.214354
v -0.862295 -2.040236 -0.203506
v -0.861679 -2.019238 -0.205164
v -0.860993 -2.000441 -0.207998
v -0.847970 -2.038869 -0.193358
v -0.846990 -2.017948 -0.195599
v -0.845851 -1.999298 -0.199113
v -0.805336 -1.822971 -0.221126
v -0.791227 -1.825511 -0.215213
v -0.778884 -1.828363 -0.208376
v -0.807557 -1.850342 -0.220326
v -0.793992 -1.851814 -0.214453
v -0.782108 -1.853350 -0.207683
v -0.809688 -1.876363 -0.217624
v -0.796800 -1.876666 -0.211295
v -0.785521 -1.876790 -0.204164
v -0.841135 -2.022192 -0.099507
v -0.836753 -2.000498 -0.100916
v -0.830731 -1.982227 -0.101942
v -0.856468 -2.018083 -0.086793
v -0.852520 -1.996030 -0.087286
v -0.847318 -1.977811 -0.086672
v -0.875383 -2.013975 -0.076779
v -0.871935 -1.991254 -0.076524
v -0.867526 -1.972097 -0.074583
v -1.027448 -1.931588 -0.092177
v -1.040017 -1.918635 -0.095495
v -1.052285 -1.905468 -0.098726
v -1.043509 -1.935852 -0.104997
v -1.052938 -1.922820 -0.108090
v -1.062841 -1.909284 -0.111208
v -1.057018 -1.938397 -0.118168
v -1.064091 -1.925145 -0.121028
v -1.071734 -1.911214 -0.123878
v -1.042471 -1.952185 -0.190953
v -1.043040 -1.937407 -0.192004
v -1.043426 -1.921378 -0.192827
v -1.025325 -1.955105 -0.200723
v -1.025525 -1.939773 -0.201915
v -1.025602 -1.923052 -0.202880
v -1.005697 -1.957855 -0.209181
v -1.005678 -1.941859 -0.210636
v -1.005614 -1.924350 -0.211859
v -0.962575 -1.962010 -0.220913
v -0.962493 -1.944457 -0.223031
v -0.962488 -1.925268 -0.224892
v -0.940478 -1.963267 -0.223873
v -0.940473 -1.944944 -0.226354
v -0.940573 -1.924985 -0.228557
v -0.918693 -1.964057 -0.224896
v -0.918759 -1.945097 -0.227782
v -0.918937 -1.924517 -0.230366
v -0.877973 -1.964513 -0.221159
v -0.877911 -1.945039 -0.225073
v -0.877953 -1.923951 -0.228647
v -0.859875 -1.964211 -0.216256
v -0.859526 -1.944865 -0.220917
v -0.859273 -1.923895 -0.225228
v -0.843763 -1.963510 -0.209133
v -0.842940 -1.944430 -0.214828
v -0.842209 -1.923740 -0.220175
v -1.092370 -1.840532 -0.152522
v -1.085186 -1.840463 -0.161887
v -1.074827 -1.840072 -0.171215
v -1.089751 -1.860874 -0.152172
v -1.083369 -1.861346 -0.162057
v -1.073617 -1.861651 -0.171829
v -1.086598 -1.880129 -0.151364
v -1.081241 -1.881104 -0.161831
v -1.072274 -1.882068 -0.172103
v -0.736310 -1.695341 -0.093432
v -0.740969 -1.699192 -0.081900
v -0.746218 -1.706240 -0.070822
v -0.729342 -1.696699 -0.091921
v -0.733543 -1.700518 -0.080539
v -0.737981 -1.707776 -0.069454
v -0.722548 -1.697062 -0.090542
v -0.726397 -1.700880 -0.079510
v -0.730128 -1.708313 -0.068661
v -0.752319 -1.663131 -0.154127
v -0.753100 -1.646644 -0.153524
v -0.752922 -1.631038 -0.152675
v -0.752054 -1.658352 -0.139420
v -0.752827 -1.644460 -0.139375
v -0.752760 -1.630377 -0.138961
v -0.754647 -1.655295 -0.125937
v -0.755562 -1.642819 -0.126219
v -0.755667 -1.629672 -0.126156
v -0.888504 -1.819938 -0.038541
v -0.893276 -1.837705 -0.037329
v -0.895824 -1.855397 -0.037227
v -0.873549 -1.822796 -0.031475
v -0.878533 -1.839538 -0.031007
v -0.881247 -1.855922 -0.031617
v -0.858687 -1.826914 -0.024987
v -0.864125 -1.842444 -0.025377
v -0.867600 -1.857006 -0.026815
v -0.735953 -1.745722 -0.162594
v -0.736178 -1.769256 -0.167959
v -0.737317 -1.794683 -0.170926
v -0.742518 -1.739428 -0.168170
v -0.743574 -1.764082 -0.174831
v -0.745327 -1.789964 -0.179379
v -0.748980 -1.731158 -0.174335
v -0.750878 -1.757607 -0.181895
v -0.753193 -1.784548 -0.187356
v -1.074083 -1.828581 -0.086776
v -1.065946 -1.845188 -0.083964
v -1.056237 -1.860702 -0.081095
v -1.064310 -1.820838 -0.075272
v -1.056373 -1.836127 -0.072769
v -1.047201 -1.850405 -0.070539
v -1.052721 -1.813595 -0.065484
v -1.045611 -1.827886 -0.063490
v -1.037989 -1.841227 -0.062256
v -0.892647 -1.888826 -0.040181
v -0.886709 -1.904405 -0.043614
v -0.877959 -1.919430 -0.048965
v -0.877407 -1.886124 -0.035262
v -0.870694 -1.899717 -0.038812
v -0.861355 -1.912321 -0.044458
v -0.863761 -1.882195 -0.030758
v -0.856198 -1.893592 -0.034073
v -0.846408 -1.904312 -0.039781
v -0.759293 -1.834398 -0.192549
v -0.751572 -1.837810 -0.183372
v -0.744795 -1.842141 -0.172834
v -0.763078 -1.856280 -0.191764
v -0.755833 -1.858107 -0.182537
v -0.750152 -1.861001 -0.172214
v -0.767264 -1.876393 -0.187899
v -0.760356 -1.876289 -0.178958
v -0.755221 -1.877000 -0.169540
v -1.089115 -1.838899 -0.110676
v -1.094074 -1.840543 -0.121943
v -1.096623 -1.840830 -0.132675
v -1.082119 -1.857617 -0.108076
v -1.088134 -1.859800 -0.119803
v -1.091863 -1.860444 -0.131120
v -1.073579 -1.875179 -0.105074
v -1.080854 -1.877929 -0.117179
v -1.086027 -1.878967 -0.129049
v -0.908531 -1.780414 -0.056779
v -0.902427 -1.762509 -0.061559
v -0.896358 -1.744042 -0.067161
v -0.927959 -1.779054 -0.059671
v -0.924450 -1.760851 -0.063925
v -0.921512 -1.742410 -0.068676
v -0.948411 -1.778093 -0.060852
v -0.947339 -1.759742 -0.064576
v -0.946856 -1.741280 -0.068647
v -0.991303 -1.775939 -0.059804
v -0.993891 -1.757840 -0.062888
v -0.996582 -1.739437 -0.066193
v -1.012563 -1.775078 -0.059164
v -1.016282 -1.757291 -0.062125
v -1.019858 -1.738993 -0.065221
v -1.032470 -1.775274 -0.059993
v -1.036887 -1.757720 -0.062850
v -1.040937 -1.739463 -0.065729
v -1.064644 -1.781434 -0.070448
v -1.069283 -1.763525 -0.072808
v -1.073217 -1.744809 -0.074872
v -1.076358 -1.786923 -0.080103
v -1.080646 -1.768424 -0.082028
v -1.084133 -1.749232 -0.083483
v -1.085612 -1.792520 -0.091288
v -1.089364 -1.773350 -0.092711
v -1.092276 -1.753662 -0.093529
v -0.790749 -1.784785 -0.024032
v -0.800858 -1.798237 -0.020541
v -0.810916 -1.811671 -0.018415
v -0.773711 -1.793370 -0.022689
v -0.783846 -1.807165 -0.019849
v -0.794277 -1.820608 -0.018406
v -0.756293 -1.801876 -0.024233
v -0.766926 -1.816159 -0.022432
v -0.777945 -1.829761 -0.021864
v -0.828805 -1.839817 -0.018350
v -0.836507 -1.853803 -0.020266
v -0.844002 -1.866302 -0.023209
v -0.813917 -1.848221 -0.019633
v -0.823158 -1.862007 -0.022096
v -0.832738 -1.874694 -0.025503
v -0.799398 -1.857117 -0.024364
v -0.809953 -1.870754 -0.027248
v -0.820980 -1.883561 -0.030935
v -0.727026 -1.856271 -0.069061
v -0.714444 -1.842563 -0.064833
v -0.702504 -1.829542 -0.060928
v -0.736803 -1.852827 -0.053326
v -0.724525 -1.839151 -0.050302
v -0.712816 -1.825966 -0.047765
v -0.748743 -1.846617 -0.039670
v -0.736746 -1.832892 -0.037931
v -0.725091 -1.819157 -0.036866
v -0.821687 -1.922125 -0.060156
v -0.835014 -1.932370 -0.064213
v -0.848528 -1.943150 -0.067972
v -0.808109 -1.927987 -0.074436
v -0.819732 -1.938593 -0.078295
v -0.830740 -1.949854 -0.081946
v -0.795145 -1.930734 -0.090448
v -0.805245 -1.941406 -0.094412
v -0.814586 -1.953000 -0.098552
v -0.751893 -1.886970 -0.147332
v -0.744956 -1.874270 -0.146738
v -0.736745 -1.859271 -0.145543
v -0.753911 -1.895562 -0.133307
v -0.745865 -1.883433 -0.131488
v -0.736693 -1.870002 -0.129318
v -0.758221 -1.903214 -0.117518
v -0.749128 -1.891262 -0.115009
v -0.739105 -1.878430 -0.112214
v -0.763660 -1.903243 -0.153765
v -0.768385 -1.914504 -0.140174
v -0.774951 -1.923709 -0.124313
v -0.769793 -1.908134 -0.160594
v -0.775492 -1.921696 -0.146065
v -0.782915 -1.932722 -0.129367
v -0.776791 -1.912330 -0.168544
v -0.782796 -1.928061 -0.153398
v -0.790572 -1.941594 -0.135875
v -1.079078 -1.913850 -0.148400
v -1.076271 -1.915586 -0.159979
v -1.069268 -1.917505 -0.171198
v -1.075049 -1.928434 -0.146393
v -1.073569 -1.930410 -0.158452
v -1.067600 -1.932601 -0.170082
v -1.071155 -1.942171 -0.144227
v -1.070833 -1.944309 -0.156728
v -1.065786 -1.946685 -0.168748
v -0.962020 -1.924472 -0.063344
v -0.940212 -1.926470 -0.059299
v -0.918203 -1.926817 -0.056009
v -0.959736 -1.907075 -0.058714
v -0.941101 -1.909042 -0.055502
v -0.922327 -1.909175 -0.052027
v -0.958204 -1.889616 -0.054990
v -0.941787 -1.891478 -0.052407
v -0.925257 -1.891644 -0.049066
v -0.920072 -2.007099 -0.066530
v -0.917495 -1.983759 -0.066167
v -0.915315 -1.963613 -0.064030
v -0.944009 -2.004670 -0.066510
v -0.941797 -1.981535 -0.066684
v -0.940323 -1.961846 -0.065444
v -0.967847 -2.002914 -0.069626
v -0.966007 -1.979959 -0.070361
v -0.965162 -1.960315 -0.069847
v -1.032038 -1.887964 -0.075936
v -1.017536 -1.899875 -0.073560
v -1.001350 -1.910834 -0.070940
v -1.024077 -1.875223 -0.066772
v -1.010002 -1.885796 -0.065107
v -0.994500 -1.895245 -0.063456
v -1.018017 -1.862196 -0.059969
v -1.004704 -1.870666 -0.058709
v -0.989975 -1.878791 -0.057817
v -1.015566 -1.835840 -0.053706
v -1.001367 -1.839709 -0.052643
v -0.986114 -1.845144 -0.052706
v -1.018752 -1.821741 -0.053603
v -1.002840 -1.824194 -0.052660
v -0.986186 -1.828201 -0.052996
v -1.023058 -1.807185 -0.054988
v -1.005517 -1.808451 -0.054105
v -0.987234 -1.811086 -0.054589
v -1.011795 -2.001616 -0.084458
v -1.011032 -1.979610 -0.086354
v -1.012131 -1.961364 -0.087725
v -1.030216 -2.002008 -0.095418
v -1.030101 -1.980692 -0.097777
v -1.031749 -1.963616 -0.099905
v -1.045160 -2.002939 -0.108000
v -1.045600 -1.982090 -0.110542
v -1.047538 -1.965610 -0.112955
v -1.062901 -2.067238 -0.131101
v -1.063706 -2.069156 -0.146708
v -1.060203 -2.071468 -0.162058
v -1.065222 -2.107846 -0.128420
v -1.066180 -2.109523 -0.144885
v -1.062929 -2.111443 -0.161170
v -1.068217 -2.152613 -0.125610
v -1.069407 -2.154012 -0.143007
v -1.066469 -2.155461 -0.160305
vn 0.0303 0.1468 -0.9887
vn 0.1089 0.1446 -0.9835
vn 0.1078 0.1085 -0.9882
vn 0.0210 0.1101 -0.9937
vn 0.2071 0.1261 -0.9702
vn 0.2170 0.0967 -0.9714
vn 0.1045 0.0873 -0.9907
vn 0.0150 0.0883 -0.9960
vn 0.2169 0.0816 -0.9728
vn -0.0191 0.2133 -0.9768
vn 0.0522 0.2151 -0.9752
vn -0.0474 0.1398 -0.9890
vn 0.1108 0.2113 -0.9711
vn 0.1837 0.1894 -0.9646
vn 0.3046 0.1359 -0.9427
vn 0.3489 0.0913 -0.9327
vn 0.3607 0.0755 -0.9296
vn 0.3589 0.0706 -0.9307
vn 0.3468 0.0680 -0.9355
vn 0.2087 0.0714 -0.9754
vn 0.0979 0.0725 -0.9925
vn 0.0100 0.0721 -0.9973
vn -0.0613 0.0874 -0.9943
vn -0.0634 0.0720 -0.9954
vn -0.0570 0.1066 -0.9927
vn -0.1308 0.0871 -0.9876
vn -0.1955 0.0873 -0.9768
vn -0.1936 0.0997 -0.9760
vn -0.1294 0.1030 -0.9862
vn -0.2540 0.0856 -0.9634
vn -0.2489 0.0946 -0.9639
vn -0.1894 0.1153 -0.9751
vn -0.1247 0.1262 -0.9841
vn -0.2397 0.1051 -0.9651
vn -0.1303 0.0732 -0.9888
vn -0.1946 0.0751 -0.9780
vn -0.2557 0.0756 -0.9638
vn -0.3116 0.0717 -0.9475
vn -0.3048 0.0797 -0.9491
vn -0.2955 0.0860 -0.9515
vn -0.2835 0.0925 -0.9545
vn -0.2596 0.1059 -0.9599
vn -0.2276 0.1297 -0.9651
vn -0.1854 0.1414 -0.9724
vn -0.1228 0.1597 -0.9795
vn -0.3481 0.0673 -0.9350
vn -0.3879 0.0482 -0.9205
vn -0.3677 0.0501 -0.9286
vn -0.3335 0.0719 -0.9400
vn -0.4319 0.0249 -0.9016
vn -0.4089 0.0227 -0.9123
vn -0.3476 0.0529 -0.9361
vn -0.3189 0.0760 -0.9447
vn -0.3848 0.0236 -0.9227
vn -0.3608 0.0614 -0.9306
vn -0.4052 0.0454 -0.9131
vn -0.4509 0.0268 -0.8922
vn -0.5064 0.0095 -0.8622
vn -0.4902 0.0020 -0.8716
vn -0.4703 -0.0044 -0.8825
vn -0.4496 -0.0051 -0.8932
vn -0.4263 0.0076 -0.9045
vn -0.3641 0.0355 -0.9307
vn -0.3326 0.0601 -0.9412
vn -0.3080 0.0795 -0.9481
vn -0.3149 0.0926 -0.9446
vn -0.3278 0.0814 -0.9412
vn -0.3351 0.1245 -0.9339
vn -0.3397 0.1303 -0.9314
vn -0.3465 0.0683 -0.9356
vn -0.3383 0.1203 -0.9333
vn -0.3487 0.1750 -0.9208
vn -0.3639 0.1728 -0.9152
vn -0.3386 0.1759 -0.9244
vn -0.3078 0.0975 -0.9465
vn -0.3642 0.0632 -0.9292
vn -0.3368 0.1279 -0.9328
vn -0.3245 0.1852 -0.9276
vn -0.3221 0.2208 -0.9206
vn -0.3415 0.2196 -0.9139
vn -0.3631 0.2147 -0.9067
vn -0.3863 0.2044 -0.8994
vn -0.3931 0.1648 -0.9046
vn -0.4110 0.1899 -0.8916
vn -0.3574 0.1289 -0.9250
vn 0.7613 0.4429 -0.4736
vn 0.8665 0.3544 -0.3515
vn 0.8823 0.4374 -0.1740
vn 0.7712 0.5593 -0.3039
vn 0.9243 0.2672 -0.2725
vn 0.9468 0.3139 -0.0711
vn 0.8530 0.5209 0.0324
vn 0.7388 0.6677 -0.0920
vn 0.9178 0.3721 0.1384
vn 0.5987 0.3679 -0.7115
vn 0.7269 0.3231 -0.6059
vn 0.6149 0.5152 -0.5970
vn 0.8191 0.2672 -0.5075
vn 0.8614 0.2114 -0.4619
vn 0.8679 0.1408 -0.4763
vn 0.9625 0.1685 -0.2125
vn 0.9806 0.1959 0.0052
vn 0.9465 0.2359 0.2201
vn 0.8410 0.2902 0.4566
vn 0.8141 0.4417 0.3770
vn 0.7490 0.6024 0.2758
vn 0.6370 0.7535 0.1628
vn 0.5756 0.7887 -0.2160
vn 0.4826 0.8742 0.0534
vn 0.6134 0.6598 -0.4340
vn 0.1614 -0.0063 -0.9869
vn 0.1823 -0.0417 -0.9824
vn 0.1099 -0.0200 -0.9937
vn 0.0871 0.0072 -0.9962
vn 0.2200 -0.0911 -0.9712
vn 0.1427 -0.0603 -0.9879
vn 0.0421 -0.0008 -0.9991
vn 0.0207 0.0208 -0.9996
vn 0.0693 -0.0358 -0.9970
vn 0.2525 0.0157 -0.9675
vn 0.2470 -0.0180 -0.9688
vn 0.1560 0.0189 -0.9876
vn 0.2626 -0.0650 -0.9627
vn 0.3044 -0.1285 -0.9438
vn 0.3726 -0.2075 -0.9045
vn 0.2738 -0.1559 -0.9491
vn 0.1836 -0.1161 -0.9761
vn 0.1002 -0.0868 -0.9912
vn 0.0206 -0.0657 -0.9976
vn -0.0028 -0.0173 -0.9998
vn -0.0241 0.0146 -0.9996
vn -0.0415 0.0325 -0.9986
vn 0.0071 0.0327 -0.9994
vn -0.0538 0.0404 -0.9977
vn 0.0753 0.0249 -0.9968
vn -0.1044 0.0411 -0.9937
vn -0.0916 0.0253 -0.9955
vn -0.1624 0.0320 -0.9862
vn -0.1715 0.0463 -0.9841
vn -0.0757 -0.0042 -0.9971
vn -0.1506 0.0046 -0.9886
vn -0.2372 0.0355 -0.9708
vn -0.2436 0.0486 -0.9687
vn -0.2283 0.0107 -0.9735
vn -0.1140 0.0468 -0.9924
vn -0.0578 -0.0504 -0.9971
vn -0.1366 -0.0387 -0.9899
vn -0.2172 -0.0289 -0.9757
vn -0.2991 -0.0198 -0.9540
vn -0.3079 0.0152 -0.9513
vn -0.3146 0.0370 -0.9485
vn -0.3188 0.0484 -0.9466
vn -0.2481 0.0533 -0.9673
vn -0.3207 0.0526 -0.9457
vn -0.1784 0.0513 -0.9826
vn -0.3888 0.0460 -0.9202
vn -0.3873 0.0367 -0.9212
vn -0.4510 0.0337 -0.8919
vn -0.4484 0.0412 -0.8929
vn -0.3834 0.0183 -0.9234
vn -0.4522 0.0178 -0.8917
vn -0.5105 0.0248 -0.8595
vn -0.5014 0.0322 -0.8646
vn -0.5202 0.0097 -0.8540
vn -0.3878 0.0489 -0.9204
vn -0.3779 -0.0121 -0.9258
vn -0.4526 -0.0087 -0.8917
vn -0.5308 -0.0152 -0.8474
vn -0.6242 -0.0389 -0.7803
vn -0.5982 -0.0121 -0.8012
vn -0.5751 0.0059 -0.8181
vn -0.5558 0.0166 -0.8311
vn -0.4928 0.0336 -0.8695
vn -0.5415 0.0214 -0.8405
vn -0.4440 0.0425 -0.8950
vn 0.4877 0.2379 -0.8400
vn 0.4218 0.2442 -0.8732
vn 0.4672 0.0749 -0.8810
vn 0.5164 0.0821 -0.8524
vn 0.3784 0.2485 -0.8916
vn 0.4403 0.0698 -0.8951
vn 0.5389 -0.1125 -0.8348
vn 0.5759 -0.0887 -0.8127
vn 0.5241 -0.1306 -0.8416
vn 0.4794 0.3953 -0.7835
vn 0.5865 0.2267 -0.7776
vn 0.3932 0.4093 -0.8233
vn 0.3310 0.4166 -0.8467
vn 0.2834 0.4194 -0.8624
vn 0.3498 0.2519 -0.9023
vn 0.4292 0.0688 -0.9006
vn 0.5268 -0.1394 -0.8385
vn 0.6263 -0.3567 -0.6932
vn 0.6155 -0.3429 -0.7096
vn 0.6235 -0.3175 -0.7144
vn 0.6538 -0.2860 -0.7006
vn 0.6544 -0.0573 -0.7540
vn 0.7426 -0.2475 -0.6223
vn 0.6003 0.0908 -0.7946
vn 0.7882 -0.0013 -0.6154
vn 0.7884 0.0030 -0.6152
vn 0.6088 0.0926 -0.7879
vn 0.6046 0.0882 -0.7916
vn 0.7910 0.0029 -0.6118
vn 0.6176 0.0952 -0.7807
vn 0.4226 0.1685 -0.8905
vn 0.4197 0.1613 -0.8932
vn 0.4306 0.1774 -0.8850
vn 0.9428 -0.1187 -0.3115
vn 0.9414 -0.1060 -0.3203
vn 0.7878 -0.0092 -0.6159
vn 0.9379 -0.0978 -0.3329
vn 0.9343 -0.0950 -0.3435
vn 0.9322 -0.0993 -0.3480
vn 0.7980 -0.0026 -0.6027
vn 0.6332 0.0957 -0.7680
vn 0.4469 0.1886 -0.8745
vn 0.2188 0.2735 -0.9367
vn 0.2110 0.2516 -0.9446
vn 0.2114 0.2363 -0.9484
vn 0.2155 0.2262 -0.9499
vn 0.4182 0.1556 -0.8950
vn 0.2192 0.2207 -0.9504
vn 0.6017 0.0822 -0.7945
vn 0.7874 -0.2404 0.5676
vn 0.8076 -0.2263 0.5447
vn 0.9280 -0.2154 0.3039
vn 0.9142 -0.2297 0.3340
vn 0.8265 -0.2155 0.5201
vn 0.9400 -0.2055 0.2725
vn 0.9841 -0.1774 0.0076
vn 0.9812 -0.1900 0.0344
vn 0.9853 -0.1699 -0.0192
vn 0.5898 -0.2547 0.7663
vn 0.6050 -0.2369 0.7602
vn 0.7698 -0.2598 0.5830
vn 0.6229 -0.2238 0.7496
vn 0.6404 -0.2123 0.7381
vn 0.6543 -0.2001 0.7293
vn 0.8411 -0.2074 0.4995
vn 0.9482 -0.2006 0.2465
vn 0.9848 -0.1691 -0.0397
vn 0.9768 -0.2071 0.0538
vn 0.9011 -0.2488 0.3551
vn 0.4008 0.8605 -0.3144
vn 0.2536 0.8886 -0.3823
vn 0.3209 0.7414 -0.5893
vn 0.4512 0.7184 -0.5295
vn 0.1379 0.8922 -0.4300
vn 0.2208 0.7457 -0.6287
vn 0.3645 0.5764 -0.7314
vn 0.4729 0.5578 -0.6821
vn 0.2829 0.5826 -0.7619
vn 0.3154 0.9482 -0.0372
vn 0.1664 0.9805 -0.1042
vn 0.0422 0.9870 -0.1548
vn -0.0670 0.9779 -0.1982
vn 0.0414 0.8834 -0.4667
vn 0.1381 0.7405 -0.6577
vn 0.2167 0.5819 -0.7839
vn 0.3379 0.2569 -0.9055
vn 0.3469 0.2696 -0.8983
vn 0.4750 0.0989 -0.8744
vn 0.4393 0.0765 -0.8950
vn 0.3724 0.2901 -0.8816
vn 0.5244 0.1313 -0.8413
vn 0.6104 -0.0989 -0.7859
vn 0.5550 -0.1309 -0.8215
vn 0.6734 -0.0526 -0.7374
vn 0.2478 0.4196 -0.8733
vn 0.2268 0.4233 -0.8771
vn 0.2213 0.4344 -0.8731
vn 0.2232 0.4504 -0.8644
vn 0.4009 0.3115 -0.8615
vn 0.5678 0.1612 -0.8072
vn 0.7205 -0.0112 -0.6934
vn 0.8351 -0.1953 -0.5143
vn 0.7921 -0.2464 -0.5585
vn 0.7274 -0.3052 -0.6145
vn 0.6641 -0.3465 -0.6625
vn -0.0562 0.8641 -0.5002
vn -0.1585 0.8352 -0.5266
vn -0.0207 0.7135 -0.7003
vn 0.0584 0.7284 -0.6826
vn -0.2497 0.8050 -0.5382
vn -0.0903 0.7023 -0.7061
vn 0.1064 0.5716 -0.8136
vn 0.1578 0.5763 -0.8019
vn 0.0670 0.5735 -0.8165
vn -0.1830 0.9523 -0.2442
vn -0.3049 0.9078 -0.2880
vn -0.4071 0.8569 -0.3162
vn -0.4811 0.8150 -0.3230
vn -0.3240 0.7819 -0.5326
vn -0.1498 0.6987 -0.6995
vn 0.0359 0.5829 -0.8118
vn -0.3576 0.7360 0.5749
vn -0.5428 0.6813 0.4911
vn -0.5222 0.8122 0.2602
vn -0.3579 0.8686 0.3427
vn -0.6701 0.6189 0.4098
vn -0.6375 0.7474 0.1868
vn -0.4370 0.8994 -0.0097
vn -0.2952 0.9537 0.0570
vn -0.5447 0.8363 -0.0629
vn -0.1229 0.6189 0.7758
vn -0.3044 0.5940 0.7447
vn -0.1761 0.7611 0.6243
vn -0.5004 0.5427 0.6745
vn -0.6406 0.4821 0.5977
vn -0.7140 0.4375 0.5466
vn -0.7358 0.5748 0.3581
vn -0.7004 0.6994 0.1423
vn -0.6115 0.7861 -0.0905
vn -0.1562 0.9810 0.1146
vn -0.1939 0.8947 0.4023
vn 0.8494 -0.4031 -0.3407
vn 0.8538 -0.5052 -0.1252
vn 0.8064 -0.5664 -0.1699
vn 0.7917 -0.4671 -0.3937
vn 0.8183 -0.5656 0.1021
vn 0.7829 -0.6188 0.0650
vn 0.7570 -0.6156 -0.2192
vn 0.7324 -0.5146 -0.4458
vn 0.7451 -0.6667 0.0204
vn 0.8858 -0.3501 -0.3044
vn 0.8837 -0.4579 -0.0971
vn 0.8397 -0.5284 0.1256
vn 0.7396 -0.5543 0.3818
vn 0.7322 -0.5783 0.3597
vn 0.7124 -0.6202 0.3284
vn 0.6884 -0.6657 0.2881
vn 0.6732 -0.6981 0.2438
vn 0.7212 -0.6924 -0.0239
vn 0.7257 -0.6358 -0.2631
vn 0.6951 -0.5294 -0.4864
vn 0.5907 -0.5260 0.6119
vn 0.4156 -0.4159 0.8089
vn 0.4366 -0.4257 0.7926
vn 0.5900 -0.5540 0.5873
vn 0.2149 -0.2640 0.9403
vn 0.2650 -0.2498 0.9313
vn 0.4479 -0.4552 0.7695
vn 0.5825 -0.5946 0.5542
vn 0.3001 -0.2596 0.9179
vn 0.5785 -0.5166 0.6312
vn 0.3824 -0.4230 0.8215
vn 0.1592 -0.2904 0.9436
vn -0.0940 -0.1274 0.9874
vn -0.0163 -0.0825 0.9965
vn 0.0713 -0.0410 0.9966
vn 0.1433 -0.0198 0.9895
vn 0.2109 -0.0097 0.9775
vn 0.3404 -0.2904 0.8943
vn 0.4630 -0.4964 0.7344
vn 0.5797 -0.6338 0.5121
vn -0.0370 0.3111 -0.9497
vn -0.2903 0.3519 -0.8899
vn -0.2773 0.3350 -0.9005
vn -0.0268 0.2931 -0.9557
vn -0.5424 0.3768 -0.7509
vn -0.5344 0.3611 -0.7642
vn -0.2626 0.3259 -0.9082
vn -0.0149 0.2823 -0.9592
vn -0.5228 0.3534 -0.7758
vn -0.0399 0.3385 -0.9401
vn -0.2952 0.3796 -0.8768
vn -0.5395 0.4056 -0.7378
vn -0.7610 0.4156 -0.4982
vn -0.7730 0.3791 -0.5087
vn -0.7716 0.3608 -0.5239
vn -0.7647 0.3524 -0.5395
vn -0.7569 0.3511 -0.5512
vn -0.5114 0.3527 -0.7836
vn -0.2498 0.3240 -0.9125
vn -0.0051 0.2783 -0.9605
vn -0.8582 0.4809 -0.1796
vn -0.7654 0.6158 -0.1871
vn -0.7907 0.5954 0.1428
vn -0.8907 0.4361 0.1286
vn -0.5982 0.7702 -0.2214
vn -0.6001 0.7890 0.1316
vn -0.7476 0.5249 0.4068
vn -0.8560 0.3606 0.3705
vn -0.5468 0.7273 0.4149
vn -0.7225 0.4812 -0.4964
vn -0.9009 0.3920 -0.1866
vn -0.6416 0.5742 -0.5085
vn -0.5086 0.6670 -0.5445
vn -0.2652 0.7245 -0.6362
vn -0.3297 0.9053 -0.2678
vn -0.3245 0.9409 0.0967
vn -0.2785 0.8814 0.3816
vn -0.2276 0.7764 0.5877
vn -0.4783 0.6241 0.6179
vn -0.6770 0.4272 0.5993
vn -0.7890 0.2704 0.5516
vn -0.9083 0.2603 0.3274
vn -0.8458 0.1788 0.5026
vn -0.9366 0.3351 0.1026
vn 0.4163 0.1543 -0.8960
vn 0.4154 0.1630 -0.8949
vn 0.5983 0.0845 -0.7968
vn 0.5990 0.0786 -0.7969
vn 0.4175 0.1865 -0.8893
vn 0.6024 0.1056 -0.7912
vn 0.7862 -0.0133 -0.6178
vn 0.7862 -0.0159 -0.6177
vn 0.7912 0.0051 -0.6115
vn 0.2206 0.2220 -0.9498
vn 0.2207 0.2342 -0.9468
vn 0.2215 0.2607 -0.9397
vn 0.2238 0.2998 -0.9274
vn 0.4236 0.2243 -0.8777
vn 0.6120 0.1421 -0.7780
vn 0.8022 0.0396 -0.5958
vn 0.9534 -0.0911 -0.2875
vn 0.9452 -0.1202 -0.3035
vn 0.9418 -0.1332 -0.3087
vn 0.9421 -0.1305 -0.3090
vn 0.9726 -0.2244 0.0614
vn 0.9702 -0.2343 0.0616
vn 0.8870 -0.2874 0.3614
vn 0.8917 -0.2703 0.3631
vn 0.9712 -0.2300 0.0631
vn 0.8865 -0.2927 0.3583
vn 0.7527 -0.3072 0.5822
vn 0.7581 -0.2838 0.5871
vn 0.7524 -0.3226 0.5744
vn 0.9749 -0.2098 0.0741
vn 0.8884 -0.2825 0.3619
vn 0.7547 -0.3235 0.5708
vn 0.5820 -0.3467 0.7355
vn 0.5780 -0.3322 0.7453
vn 0.5770 -0.3068 0.7570
vn 0.5805 -0.2788 0.7651
vn -0.5023 0.3601 -0.7861
vn -0.4959 0.3774 -0.7821
vn -0.2352 0.3490 -0.9071
vn -0.2408 0.3309 -0.9124
vn -0.4910 0.4053 -0.7712
vn -0.2318 0.3794 -0.8957
vn 0.0036 0.2984 -0.9544
vn 0.0009 0.2826 -0.9592
vn 0.0048 0.3277 -0.9448
vn -0.7506 0.3566 -0.5562
vn -0.7464 0.3694 -0.5536
vn -0.7431 0.3897 -0.5440
vn -0.7398 0.4143 -0.5301
vn -0.4867 0.4395 -0.7550
vn -0.2295 0.4179 -0.8790
vn 0.0056 0.3674 -0.9300
vn -0.9599 0.2023 0.1938
vn -0.9573 0.2080 0.2009
vn -0.9641 0.2651 -0.0119
vn -0.9654 0.2603 -0.0171
vn -0.9553 0.2054 0.2124
vn -0.9636 0.2672 -0.0007
vn -0.9076 0.3234 -0.2678
vn -0.9092 0.3162 -0.2710
vn -0.9068 0.3334 -0.2579
vn -0.9135 0.1268 0.3865
vn -0.9117 0.1406 0.3861
vn -0.9613 0.1922 0.1976
vn -0.9072 0.1473 0.3940
vn -0.9040 0.1412 0.4036
vn -0.9042 0.1223 0.4093
vn -0.9554 0.1945 0.2223
vn -0.9639 0.2659 0.0113
vn -0.9062 0.3446 -0.2453
vn -0.9124 0.3122 -0.2647
vn -0.9670 0.2544 -0.0111
vn 0.4314 0.2667 -0.8618
vn 0.4381 0.3026 -0.8465
vn 0.6353 0.2192 -0.7405
vn 0.6242 0.1840 -0.7593
vn 0.4423 0.3274 -0.8350
vn 0.6435 0.2431 -0.7258
vn 0.8283 0.1109 -0.5492
vn 0.8159 0.0790 -0.5728
vn 0.8380 0.1312 -0.5297
vn 0.2266 0.3416 -0.9121
vn 0.2280 0.3758 -0.8982
vn 0.2271 0.3983 -0.8887
vn 0.2243 0.4098 -0.8842
vn 0.4435 0.3413 -0.8287
vn 0.6483 0.2563 -0.7170
vn 0.8444 0.1410 -0.5167
vn 0.9809 -0.0117 -0.1940
vn 0.9772 -0.0169 -0.2118
vn 0.9714 -0.0315 -0.2354
vn 0.9633 -0.0573 -0.2624
vn 0.9783 -0.1842 0.0948
vn 0.9792 -0.1650 0.1182
vn 0.8865 -0.2504 0.3891
vn 0.8888 -0.2648 0.3739
vn 0.9779 -0.1549 0.1401
vn 0.8820 -0.2418 0.4045
vn 0.7553 -0.3035 0.5808
vn 0.7561 -0.3142 0.5740
vn 0.7525 -0.2943 0.5892
vn 0.9755 -0.1525 0.1584
vn 0.8762 -0.2386 0.4188
vn 0.7477 -0.2877 0.5985
vn 0.5925 -0.3207 0.7390
vn 0.5923 -0.3324 0.7340
vn 0.5898 -0.3430 0.7311
vn 0.5862 -0.3489 0.7312
vn -0.4838 0.4692 -0.7388
vn -0.4838 0.4863 -0.7276
vn -0.2310 0.4775 -0.8478
vn -0.2289 0.4537 -0.8613
vn -0.4874 0.4900 -0.7227
vn -0.2359 0.4877 -0.8406
vn 0.0033 0.4369 -0.8995
vn 0.0055 0.4071 -0.9134
vn -0.0012 0.4540 -0.8910
vn -0.7371 0.4346 -0.5174
vn -0.7369 0.4438 -0.5099
vn -0.7403 0.4415 -0.5070
vn -0.7470 0.4310 -0.5061
vn -0.4940 0.4838 -0.7224
vn -0.2424 0.4872 -0.8390
vn -0.0068 0.4601 -0.8878
vn -0.9572 0.1785 0.2278
vn -0.9599 0.1606 0.2298
vn -0.9678 0.2503 0.0247
vn -0.9653 0.2604 0.0200
vn -0.9627 0.1420 0.2303
vn -0.9713 0.2364 0.0274
vn -0.9077 0.3514 -0.2294
vn -0.9060 0.3519 -0.2351
vn -0.9115 0.3432 -0.2266
vn -0.9071 0.0979 0.4094
vn -0.9107 0.0745 0.4063
vn -0.9138 0.0533 0.4027
vn -0.9154 0.0343 0.4010
vn -0.9650 0.1236 0.2311
vn -0.9750 0.2199 0.0305
vn -0.9173 0.3293 -0.2237
vn 0.4424 0.3481 -0.8265
vn 0.4402 0.3509 -0.8265
vn 0.6496 0.2658 -0.7123
vn 0.6499 0.2627 -0.7131
vn 0.4382 0.3505 -0.8277
vn 0.6484 0.2663 -0.7132
vn 0.8496 0.1457 -0.5069
vn 0.8481 0.1447 -0.5098
vn 0.8498 0.1445 -0.5069
vn 0.2205 0.4142 -0.8831
vn 0.2172 0.4147 -0.8836
vn 0.2151 0.4117 -0.8856
vn 0.2144 0.4036 -0.8894
vn 0.4374 0.3457 -0.8302
vn 0.6473 0.2634 -0.7153
vn 0.8490 0.1401 -0.5095
vn 0.9844 -0.0315 -0.1733
vn 0.9849 -0.0209 -0.1716
vn 0.9845 -0.0151 -0.1748
vn 0.9832 -0.0120 -0.1822
vn 0.9727 -0.1549 0.1727
vn 0.9697 -0.1611 0.1836
vn 0.8627 -0.2463 0.4416
vn 0.8697 -0.2400 0.4312
vn 0.9666 -0.1714 0.1904
vn 0.8556 -0.2581 0.4487
vn 0.7332 -0.2900 0.6151
vn 0.7412 -0.2857 0.6074
vn 0.7246 -0.3015 0.6198
vn 0.9632 -0.1889 0.1912
vn 0.8485 -0.2792 0.4495
vn 0.7163 -0.3242 0.6179
vn 0.5699 -0.3496 0.7436
vn 0.5767 -0.3253 0.7494
vn 0.5839 -0.3148 0.7483
vn 0.5897 -0.3136 0.7442
vn -0.5015 0.4742 -0.7236
vn -0.5086 0.4649 -0.7247
vn -0.2532 0.4756 -0.8425
vn -0.2486 0.4819 -0.8402
vn -0.5153 0.4544 -0.7266
vn -0.2566 0.4671 -0.8462
vn -0.0158 0.4570 -0.8893
vn -0.0121 0.4600 -0.8879
vn -0.0180 0.4509 -0.8924
vn -0.7557 0.4180 -0.5042
vn -0.7648 0.4056 -0.5005
vn -0.7735 0.3928 -0.4973
vn -0.7812 0.3777 -0.4971
vn -0.5215 0.4403 -0.7309
vn -0.2598 0.4541 -0.8523
vn -0.0192 0.4398 -0.8979
vn -0.9664 0.1072 0.2338
vn -0.9667 0.0934 0.2382
vn -0.9810 0.1895 0.0419
vn -0.9784 0.2038 0.0355
vn -0.9667 0.0812 0.2425
vn -0.9832 0.1762 0.0474
vn -0.9305 0.2995 -0.2109
vn -0.9240 0.3140 -0.2183
vn -0.9364 0.2855 -0.2042
vn -0.9151 0.0178 0.4029
vn -0.9128 0.0035 0.4084
vn -0.9094 -0.0093 0.4158
vn -0.9058 -0.0210 0.4232
vn -0.9670 0.0694 0.2453
vn -0.9854 0.1628 0.0497
vn -0.9415 0.2704 -0.2013
vn 0.7582 -0.3698 -0.5371
vn 0.6696 -0.3815 -0.6373
vn 0.7463 -0.4425 -0.4973
vn 0.8322 -0.4167 -0.3656
vn 0.5695 -0.3474 -0.7449
vn 0.6509 -0.4146 -0.6360
vn 0.7777 -0.5033 -0.3766
vn 0.8561 -0.4757 -0.2021
vn 0.6992 -0.4742 -0.5350
vn 0.7040 -0.2949 -0.6461
vn 0.6336 -0.3245 -0.7023
vn 0.8286 -0.3235 -0.4570
vn 0.5498 -0.3209 -0.7712
vn 0.4590 -0.2801 -0.8432
vn 0.4715 -0.2682 -0.8401
vn 0.5577 -0.3310 -0.7612
vn 0.6259 -0.3875 -0.6768
vn 0.6776 -0.4317 -0.5954
vn 0.7222 -0.5215 -0.4544
vn 0.7744 -0.5618 -0.2911
vn 0.8308 -0.5514 -0.0758
vn 0.9164 -0.3987 -0.0355
vn 0.8430 -0.4792 0.2444
vn 0.8999 -0.3528 -0.2562
vn 0.0351 -0.0859 -0.9957
vn 0.0575 -0.0347 -0.9977
vn -0.0445 -0.0176 -0.9989
vn -0.0624 -0.0658 -0.9959
vn 0.0759 0.0119 -0.9970
vn -0.0304 0.0238 -0.9993
vn -0.1426 -0.0059 -0.9898
vn -0.1563 -0.0509 -0.9864
vn -0.1329 0.0315 -0.9906
vn 0.1154 -0.1538 -0.9813
vn 0.1436 -0.1114 -0.9833
vn 0.0131 -0.1294 -0.9915
vn 0.1718 -0.0574 -0.9835
vn 0.1953 -0.0046 -0.9807
vn 0.2100 0.0386 -0.9769
vn 0.0863 0.0477 -0.9951
vn -0.0237 0.0539 -0.9983
vn -0.1299 0.0579 -0.9898
vn -0.2411 0.0595 -0.9687
vn -0.2393 0.0342 -0.9703
vn -0.2436 -0.0009 -0.9699
vn -0.2520 -0.0424 -0.9668
vn -0.1703 -0.0926 -0.9810
vn -0.2617 -0.0798 -0.9619
vn -0.0801 -0.1093 -0.9908
vn -0.3530 -0.0429 -0.9346
vn -0.3516 -0.0048 -0.9361
vn -0.4715 -0.0195 -0.8817
vn -0.4649 -0.0551 -0.8836
vn -0.3541 0.0300 -0.9347
vn -0.4811 0.0176 -0.8765
vn -0.6102 -0.0449 -0.7910
vn -0.5964 -0.0808 -0.7986
vn -0.6250 -0.0024 -0.7807
vn -0.3564 -0.0736 -0.9314
vn -0.3622 0.0569 -0.9304
vn -0.4955 0.0487 -0.8673
vn -0.6431 0.0354 -0.7650
vn -0.7968 0.0205 -0.6039
vn -0.7811 -0.0252 -0.6239
vn -0.7664 -0.0760 -0.6379
vn -0.7496 -0.1169 -0.6514
vn -0.5822 -0.0971 -0.8072
vn -0.7295 -0.1318 -0.6712
vn -0.4599 -0.0780 -0.8845
vn 0.6827 -0.5178 -0.5156
vn 0.7160 -0.6305 -0.2997
vn 0.7206 -0.6118 -0.3264
vn 0.6873 -0.4940 -0.5325
vn 0.7158 -0.6954 -0.0636
vn 0.7229 -0.6844 -0.0948
vn 0.7382 -0.5861 -0.3339
vn 0.7104 -0.4666 -0.5270
vn 0.7389 -0.6647 -0.1104
vn 0.6727 -0.7120 0.2011
vn 0.6828 -0.7114 0.1665
vn 0.6983 -0.7008 0.1457
vn 0.7166 -0.6823 0.1444
vn 0.7632 -0.6384 -0.0999
vn 0.7735 -0.5550 -0.3060
vn 0.7680 -0.4337 -0.4712
vn 0.4381 0.3382 -0.8329
vn 0.4398 0.3330 -0.8341
vn 0.6466 0.2521 -0.7200
vn 0.6468 0.2576 -0.7178
vn 0.4412 0.3366 -0.8319
vn 0.6458 0.2512 -0.7210
vn 0.8454 0.1227 -0.5199
vn 0.8475 0.1321 -0.5141
vn 0.8426 0.1157 -0.5259
vn 0.2153 0.3928 -0.8941
vn 0.2173 0.3864 -0.8964
vn 0.2197 0.3936 -0.8926
vn 0.2214 0.4200 -0.8801
vn 0.4412 0.3536 -0.8248
vn 0.6437 0.2594 -0.7200
vn 0.8395 0.1169 -0.5307
vn 0.9746 -0.0859 -0.2070
vn 0.9765 -0.0819 -0.1996
vn 0.9797 -0.0661 -0.1892
vn 0.9826 -0.0475 -0.1796
vn 0.9591 -0.2141 0.1852
vn 0.9543 -0.2430 0.1739
vn 0.8345 -0.3455 0.4293
vn 0.8415 -0.3101 0.4424
vn 0.9500 -0.2669 0.1620
vn 0.8287 -0.3742 0.4162
vn 0.7014 -0.3978 0.5914
vn 0.7086 -0.3586 0.6077
vn 0.6957 -0.4289 0.5762
vn 0.9490 -0.2742 0.1555
vn 0.8272 -0.3831 0.4111
vn 0.6943 -0.4373 0.5716
vn 0.5550 -0.4665 0.6887
vn 0.5551 -0.4610 0.6923
vn 0.5589 -0.4295 0.7093
vn 0.5640 -0.3873 0.7293
vn -0.5265 0.4241 -0.7369
vn -0.5295 0.4132 -0.7409
vn -0.2641 0.4300 -0.8633
vn -0.2625 0.4387 -0.8594
vn -0.5295 0.4185 -0.7378
vn -0.2636 0.4399 -0.8585
vn -0.0191 0.4185 -0.9080
vn -0.0196 0.4261 -0.9045
vn -0.0174 0.4283 -0.9035
vn -0.7867 0.3607 -0.5010
vn -0.7895 0.3465 -0.5065
vn -0.7895 0.3428 -0.5090
vn -0.7873 0.3551 -0.5041
vn -0.5264 0.4459 -0.7240
vn -0.2605 0.4743 -0.8409
vn -0.0148 0.4615 -0.8870
vn -0.9679 0.0569 0.2450
vn -0.9693 0.0428 0.2421
vn -0.9904 0.1320 0.0400
vn -0.9879 0.1481 0.0469
vn -0.9707 0.0284 0.2387
vn -0.9927 0.1163 0.0322
vn -0.9480 0.2375 -0.2117
vn -0.9454 0.2539 -0.2043
vn -0.9492 0.2253 -0.2195
vn -0.9030 -0.0322 0.4285
vn -0.9010 -0.0435 0.4316
vn -0.8993 -0.0546 0.4339
vn -0.8969 -0.0642 0.4376
vn -0.9710 0.0161 0.2387
vn -0.9941 0.1051 0.0284
vn -0.9493 0.2220 -0.2224
vn 0.4385 0.3812 -0.8139
vn 0.4334 0.4110 -0.8020
vn 0.6346 0.3084 -0.7086
vn 0.6397 0.2795 -0.7160
vn 0.4279 0.4365 -0.7914
vn 0.6290 0.3392 -0.6995
vn 0.8324 0.1603 -0.5305
vn 0.8359 0.1322 -0.5327
vn 0.8282 0.1939 -0.5258
vn 0.2202 0.4558 -0.8624
vn 0.2158 0.4862 -0.8468
vn 0.2108 0.5050 -0.8370
vn 0.2092 0.5121 -0.8331
vn 0.4247 0.4537 -0.7835
vn 0.6239 0.3650 -0.6911
vn 0.8228 0.2247 -0.5221
vn 0.9757 0.0099 -0.2190
vn 0.9763 -0.0184 -0.2155
vn 0.9756 -0.0483 -0.2141
vn 0.9745 -0.0731 -0.2119
vn 0.9523 -0.2642 0.1528
vn 0.9573 -0.2468 0.1507
vn 0.8355 -0.3635 0.4121
vn 0.8306 -0.3750 0.4117
vn 0.9625 -0.2277 0.1474
vn 0.8405 -0.3536 0.4105
vn 0.7005 -0.4199 0.5770
vn 0.6971 -0.4288 0.5746
vn 0.7037 -0.4149 0.5767
vn 0.9674 -0.2096 0.1419
vn 0.8455 -0.3448 0.4076
vn 0.7069 -0.4113 0.5754
vn 0.5647 -0.4451 0.6950
vn 0.5618 -0.4447 0.6976
vn 0.5600 -0.4464 0.6979
vn 0.5578 -0.4550 0.6942
vn -0.5229 0.4793 -0.7048
vn -0.5207 0.4987 -0.6929
vn -0.2581 0.5406 -0.8007
vn -0.2580 0.5155 -0.8172
vn -0.5189 0.5009 -0.6928
vn -0.2594 0.5454 -0.7970
vn -0.0170 0.5319 -0.8466
vn -0.0142 0.5029 -0.8642
vn -0.0207 0.5433 -0.8393
vn -0.7851 0.3738 -0.4938
vn -0.7832 0.3865 -0.4870
vn -0.7804 0.3911 -0.4878
vn -0.7754 0.3900 -0.4966
vn -0.5145 0.4915 -0.7026
vn -0.2579 0.5359 -0.8039
vn -0.0211 0.5405 -0.8411
vn -0.9695 0.0077 0.2448
vn -0.9668 0.0036 0.2555
vn -0.9942 0.0994 0.0405
vn -0.9945 0.0995 0.0320
vn -0.9635 0.0038 0.2677
vn -0.9933 0.1040 0.0501
vn -0.9493 0.2313 -0.2130
vn -0.9494 0.2255 -0.2185
vn -0.9483 0.2382 -0.2097
vn -0.8929 -0.0721 0.4445
vn -0.8878 -0.0782 0.4535
vn -0.8827 -0.0819 0.4627
vn -0.8786 -0.0820 0.4704
vn -0.9604 0.0081 0.2784
vn -0.9920 0.1123 0.0571
vn -0.9461 0.2456 -0.2112
vn 0.4253 0.4600 -0.7794
vn 0.4283 0.4558 -0.7803
vn 0.6141 0.3800 -0.6917
vn 0.6195 0.3789 -0.6875
vn 0.4314 0.4425 -0.7862
vn 0.6059 0.3712 -0.7037
vn 0.8052 0.2490 -0.5382
vn 0.8156 0.2436 -0.5249
vn 0.7892 0.2455 -0.5629
vn 0.2134 0.5098 -0.8334
vn 0.2225 0.5005 -0.8366
vn 0.2338 0.4846 -0.8429
vn 0.2441 0.4618 -0.8527
vn 0.4315 0.4204 -0.7982
vn 0.5919 0.3526 -0.7248
vn 0.7648 0.2311 -0.6014
vn 0.9659 -0.0022 -0.2590
vn 0.9652 0.0331 -0.2595
vn 0.9695 0.0356 -0.2425
vn 0.9733 0.0287 -0.2278
vn 0.9713 -0.1953 0.1361
vn 0.9730 -0.1868 0.1355
vn 0.8511 -0.3192 0.4167
vn 0.8499 -0.3338 0.4078
vn 0.9702 -0.1875 0.1535
vn 0.8441 -0.3046 0.4413
vn 0.7128 -0.3820 0.5882
vn 0.7105 -0.4016 0.5778
vn 0.7092 -0.3553 0.6090
vn 0.9531 -0.2128 0.2152
vn 0.8215 -0.2932 0.4891
vn 0.6946 -0.3248 0.6419
vn 0.5752 -0.3417 0.7433
vn 0.5799 -0.3820 0.7196
vn 0.5766 -0.4152 0.7037
vn 0.5701 -0.4371 0.6957
vn -0.5044 0.4774 -0.7195
vn -0.4866 0.4622 -0.7413
vn -0.2319 0.5051 -0.8313
vn -0.2494 0.5209 -0.8164
vn -0.4587 0.4472 -0.7679
vn -0.2061 0.4879 -0.8482
vn -0.0012 0.5173 -0.8558
vn -0.0147 0.5305 -0.8476
vn 0.0169 0.5004 -0.8656
vn -0.7677 0.3853 -0.5120
vn -0.7585 0.3778 -0.5310
vn -0.7482 0.3708 -0.5502
vn -0.7486 0.3549 -0.5600
vn -0.4188 0.4288 -0.8004
vn -0.1726 0.4674 -0.8670
vn 0.0374 0.4786 -0.8773
vn -0.9577 0.0184 0.2873
vn -0.9543 0.0352 0.2968
vn -0.9883 0.1371 0.0676
vn -0.9904 0.1238 0.0614
vn -0.9492 0.0554 0.3098
vn -0.9853 0.1493 0.0828
vn -0.9410 0.2562 -0.2211
vn -0.9430 0.2522 -0.2172
vn -0.9427 0.2573 -0.2124
vn -0.8754 -0.0743 0.4776
vn -0.8722 -0.0572 0.4858
vn -0.8680 -0.0331 0.4954
vn -0.8619 -0.0049 0.5071
vn -0.9411 0.0764 0.3293
vn -0.9808 0.1576 0.1150
vn -0.9540 0.2461 -0.1712
vn 0.9097 -0.2346 0.3426
vn 0.8454 -0.2076 0.4921
vn 0.7373 -0.2362 0.6329
vn 0.7817 -0.2769 0.5589
vn 0.7896 -0.1161 0.6025
vn 0.7034 -0.1498 0.6948
vn 0.6411 -0.2501 0.7256
vn 0.6687 -0.2924 0.6837
vn 0.6237 -0.1799 0.7607
vn 0.9939 -0.1104 0.0001
vn 0.9629 -0.1209 0.2414
vn 0.9013 -0.0502 0.4303
vn 0.8044 0.0977 0.5861
vn 0.7300 0.0506 0.6816
vn 0.6662 0.0036 0.7458
vn 0.5938 -0.0553 0.8027
vn 0.5178 -0.1187 0.8472
vn 0.5260 -0.1976 0.8272
vn 0.5408 -0.2569 0.8010
vn 0.5604 -0.3006 0.7717
vn -0.9291 0.1000 0.3560
vn -0.9126 0.1360 0.3856
vn -0.9522 0.2022 0.2290
vn -0.9712 0.1696 0.1673
vn -0.8884 0.1977 0.4143
vn -0.9179 0.2702 0.2905
vn -0.9621 0.2687 0.0473
vn -0.9678 0.2404 -0.0754
vn -0.9289 0.3380 0.1514
vn -0.8533 0.0264 0.5208
vn -0.8418 0.0661 0.5358
vn -0.8256 0.1237 0.5506
vn -0.8014 0.1978 0.5644
vn -0.8309 0.2931 0.4730
vn -0.8488 0.3801 0.3676
vn -0.8539 0.4508 0.2600
vn -0.8449 0.5189 0.1296
vn -0.9059 0.4215 -0.0405
vn -0.9137 0.3574 -0.1934
vn -0.8688 0.3298 -0.3693
vn -0.2465 0.0928 0.9647
vn -0.4286 0.2342 0.8726
vn -0.2853 0.2938 0.9123
vn -0.1238 0.1500 0.9809
vn -0.5580 0.3560 0.7496
vn -0.4104 0.4156 0.8117
vn -0.1221 0.3406 0.9322
vn -0.0042 0.1937 0.9810
vn -0.2210 0.4636 0.8580
vn -0.3359 0.0387 0.9411
vn -0.5182 0.1810 0.8359
vn -0.6406 0.3072 0.7037
vn -0.0581 0.4899 0.8698
vn 0.0089 0.3717 0.9283
vn 0.0878 0.2314 0.9689
vn 0.4181 0.3258 -0.8480
vn 0.4205 0.3296 -0.8453
vn 0.5992 0.1856 -0.7787
vn 0.5926 0.1797 -0.7852
vn 0.4115 0.3217 -0.8528
vn 0.5930 0.1789 -0.7850
vn 0.7475 0.0264 -0.6638
vn 0.7434 0.0147 -0.6687
vn 0.7391 0.0248 -0.6732
vn 0.2187 0.4643 -0.8582
vn 0.2029 0.4709 -0.8585
vn 0.1789 0.4676 -0.8656
vn 0.1470 0.4491 -0.8813
vn 0.3892 0.2967 -0.8721
vn 0.5725 0.1540 -0.8053
vn 0.7172 0.0042 -0.6968
vn 0.8257 -0.1641 -0.5397
vn 0.8471 -0.1462 -0.5110
vn 0.8558 -0.1481 -0.4957
vn 0.8536 -0.1637 -0.4945
vn -0.3891 0.7654 -0.5126
vn -0.4509 0.7500 -0.4839
vn -0.2691 0.6981 -0.6635
vn -0.2081 0.6993 -0.6838
vn -0.5076 0.7327 -0.4534
vn -0.3282 0.6920 -0.6430
vn -0.0416 0.6016 -0.7977
vn 0.0011 0.5943 -0.8042
vn -0.0877 0.6014 -0.7941
vn -0.5374 0.7840 -0.3107
vn -0.5862 0.7578 -0.2864
vn -0.6303 0.7324 -0.2575
vn -0.6676 0.7075 -0.2319
vn -0.5546 0.7130 -0.4290
vn -0.3790 0.6790 -0.6287
vn -0.1327 0.5896 -0.7967
vn -0.7658 0.5497 0.3336
vn -0.7803 0.5343 0.3251
vn -0.7526 0.6469 0.1229
vn -0.7328 0.6690 0.1243
vn -0.7875 0.5229 0.3264
vn -0.7676 0.6273 0.1317
vn -0.6857 0.7231 -0.0830
vn -0.6535 0.7510 -0.0944
vn -0.7140 0.6973 -0.0634
vn -0.7466 0.4120 0.5223
vn -0.7605 0.3980 0.5131
vn -0.7645 0.3904 0.5129
vn -0.7607 0.3880 0.5203
vn -0.7895 0.5142 0.3351
vn -0.7794 0.6092 0.1462
vn -0.7387 0.6727 -0.0420
vn 0.9015 -0.3197 -0.2917
vn 0.9044 -0.3064 -0.2969
vn 0.8996 -0.4272 -0.0901
vn 0.8967 -0.4339 -0.0872
vn 0.8982 -0.3072 -0.3143
vn 0.8945 -0.4352 -0.1023
vn 0.8459 -0.5139 0.1429
vn 0.8472 -0.5130 0.1378
vn 0.8365 -0.5291 0.1426
vn 0.8797 -0.3281 -0.3442
vn 0.8770 -0.4638 -0.1256
vn 0.8142 -0.5650 0.1337
vn 0.6649 -0.6064 0.4361
vn 0.7000 -0.5716 0.4282
vn 0.7217 -0.5542 0.4147
vn 0.7349 -0.5483 0.3992
vn 0.5560 -0.5188 0.6494
vn 0.5275 -0.5256 0.6674
vn 0.3088 -0.4419 0.8423
vn 0.3449 -0.4339 0.8323
vn 0.4922 -0.5379 0.6844
vn 0.2717 -0.4498 0.8508
vn 0.0809 -0.3270 0.9415
vn 0.1134 -0.3129 0.9430
vn 0.0549 -0.3370 0.9399
vn 0.4461 -0.5611 0.6973
vn 0.2296 -0.4623 0.8565
vn 0.0296 -0.3464 0.9376
vn -0.1761 -0.2150 0.9606
vn -0.1725 -0.2028 0.9639
vn -0.1635 -0.1858 0.9689
vn -0.1415 -0.1621 0.9766
vn -0.3804 -0.0019 0.9248
vn -0.3947 -0.0310 0.9183
vn -0.5720 0.1167 0.8119
vn -0.5590 0.1429 0.8168
vn -0.3931 -0.0524 0.9180
vn -0.5702 0.0986 0.8155
vn -0.6912 0.2567 0.6756
vn -0.6773 0.2758 0.6821
vn -0.6928 0.2456 0.6780
vn -0.3822 -0.0666 0.9217
vn -0.5576 0.0884 0.8254
vn -0.6844 0.2417 0.6879
vn 0.1322 0.2801 -0.9508
vn 0.0141 0.3974 -0.9175
vn -0.0552 0.4107 -0.9101
vn 0.0858 0.3028 -0.9492
vn -0.0396 0.4705 -0.8815
vn -0.1048 0.4868 -0.8672
vn -0.1275 0.4291 -0.8942
vn 0.0358 0.3289 -0.9437
vn -0.1847 0.5179 -0.8352
vn 0.1554 0.2741 -0.9491
vn 0.3165 0.1411 -0.9381
vn 0.0691 0.3949 -0.9161
vn 0.0233 0.4697 -0.8825
vn 0.0106 0.4987 -0.8667
vn -0.0209 0.5063 -0.8621
vn -0.0648 0.5372 -0.8409
vn -0.1344 0.6029 -0.7864
vn -0.2788 0.5497 -0.7874
vn -0.1887 0.4480 -0.8739
vn 0.0010 0.3588 -0.9334
vn 0.2829 0.2045 -0.9371
vn 0.2665 0.2462 -0.9319
vn 0.3046 0.1693 -0.9373
vn 0.5166 0.0352 -0.8555
vn 0.5248 0.0512 -0.8497
vn 0.6970 -0.0257 -0.7166
vn 0.6896 -0.0227 -0.7238
vn 0.5230 0.0813 -0.8485
vn 0.7004 -0.0122 -0.7136
vn 0.8319 -0.0786 -0.5494
vn 0.8287 -0.0613 -0.5563
vn 0.8338 -0.0829 -0.5459
vn 0.5118 0.0413 -0.8581
vn 0.5168 0.1223 -0.8473
vn 0.6982 0.0149 -0.7158
vn 0.8331 -0.0735 -0.5482
vn 0.9340 -0.1438 -0.3272
vn 0.9334 -0.1394 -0.3307
vn 0.9331 -0.1223 -0.3382
vn 0.9331 -0.0947 -0.3469
vn 0.8261 -0.0340 -0.5625
vn 0.9333 -0.0590 -0.3543
vn 0.6844 -0.0044 -0.7291
vn 0.0954 0.3112 -0.9456
vn 0.1385 0.4021 -0.9051
vn 0.1187 0.4076 -0.9054
vn 0.1148 0.3086 -0.9442
vn 0.1674 0.4608 -0.8716
vn 0.1223 0.4747 -0.8716
vn 0.1004 0.4028 -0.9097
vn 0.1414 0.2937 -0.9454
vn 0.0768 0.4760 -0.8761
vn 0.0978 0.3063 -0.9469
vn 0.1742 0.3873 -0.9053
vn 0.2194 0.4363 -0.8727
vn 0.2365 0.4556 -0.8582
vn 0.1869 0.4788 -0.8578
vn 0.1277 0.4963 -0.8587
vn 0.0660 0.5025 -0.8620
vn 0.0533 0.5165 -0.8546
vn 0.1357 0.5079 -0.8507
vn 0.1463 0.5519 -0.8210
vn 0.0338 0.5606 -0.8274
vn 0.2119 0.4843 -0.8489
vn 0.2490 0.5157 -0.8198
vn 0.1616 0.6461 -0.7459
vn 0.0041 0.6525 -0.7578
vn 0.3070 0.5871 -0.7491
vn 0.2697 0.4509 -0.8509
vn 0.3212 0.4632 -0.8260
vn 0.4087 0.4966 -0.7658
vn 0.5700 0.5475 -0.6126
vn 0.3836 0.7231 -0.5744
vn 0.1831 0.8033 -0.5668
vn -0.0207 0.8170 -0.5763
vn 0.2351 0.3538 -0.9053
vn 0.3572 0.3717 -0.8568
vn 0.2952 0.3703 -0.8808
vn 0.1944 0.3385 -0.9207
vn 0.4197 0.4172 -0.8061
vn 0.3398 0.4120 -0.8455
vn 0.2318 0.3746 -0.8978
vn 0.1425 0.3203 -0.9365
vn 0.2785 0.4161 -0.8656
vn 0.0617 0.3827 -0.9218
vn 0.2650 0.3720 -0.8896
vn 0.0547 0.3532 -0.9339
vn 0.4122 0.3760 -0.8299
vn 0.5128 0.4180 -0.7499
vn 0.0231 0.2828 -0.9589
vn 0.0442 0.3244 -0.9449
vn -0.0950 0.2969 -0.9502
vn -0.1879 0.3387 -0.9219
vn -0.2358 0.3658 -0.9004
vn -0.1149 0.3346 -0.9353
vn -0.2424 0.3825 -0.8916
vn -0.3030 0.4104 -0.8601
vn -0.2962 0.3893 -0.8722
vn -0.1406 0.3640 -0.9207
vn -0.3976 0.4399 -0.8053
vn -0.1018 0.2463 -0.9638
vn -0.1662 0.3063 -0.9373
vn -0.2082 0.3584 -0.9100
vn -0.2301 0.3924 -0.8906
vn -0.2564 0.4192 -0.8709
vn -0.3132 0.4616 -0.8299
vn -0.4309 0.5186 -0.7385
vn -0.6347 0.5684 -0.5235
vn -0.5073 0.4562 -0.7311
vn -0.3519 0.4113 -0.8408
vn -0.1606 0.3943 -0.9048
vn -0.1786 0.3327 -0.9260
vn -0.1931 0.3347 -0.9223
vn -0.1884 0.2594 -0.9472
vn -0.1927 0.2550 -0.9475
vn -0.1967 0.3426 -0.9187
vn -0.1726 0.2768 -0.9453
vn -0.1849 0.1887 -0.9645
vn -0.2104 0.1800 -0.9609
vn -0.1419 0.2086 -0.9677
vn -0.1177 0.3853 -0.9153
vn -0.1634 0.3902 -0.9061
vn -0.1288 0.3390 -0.9319
vn -0.1947 0.3927 -0.8988
vn -0.2148 0.3930 -0.8941
vn -0.1948 0.1702 -0.9660
vn -0.1558 0.2599 -0.9530
vn 0.0460 0.2521 -0.9666
vn 0.1778 0.3317 -0.9265
vn 0.0550 0.3034 -0.9513
vn -0.0354 0.2153 -0.9759
vn 0.2290 0.4323 -0.8722
vn 0.0776 0.3930 -0.9163
vn -0.0648 0.2766 -0.9588
vn -0.1255 0.1843 -0.9748
vn -0.0380 0.3587 -0.9327
vn -0.1316 0.2446 -0.9607
vn 0.0967 0.2968 -0.9500
vn -0.1452 0.1888 -0.9712
vn 0.2755 0.3567 -0.8927
vn 0.3948 0.4545 -0.7985
vn 0.4197 0.6596 -0.6235
vn 0.1698 0.5540 -0.8150
vn 0.0172 0.4702 -0.8824
vn -0.0686 0.4146 -0.9074
vn -0.2146 0.1200 -0.9693
vn -0.1748 0.1492 -0.9732
vn -0.2342 0.4410 -0.8664
vn -0.1940 0.4475 -0.8730
vn -0.2012 0.5282 -0.8250
vn -0.2767 0.5059 -0.8170
vn -0.1374 0.4418 -0.8865
vn -0.0945 0.5190 -0.8495
vn -0.2263 0.6552 -0.7208
vn -0.3674 0.6020 -0.7089
vn -0.0221 0.6447 -0.7641
vn 0.0436 0.8423 -0.5372
vn -0.2735 0.8284 -0.4888
vn -0.4914 0.7303 -0.4746
vn -0.3102 0.1051 -0.9448
vn -0.3900 0.1256 -0.9122
vn -0.4367 0.1318 -0.8899
vn -0.3229 0.1212 -0.9387
vn -0.4391 0.1611 -0.8839
vn -0.5027 0.1712 -0.8473
vn -0.4923 0.1483 -0.8577
vn -0.3414 0.1504 -0.9278
vn -0.5929 0.1905 -0.7824
vn -0.4480 0.2017 -0.8710
vn -0.5152 0.2296 -0.8257
vn -0.6253 0.2753 -0.7302
vn -0.7777 0.3453 -0.5254
vn -0.6842 0.2093 -0.6986
vn -0.5416 0.1802 -0.8211
vn -0.3592 0.2000 -0.9116
vn -0.4218 0.2375 -0.8751
vn -0.3846 0.2602 -0.8856
vn -0.4195 0.3374 -0.8427
vn -0.4819 0.2911 -0.8264
vn -0.3463 0.2699 -0.8985
vn -0.3483 0.3556 -0.8673
vn -0.4587 0.4685 -0.7551
vn -0.5706 0.3805 -0.7278
vn -0.3270 0.5063 -0.7979
vn -0.3118 0.2584 -0.9143
vn -0.2864 0.3344 -0.8978
vn -0.2081 0.4726 -0.8563
vn 0.0010 0.7180 -0.6960
vn -0.2471 0.7467 -0.6175
vn -0.4605 0.6797 -0.5709
vn -0.6471 0.5473 -0.5308
vn -0.2989 0.2178 -0.9291
vn -0.3152 0.1561 -0.9361
vn -0.2709 0.2021 -0.9411
vn -0.2554 0.2775 -0.9262
vn -0.3590 0.0854 -0.9294
vn -0.3310 0.1249 -0.9353
vn -0.2077 0.2644 -0.9418
vn -0.1716 0.3703 -0.9129
vn -0.2912 0.1771 -0.9401
vn -0.4384 0.0218 -0.8985
vn -0.4331 0.0562 -0.8996
vn -0.4156 0.1031 -0.9037
vn -0.3974 0.1704 -0.9017
vn -0.2569 0.2496 -0.9337
vn -0.1426 0.3451 -0.9277
vn -0.0521 0.4844 -0.8733
vn -0.5706 -0.0171 -0.8211
vn -0.6758 -0.0323 -0.7364
vn -0.6700 -0.0451 -0.7410
vn -0.5577 -0.0269 -0.8296
vn -0.7994 -0.0455 -0.5991
vn -0.7989 -0.0608 -0.5983
vn -0.6667 -0.0509 -0.7436
vn -0.5461 -0.0304 -0.8372
vn -0.8008 -0.0677 -0.5951
vn -0.5810 -0.0042 -0.8139
vn -0.6803 -0.0145 -0.7328
vn -0.8003 -0.0246 -0.5991
vn -0.9175 -0.0379 -0.3959
vn -0.9163 -0.0590 -0.3962
vn -0.9170 -0.0750 -0.3917
vn -0.9199 -0.0823 -0.3834
vn -0.9246 -0.0819 -0.3720
vn -0.8065 -0.0671 -0.5874
vn -0.6699 -0.0507 -0.7407
vn -0.5410 -0.0294 -0.8405
vn -0.5495 -0.0207 -0.8352
vn -0.6807 -0.0443 -0.7312
vn -0.6928 -0.0291 -0.7206
vn -0.5598 0.0046 -0.8286
vn -0.8155 -0.0620 -0.5755
vn -0.8241 -0.0536 -0.5639
vn -0.6969 -0.0034 -0.7172
vn -0.5580 0.0428 -0.8287
vn -0.8278 -0.0406 -0.5596
vn -0.9300 -0.0780 -0.3592
vn -0.9347 -0.0744 -0.3475
vn -0.9373 -0.0712 -0.3412
vn -0.9365 -0.0676 -0.3441
vn -0.8235 -0.0202 -0.5670
vn -0.6896 0.0362 -0.7233
vn -0.5471 0.0995 -0.8311
vn 0.4508 0.8360 0.3128
vn 0.2099 0.9275 0.3094
vn 0.2110 0.9765 0.0431
vn 0.4772 0.8781 0.0354
vn -0.0211 0.9416 0.3360
vn -0.0417 0.9971 0.0633
vn 0.2013 0.9411 -0.2716
vn 0.4495 0.8471 -0.2835
vn -0.0382 0.9619 -0.2708
vn 0.5860 0.5522 0.5931
vn 0.3800 0.7481 0.5440
vn 0.7072 0.6191 0.3416
vn 0.1891 0.8304 0.5241
vn -0.0022 0.8396 0.5432
vn 0.7169 0.6385 -0.2801
vn 0.7571 0.6516 0.0477
vn -0.7218 0.0731 0.6882
vn -0.7375 0.0009 0.6753
vn -0.6036 -0.0557 0.7953
vn -0.5911 0.0417 0.8056
vn -0.7459 -0.0470 0.6644
vn -0.6086 -0.1162 0.7849
vn -0.4323 -0.1097 0.8951
vn -0.4220 0.0051 0.9066
vn -0.4328 -0.1822 0.8829
vn -0.7119 0.2114 0.6697
vn -0.7498 -0.0853 0.6561
vn -0.6077 -0.1629 0.7773
vn -0.4281 -0.2372 0.8720
vn -0.2021 -0.3023 0.9316
vn -0.2067 -0.2423 0.9479
vn -0.2120 -0.1633 0.9635
vn -0.2097 -0.0400 0.9769
vn -0.3946 0.2035 0.8960
vn -0.1804 0.1692 0.9689
vn -0.5746 0.2148 0.7897
vn -0.4215 -0.2826 0.8617
vn -0.6035 -0.2028 0.7711
vn -0.5977 -0.2348 0.7666
vn -0.4140 -0.3176 0.8531
vn -0.7512 -0.1191 0.6492
vn -0.7513 -0.1468 0.6435
vn -0.5912 -0.2552 0.7651
vn -0.4059 -0.3383 0.8490
vn -0.7507 -0.1653 0.6396
vn -0.2004 -0.3508 0.9147
vn -0.7505 -0.1714 0.6382
vn -0.5850 -0.2601 0.7682
vn -0.3975 -0.3403 0.8522
vn -0.2008 -0.4054 0.8918
vn -0.1991 -0.4034 0.8931
vn -0.2006 -0.3864 0.9003
vn -0.3897 -0.3290 0.8602
vn -0.5802 -0.2534 0.7740
vn -0.5782 -0.2446 0.7783
vn -0.3840 -0.3175 0.8670
vn -0.7517 -0.1681 0.6377
vn -0.7548 -0.1618 0.6357
vn -0.5785 -0.2397 0.7797
vn -0.3807 -0.3147 0.8695
vn -0.7591 -0.1556 0.6321
vn -0.1951 -0.3879 0.9008
vn -0.7636 -0.1508 0.6278
vn -0.5800 -0.2407 0.7782
vn -0.3786 -0.3227 0.8675
vn -0.1874 -0.3749 0.9079
vn -0.1849 -0.3892 0.9024
vn -0.1908 -0.3748 0.9073
vn -0.3760 -0.3283 0.8665
vn -0.5817 -0.2415 0.7767
vn -0.5845 -0.2360 0.7763
vn -0.3737 -0.3201 0.8706
vn -0.7677 -0.1459 0.6240
vn -0.7722 -0.1386 0.6201
vn -0.5921 -0.2244 0.7740
vn -0.3777 -0.3013 0.8755
vn -0.7786 -0.1290 0.6141
vn -0.1809 -0.3970 0.8998
vn -0.7883 -0.1171 0.6040
vn -0.6079 -0.2085 0.7661
vn -0.3936 -0.2782 0.8762
vn -0.1751 -0.3535 0.9189
vn -0.1851 -0.3218 0.9285
vn -0.1756 -0.3825 0.9071
vn -0.4216 -0.2569 0.8696
vn -0.6311 -0.1907 0.7519
vn -0.6561 -0.1734 0.7345
vn -0.4550 -0.2408 0.8573
vn -0.8005 -0.1030 0.5904
vn -0.8125 -0.0877 0.5764
vn -0.6765 -0.1586 0.7192
vn -0.4846 -0.2306 0.8438
vn -0.8215 -0.0722 0.5656
vn -0.2070 -0.2980 0.9319
vn -0.8259 -0.0566 0.5610
vn -0.6884 -0.1470 0.7103
vn -0.5043 -0.2271 0.8331
vn -0.2645 -0.2823 0.9221
vn -0.2865 -0.2887 0.9135
vn -0.2360 -0.2853 0.9289
vn -0.5116 -0.2253 0.8292
vn -0.6909 -0.1357 0.7101
vn -0.6862 -0.1193 0.7176
vn -0.5083 -0.2159 0.8337
vn -0.8254 -0.0395 0.5632
vn -0.8212 -0.0189 0.5703
vn -0.6778 -0.0934 0.7293
vn -0.4992 -0.1927 0.8448
vn -0.8153 0.0072 0.5789
vn -0.2983 -0.2971 0.9070
vn -0.8100 0.0383 0.5852
vn -0.6694 -0.0574 0.7407
vn -0.4893 -0.1540 0.8584
vn -0.2939 -0.2763 0.9150
vn -0.2857 -0.2374 0.9284
vn -0.2996 -0.2955 0.9071
vn -0.4838 -0.1117 0.8680
vn -0.6655 -0.0224 0.7461
vn -0.6675 -0.0035 0.7446
vn -0.4847 -0.0840 0.8706
vn -0.8083 0.0651 0.5852
vn -0.8115 0.0764 0.5793
vn -0.6734 -0.0032 0.7393
vn -0.4904 -0.0755 0.8682
vn -0.8171 0.0713 0.5720
vn -0.2806 -0.1908 0.9407
vn -0.8202 0.0570 0.5692
vn -0.6782 -0.0139 0.7347
vn -0.4969 -0.0795 0.8642
vn -0.2867 -0.1383 0.9480
vn -0.2942 -0.1346 0.9462
vn -0.2812 -0.1555 0.9470
vn -0.8163 0.0462 0.5757
vn -0.8044 0.0466 0.5922
vn -0.6693 -0.0215 0.7427
vn -0.6773 -0.0226 0.7354
vn -0.7848 0.0604 0.6168
vn -0.6545 -0.0092 0.7560
vn -0.4976 -0.0807 0.8636
vn -0.4997 -0.0839 0.8621
vn -0.4904 -0.0686 0.8688
vn -0.9090 0.1169 0.4002
vn -0.8968 0.1184 0.4263
vn -0.8772 0.1351 0.4607
vn -0.7537 0.0971 0.6500
vn -0.6293 0.0218 0.7769
vn -0.4752 -0.0412 0.8789
vn -0.2973 -0.0897 0.9505
vn -0.3025 -0.1151 0.9462
vn -0.3025 -0.1279 0.9445
vn -0.2997 -0.1337 0.9446
vn 0.5006 0.0965 0.8603
vn 0.5823 0.2067 0.7862
vn 0.4269 0.4047 0.8087
vn 0.3405 0.2419 0.9086
vn 0.6319 0.2696 0.7267
vn 0.4734 0.4812 0.7378
vn 0.2107 0.5546 0.8050
vn 0.1248 0.3614 0.9240
vn 0.2606 0.6402 0.7226
vn 0.4206 -0.0523 0.9058
vn 0.6579 0.2965 0.6922
vn 0.4720 0.4889 0.7336
vn 0.2572 0.6366 0.7271
vn 0.0195 0.7252 0.6883
vn 0.0138 0.7303 0.6830
vn -0.0352 0.6374 0.7697
vn -0.1131 0.4322 0.8947
vn 0.0499 0.1102 0.9927
vn 0.2608 0.0299 0.9649
vn -0.1220 0.4627 -0.8781
vn -0.0117 0.4575 -0.8891
vn -0.0669 0.4486 -0.8912
vn -0.2129 0.4423 -0.8712
vn 0.1180 0.4467 -0.8869
vn 0.0898 0.4465 -0.8903
vn -0.1257 0.4503 -0.8840
vn -0.3342 0.4220 -0.8428
vn 0.0615 0.4573 -0.8872
vn -0.1319 0.4874 -0.8632
vn -0.0655 0.4784 -0.8757
vn -0.2092 0.4741 -0.8553
vn 0.0267 0.4683 -0.8832
vn 0.1411 0.4526 -0.8805
vn 0.2725 0.4275 -0.8620
vn 0.2649 0.4228 -0.8666
vn 0.2584 0.4251 -0.8675
vn 0.2519 0.4387 -0.8626
vn -0.5355 0.4046 -0.7413
vn -0.3441 0.4478 -0.8252
vn 0.5873 0.3166 -0.7449
vn 0.6374 0.2807 -0.7175
vn 0.5350 0.3373 -0.7746
vn 0.5062 0.3515 -0.7875
vn 0.7108 0.2364 -0.6625
vn 0.5673 0.3359 -0.7519
vn 0.4131 0.3865 -0.8246
vn 0.4015 0.3881 -0.8296
vn 0.4249 0.3976 -0.8133
vn 0.6095 0.3246 -0.7233
vn 0.6543 0.2905 -0.6982
vn 0.5600 0.3414 -0.7548
vn 0.7336 0.2290 -0.6398
vn 0.8507 0.1278 -0.5099
vn 0.3955 0.3960 -0.8287
vn 0.4902 0.3663 -0.7909
vn -0.2889 0.7905 -0.5400
vn -0.5557 0.8246 -0.1059
vn -0.3531 0.9299 0.1032
vn -0.1165 0.8800 -0.4604
vn -0.6802 0.7047 0.2019
vn -0.4696 0.7658 0.4394
vn -0.0816 0.9691 0.2326
vn 0.1058 0.9100 -0.4009
vn -0.2100 0.7817 0.5872
vn -0.1795 0.5993 -0.7801
vn -0.3686 0.6739 -0.6403
vn -0.1009 0.6250 -0.7741
vn -0.6249 0.6940 -0.3576
vn -0.7871 0.6128 -0.0702
vn -0.7081 0.6292 0.3203
vn -0.4954 0.7163 0.4914
vn -0.2385 0.7521 0.6144
vn 0.0404 0.7471 0.6634
vn 0.1821 0.9344 0.3063
vn 0.3236 0.8785 -0.3515
vn 0.1776 0.6383 -0.7490
vn 0.3282 0.6118 -0.7197
vn 0.0278 0.6420 -0.7662
vn 0.5919 0.3957 -0.7022
vn 0.5724 0.3696 -0.7319
vn 0.4977 0.3969 -0.7712
vn 0.5169 0.4309 -0.7397
vn 0.5595 0.3559 -0.7485
vn 0.4888 0.3796 -0.7855
vn 0.4077 0.4258 -0.8077
vn 0.4247 0.4647 -0.7770
vn 0.3980 0.4073 -0.8220
vn 0.7035 0.4015 -0.5864
vn 0.6777 0.3609 -0.6407
vn 0.6554 0.4562 -0.6020
vn 0.6467 0.3412 -0.6822
vn 0.6240 0.3306 -0.7080
vn 0.2821 0.4373 -0.8539
vn 0.2941 0.4560 -0.8400
vn 0.3087 0.4970 -0.8110
vn 0.4618 0.5709 -0.6789
vn 0.5709 0.5180 -0.6370
vn 0.1805 0.5227 -0.8332
vn 0.1708 0.4818 -0.8595
vn 0.0578 0.4996 -0.8643
vn 0.0598 0.5373 -0.8413
vn 0.1580 0.4629 -0.8722
vn 0.0475 0.4808 -0.8756
vn -0.0447 0.5116 -0.8580
vn -0.0479 0.5423 -0.8388
vn -0.0468 0.4933 -0.8686
vn -0.1375 0.5010 -0.8544
vn -0.1484 0.5217 -0.8401
vn -0.1671 0.5534 -0.8160
vn -0.2630 0.4983 -0.8261
vn -0.4470 0.4756 -0.7576
vn -0.5236 0.5203 -0.6746
vn -0.2991 0.5311 -0.7928
vn -0.6744 0.4191 -0.6079
vn -0.7589 0.4590 -0.4618
vn -0.5884 0.5875 -0.5555
vn -0.3424 0.5817 -0.7378
vn -0.7995 0.5231 -0.2950
vn 0.7071 0.2843 -0.6475
vn 0.7532 0.2930 -0.5890
vn 0.8967 0.1947 -0.3975
vn 0.8224 0.1986 -0.5331
vn 0.8066 0.3199 -0.4971
vn 0.9506 0.2281 -0.2106
vn 0.9947 0.0394 -0.0946
vn 0.9475 0.0581 -0.3143
vn 0.9868 0.0818 0.1396
vn 0.8418 0.4036 -0.3585
vn 0.9428 0.3304 0.0436
vn 0.9002 0.1953 0.3892
vn 0.0002 0.6993 0.7148
vn 0.1463 0.6907 0.7082
vn 0.0922 0.5190 0.8498
vn -0.0104 0.5290 0.8485
vn 0.2809 0.6150 0.7368
vn 0.1768 0.4528 0.8739
vn 0.0442 0.3610 0.9315
vn -0.0195 0.3697 0.9289
vn 0.0880 0.3100 0.9467
vn -0.1887 0.6379 0.7466
vn 0.4252 0.4439 0.7888
vn 0.2664 0.3151 0.9109
vn 0.1293 0.2093 0.9693
vn 0.0037 0.1683 0.9857
vn 0.0271 0.2166 0.9759
vn 0.0104 0.2487 0.9685
vn -0.0174 0.2526 0.9674
vn -0.1244 0.3249 0.9375
vn -0.0561 0.1951 0.9792
vn -0.1585 0.4765 0.8648
vn 0.0724 0.9802 -0.1843
vn 0.0598 0.9895 0.1312
vn -0.2990 0.9453 0.1304
vn -0.3059 0.9393 -0.1554
vn 0.0241 0.9356 0.3521
vn -0.2638 0.9033 0.3384
vn -0.5679 0.8104 0.1441
vn -0.5730 0.8070 -0.1428
vn -0.4936 0.7920 0.3592
vn 0.5509 0.8108 -0.1977
vn 0.5140 0.8461 0.1410
vn 0.4096 0.8251 0.3891
vn 0.2936 0.7563 0.5846
vn -0.0035 0.8505 0.5260
vn -0.2140 0.8327 0.5108
vn -0.3893 0.7446 0.5422
vn -0.5627 0.5708 0.5980
vn -0.6988 0.5965 0.3947
vn -0.7837 0.5992 0.1636
vn -0.7870 0.6031 -0.1303
vn -0.8006 -0.0092 -0.5991
vn -0.6815 -0.0001 -0.7319
vn -0.6819 0.0040 -0.7314
vn -0.8031 -0.0092 -0.5957
vn -0.5867 0.0069 -0.8098
vn -0.5894 0.0123 -0.8077
vn -0.6879 -0.0035 -0.7258
vn -0.8132 -0.0263 -0.5814
vn -0.5944 0.0113 -0.8041
vn -0.9204 -0.0246 -0.3903
vn -0.5176 0.0159 -0.8555
vn -0.5249 0.0201 -0.8509
vn -0.5318 0.0221 -0.8466
vn -0.6066 0.0040 -0.7950
vn -0.7053 -0.0222 -0.7086
vn -0.8349 -0.0595 -0.5471
vn -0.9370 -0.0579 -0.3444
vn -0.9519 -0.1035 -0.2885
vn -0.9263 -0.0307 -0.3756
vn -0.4653 0.0283 -0.8847
vn -0.4190 0.0427 -0.9070
vn -0.4296 0.0413 -0.9021
vn -0.4760 0.0300 -0.8790
vn -0.3710 0.0554 -0.9270
vn -0.3788 0.0513 -0.9241
vn -0.4378 0.0415 -0.8981
vn -0.4846 0.0319 -0.8741
vn -0.3843 0.0494 -0.9219
vn -0.3163 0.0636 -0.9465
vn -0.3192 0.0576 -0.9459
vn -0.3206 0.0542 -0.9457
vn -0.2553 0.0660 -0.9646
vn -0.1920 0.0644 -0.9793
vn -0.1883 0.0569 -0.9805
vn -0.2537 0.0590 -0.9655
vn -0.1283 0.0616 -0.9898
vn -0.1251 0.0535 -0.9907
vn -0.1838 0.0530 -0.9815
vn -0.2512 0.0552 -0.9664
vn -0.1206 0.0490 -0.9915
vn -0.0643 0.0596 -0.9961
vn -0.0638 0.0505 -0.9967
vn -0.0608 0.0445 -0.9972
vn -0.9861 -0.0737 -0.1490
vn -0.9918 -0.0890 0.0914
vn -0.9912 -0.0988 0.0876
vn -0.9853 -0.0875 -0.1469
vn -0.9524 -0.1020 0.2874
vn -0.9535 -0.1077 0.2814
vn -0.9907 -0.1008 0.0918
vn -0.9860 -0.0934 -0.1384
vn -0.9534 -0.1048 0.2831
vn -0.9883 -0.0554 -0.1421
vn -0.9917 -0.0742 0.1053
vn -0.9491 -0.0900 0.3018
vn -0.8891 -0.0995 0.4467
vn -0.8918 -0.1094 0.4391
vn -0.8920 -0.1117 0.4380
vn -0.8905 -0.1042 0.4429
vn -0.8871 -0.0882 0.4531
vn -0.9519 -0.0944 0.2916
vn -0.9901 -0.0959 0.1021
vn -0.9877 -0.0921 -0.1261
vn -0.9898 -0.0884 -0.1118
vn -0.9891 -0.0897 0.1172
vn -0.9868 -0.0877 0.1360
vn -0.9915 -0.0872 -0.0970
vn -0.9482 -0.0833 0.3066
vn -0.9417 -0.0781 0.3273
vn -0.9835 -0.0919 0.1557
vn -0.9924 -0.0897 -0.0842
vn -0.9332 -0.0814 0.3499
vn -0.8806 -0.0717 0.4685
vn -0.8705 -0.0627 0.4882
vn -0.8583 -0.0639 0.5092
vn -0.8454 -0.0797 0.5281
vn -0.9238 -0.0971 0.3703
vn -0.9794 -0.1054 0.1720
vn -0.9923 -0.0975 -0.0769
vn -0.9946 -0.0905 -0.0512
vn -0.9714 -0.1134 0.2085
vn -0.9832 -0.0806 0.1637
vn -0.9937 -0.0574 -0.0963
vn -0.9117 -0.1252 0.3914
vn -0.9301 -0.0958 0.3547
vn -0.9893 -0.0676 0.1294
vn -0.9911 -0.0460 -0.1253
vn -0.9421 -0.0842 0.3244
vn -0.9900 -0.1406 0.0135
vn -0.9510 -0.1608 0.2642
vn -0.8850 -0.1681 0.4343
vn -0.8210 -0.1685 0.5455
vn -0.8491 -0.1296 0.5121
vn -0.8689 -0.1036 0.4840
vn -0.8820 -0.0939 0.4617
vn 0.1075 0.9777 0.1805
vn -0.1228 0.9805 0.1536
vn -0.2316 0.9719 -0.0413
vn 0.0416 0.9987 -0.0281
vn -0.3352 0.9259 0.1741
vn -0.4856 0.8741 -0.0129
vn -0.3678 0.8818 -0.2952
vn -0.0962 0.9452 -0.3119
vn -0.6186 0.7427 -0.2565
vn 0.3662 0.8278 0.4251
vn 0.1421 0.9224 0.3592
vn 0.3759 0.8944 0.2425
vn -0.0436 0.9451 0.3239
vn -0.2092 0.9181 0.3367
vn -0.4042 0.8172 0.4109
vn -0.5756 0.7801 0.2451
vn -0.7386 0.6720 0.0531
vn -0.8334 0.5173 -0.1944
vn 0.2607 0.9203 -0.2916
vn 0.3584 0.9332 0.0254
vn 0.9814 -0.1757 -0.0774
vn 0.9654 -0.1859 0.1828
vn 0.9734 -0.1625 0.1617
vn 0.9839 -0.1528 -0.0925
vn 0.8808 -0.1716 0.4413
vn 0.8963 -0.1500 0.4172
vn 0.9817 -0.1281 0.1411
vn 0.9871 -0.1195 -0.1070
vn 0.9123 -0.1173 0.3924
vn 0.9803 -0.1864 -0.0649
vn 0.9595 -0.1974 0.2009
vn 0.8685 -0.1826 0.4609
vn 0.6896 -0.1413 0.7103
vn 0.7110 -0.1296 0.6911
vn 0.7377 -0.1109 0.6660
vn 0.7649 -0.0826 0.6389
vn 0.7898 -0.0428 0.6119
vn 0.9267 -0.0736 0.3685
vn 0.9888 -0.0841 0.1229
vn 0.9898 -0.0777 -0.1190
vn 0.4712 -0.0575 0.8802
vn 0.2435 0.0281 0.9695
vn 0.2942 0.0349 0.9551
vn 0.5124 -0.0437 0.8576
vn 0.0885 0.1078 0.9902
vn 0.1368 0.1015 0.9854
vn 0.3404 0.0406 0.9394
vn 0.5526 -0.0246 0.8331
vn 0.1756 0.0943 0.9799
vn 0.4367 -0.0731 0.8966
vn 0.1962 0.0073 0.9805
vn 0.0313 0.0906 0.9954
vn 0.0124 0.1640 0.9864
vn 0.0428 0.1432 0.9888
vn 0.0643 0.1276 0.9897
vn 0.0866 0.1177 0.9893
vn 0.2092 0.0931 0.9734
vn 0.3794 0.0543 0.9236
vn 0.5879 0.0048 0.8089
vn -0.0102 0.1885 0.9820
vn -0.0103 0.1863 0.9824
vn -0.0230 0.1570 0.9873
vn -0.0053 0.1593 0.9872
vn -0.0043 0.1692 0.9856
vn -0.0212 0.1470 0.9889
vn -0.0291 0.1423 0.9894
vn -0.0011 0.1413 0.9900
vn -0.0291 0.1394 0.9898
vn -0.0021 0.1563 0.9877
vn -0.0073 0.1400 0.9901
vn -0.0096 0.1391 0.9902
vn -0.0079 0.1524 0.9883
vn -0.0285 0.1444 0.9891
vn -0.0261 0.1380 0.9901
vn 0.0095 0.1309 0.9914
vn -0.0718 0.3063 0.9492
vn -0.1619 0.4688 0.8683
vn -0.0854 0.5294 0.8441
vn -0.0273 0.3514 0.9358
vn -0.2740 0.6366 0.7209
vn -0.1533 0.7099 0.6874
vn 0.0036 0.5369 0.8436
vn 0.0279 0.3672 0.9297
vn -0.0107 0.7178 0.6962
vn -0.1149 0.2176 0.9692
vn -0.0162 0.2042 0.9788
vn -0.2460 0.3459 0.9054
vn -0.4014 0.4840 0.7776
vn 0.1960 0.6301 0.7514
vn 0.1280 0.4691 0.8738
vn 0.0846 0.3419 0.9359
vn 0.0537 0.2546 0.9656
vn 0.0851 0.3005 0.9500
vn 0.0116 0.2307 0.9730
vn -0.5154 0.4510 -0.7287
vn -0.2862 0.4151 -0.8636
vn -0.2629 0.4455 -0.8558
vn -0.4618 0.5044 -0.7297
vn -0.0339 0.3686 -0.9290
vn -0.0240 0.3868 -0.9219
vn -0.2312 0.4571 -0.8588
vn -0.3775 0.5447 -0.7489
vn -0.0142 0.3830 -0.9237
vn 0.2335 0.2944 -0.9267
vn 0.2484 0.3004 -0.9209
vn 0.2584 0.2834 -0.9236
vn 0.4694 0.1959 -0.8610
vn 0.6538 0.0906 -0.7512
vn 0.6742 0.0749 -0.7347
vn 0.4913 0.1889 -0.8502
vn 0.8087 -0.0147 -0.5881
vn 0.8199 -0.0327 -0.5715
vn 0.6896 0.0478 -0.7226
vn 0.5074 0.1629 -0.8462
vn 0.8286 -0.0542 -0.5572
vn 0.9321 -0.1102 -0.3450
vn 0.9331 -0.1242 -0.3374
vn 0.9340 -0.1370 -0.3301
vn 0.9807 -0.1867 -0.0583
vn 0.9818 -0.1814 -0.0553
vn 0.9545 -0.2006 0.2205
vn 0.9563 -0.2005 0.2127
vn 0.9834 -0.1743 -0.0509
vn 0.9525 -0.1999 0.2299
vn 0.8558 -0.1942 0.4796
vn 0.8608 -0.1883 0.4728
vn 0.8502 -0.2007 0.4867
vn 0.6632 -0.1852 0.7252
vn 0.6692 -0.1684 0.7238
vn 0.6765 -0.1529 0.7204
vn 0.3977 -0.1813 0.8994
vn 0.2353 -0.1401 0.9618
vn 0.2487 -0.2386 0.9387
vn 0.4163 -0.2538 0.8731
vn 0.0242 -0.0908 0.9956
vn 0.0320 -0.2087 0.9774
vn 0.2629 -0.3034 0.9159
vn 0.4332 -0.3056 0.8479
vn 0.0426 -0.2847 0.9577
vn 0.0449 -0.3444 0.9378
vn 0.2656 -0.3584 0.8950
vn 0.4403 -0.3538 0.8252
vn 0.4358 -0.3997 0.8064
vn 0.2562 -0.4071 0.8767
vn 0.2402 -0.4435 0.8635
vn 0.4242 -0.4358 0.7938
vn 0.0383 -0.3938 0.9184
vn 0.0266 -0.4295 0.9027
vn 0.2234 -0.4633 0.8576
vn 0.4110 -0.4576 0.7885
vn 0.0144 -0.4477 0.8941
vn 0.0063 -0.4445 0.8957
vn 0.2115 -0.4632 0.8606
vn 0.4014 -0.4621 0.7907
vn 0.3972 -0.4565 0.7962
vn 0.2065 -0.4515 0.8681
vn 0.2055 -0.4443 0.8720
vn 0.3959 -0.4542 0.7981
vn 0.0040 -0.4286 0.9035
vn 0.0048 -0.4170 0.9089
vn 0.2051 -0.4514 0.8684
vn 0.3945 -0.4628 0.7938
vn 0.0060 -0.4209 0.9071
vn 0.0063 -0.4394 0.8983
vn 0.2032 -0.4705 0.8587
vn 0.3917 -0.4788 0.7857
vn 0.3905 -0.4783 0.7866
vn 0.2025 -0.4748 0.8565
vn 0.2048 -0.4478 0.8703
vn 0.3924 -0.4481 0.8033
vn 0.0081 -0.4466 0.8947
vn 0.0125 -0.4251 0.9051
vn 0.2071 -0.4042 0.8909
vn 0.3951 -0.4037 0.8251
vn 0.0149 -0.3868 0.9220
vn 0.0113 -0.3482 0.9373
vn 0.2074 -0.3623 0.9087
vn 0.3981 -0.3628 0.8425
vn 0.4013 -0.3369 0.8518
vn 0.2049 -0.3356 0.9194
vn 0.1996 -0.3264 0.9239
vn 0.4039 -0.3272 0.8543
vn 0.0003 -0.3224 0.9466
vn -0.0164 -0.3124 0.9498
vn 0.1913 -0.3301 0.9244
vn 0.4043 -0.3292 0.8534
vn -0.0353 -0.3147 0.9485
vn -0.0536 -0.3281 0.9431
vn 0.1796 -0.3453 0.9211
vn 0.4003 -0.3416 0.8503
vn 0.3929 -0.3581 0.8470
vn 0.1668 -0.3637 0.9165
vn 0.1563 -0.3725 0.9148
vn 0.3844 -0.3689 0.8463
vn -0.0678 -0.3439 0.9366
vn -0.0750 -0.3485 0.9343
vn 0.1500 -0.3643 0.9191
vn 0.3771 -0.3679 0.8500
vn -0.0758 -0.3342 0.9395
vn -0.0725 -0.2985 0.9516
vn 0.1476 -0.3364 0.9301
vn 0.3717 -0.3521 0.8590
vn 0.3675 -0.3230 0.8721
vn 0.1461 -0.2958 0.9440
vn 0.1438 -0.2567 0.9557
vn 0.3651 -0.2888 0.8850
vn -0.0701 -0.2521 0.9652
vn -0.0714 -0.2127 0.9745
vn 0.1407 -0.2283 0.9634
vn 0.3651 -0.2591 0.8942
vn -0.0763 -0.1886 0.9791
vn -0.0829 -0.1778 0.9806
vn 0.1377 -0.2115 0.9676
vn 0.3682 -0.2377 0.8988
vn -0.0884 -0.1717 0.9812
vn -0.0926 -0.1634 0.9822
vn 0.1361 -0.1905 0.9722
vn 0.1364 -0.2009 0.9701
vn -0.0959 -0.1499 0.9840
vn 0.1355 -0.1769 0.9748
vn 0.3837 -0.2112 0.8990
vn 0.3751 -0.2231 0.8997
vn 0.3920 -0.1985 0.8983
vn -0.0969 -0.1261 0.9873
vn 0.1349 -0.1556 0.9786
vn 0.3983 -0.1813 0.8992
vn -0.7176 0.3784 0.5847
vn -0.5535 0.4340 0.7109
vn -0.5274 0.6078 0.5937
vn -0.7201 0.5067 0.4741
vn -0.3449 0.4552 0.8208
vn -0.2885 0.6548 0.6986
vn -0.5060 0.6969 0.5082
vn -0.7143 0.5853 0.3836
vn -0.2505 0.7497 0.6125
vn 0.7910 0.5498 -0.2683
vn 0.6728 0.6932 -0.2583
vn 0.6299 0.6863 0.3637
vn 0.8230 0.5011 0.2674
vn 0.5130 0.8056 -0.2965
vn 0.4142 0.8371 0.3574
vn 0.4924 0.5254 0.6939
vn 0.7177 0.3591 0.5966
vn 0.2685 0.6603 0.7014
vn -0.9165 0.3447 -0.2031
vn -0.9565 0.2828 0.0714
vn -0.9648 0.2600 0.0384
vn -0.9193 0.3225 -0.2256
vn -0.9349 0.2103 0.2859
vn -0.9500 0.1901 0.2478
vn -0.9676 0.2525 0.0085
vn -0.9166 0.3132 -0.2484
vn -0.9585 0.1858 0.2164
vn 0.4154 -0.0965 0.9045
vn 0.4060 -0.1266 0.9051
vn 0.1441 -0.0784 0.9865
vn 0.1621 -0.0316 0.9863
vn 0.4021 -0.1567 0.9021
vn 0.1365 -0.1222 0.9831
vn -0.0654 -0.0249 0.9975
vn -0.0235 0.0394 0.9989
vn -0.0891 -0.0843 0.9924
vn -0.2775 -0.0391 0.9599
vn -0.2315 0.0401 0.9720
vn -0.1546 0.1279 0.9797
vn -0.2585 0.2330 0.9375
vn -0.3717 0.1176 0.9209
vn -0.4907 0.2098 0.8457
vn -0.3394 0.3570 0.8703
vn -0.4411 0.0181 0.8973
vn -0.5819 0.0904 0.8082
vn -0.5917 0.3172 0.7411
vn -0.4102 0.4953 0.7658
vn -0.6981 0.1770 0.6937
vn 0.7402 0.1800 -0.6479
vn 0.7332 0.1931 -0.6520
vn 0.5398 0.2641 -0.7993
vn 0.5412 0.2550 -0.8013
vn 0.7240 0.2097 -0.6571
vn 0.5361 0.2771 -0.7974
vn 0.3336 0.3174 -0.8877
vn 0.3327 0.3100 -0.8906
vn 0.3325 0.3290 -0.8839
vn 0.9146 0.0641 -0.3992
vn 0.9088 0.0806 -0.4094
vn 0.7443 0.1679 -0.6464
vn 0.9004 0.0980 -0.4238
vn 0.8902 0.1186 -0.4398
vn 0.8787 0.1477 -0.4540
vn 0.7125 0.2347 -0.6613
vn 0.5292 0.2982 -0.7944
vn 0.3281 0.3483 -0.8781
vn 0.0943 0.3856 -0.9178
vn 0.1005 0.3666 -0.9249
vn 0.1049 0.3551 -0.9289
vn 0.1074 0.3484 -0.9312
vn 0.3305 0.3052 -0.8931
vn 0.1083 0.3452 -0.9323
vn 0.5405 0.2475 -0.8041
vn 0.9056 -0.2095 0.3687
vn 0.9099 -0.2065 0.3598
vn 0.9863 -0.1119 0.1214
vn 0.9832 -0.1224 0.1352
vn 0.9150 -0.1948 0.3534
vn 0.9895 -0.0960 0.1081
vn 0.9894 -0.0100 -0.1446
vn 0.9917 -0.0268 -0.1260
vn 0.9863 0.0105 -0.1645
vn 0.7492 -0.2739 0.6030
vn 0.7562 -0.2909 0.5862
vn 0.9009 -0.2041 0.3830
vn 0.7635 -0.2929 0.5755
vn 0.7727 -0.2816 0.5689
vn 0.7848 -0.2505 0.5669
vn 0.9222 -0.1675 0.3486
vn 0.9931 -0.0685 0.0957
vn 0.9823 0.0402 -0.1829
vn 0.9931 -0.0419 -0.1100
vn 0.9801 -0.1290 0.1506
vn -0.1485 0.3831 -0.9117
vn -0.3976 0.3753 -0.8373
vn -0.3897 0.3667 -0.8448
vn -0.1399 0.3725 -0.9174
vn -0.6470 0.3394 -0.6827
vn -0.6451 0.3328 -0.6878
vn -0.3839 0.3636 -0.8488
vn -0.1330 0.3671 -0.9206
vn -0.6452 0.3311 -0.6885
vn -0.1579 0.4017 -0.9021
vn -0.4064 0.3921 -0.8252
vn -0.6507 0.3540 -0.6718
vn -0.8633 0.2793 -0.4204
vn -0.8650 0.2663 -0.4253
vn -0.8681 0.2599 -0.4229
vn -0.8720 0.2576 -0.4163
vn -0.8750 0.2606 -0.4079
vn -0.6460 0.3349 -0.6860
vn -0.3799 0.3656 -0.8497
vn -0.1284 0.3662 -0.9216
vn -0.9713 0.2098 -0.1121
vn -0.9555 0.2776 -0.1001
vn -0.9654 0.2015 0.1657
vn -0.9811 0.1178 0.1534
vn -0.9097 0.4024 -0.1025
vn -0.9144 0.3663 0.1726
vn -0.9063 0.1435 0.3974
vn -0.9244 0.0379 0.3795
vn -0.8446 0.3451 0.4093
vn -0.8593 0.3074 -0.4088
vn -0.9763 0.1798 -0.1204
vn -0.8424 0.3605 -0.4004
vn -0.7940 0.4402 -0.4193
vn -0.7106 0.3175 0.6279
vn -0.7864 0.0893 0.6113
vn -0.8125 -0.0385 0.5817
vn -0.9313 -0.0039 0.3642
vn -0.8260 -0.0905 0.5564
vn -0.9859 0.0839 0.1446
vn 0.3279 0.3055 -0.8940
vn 0.3255 0.3188 -0.8902
vn 0.5358 0.2545 -0.8051
vn 0.5384 0.2445 -0.8065
vn 0.3236 0.3531 -0.8778
vn 0.5335 0.2871 -0.7956
vn 0.7451 0.1643 -0.6464
vn 0.7455 0.1597 -0.6471
vn 0.7444 0.1919 -0.6396
vn 0.1083 0.3481 -0.9312
vn 0.1080 0.3640 -0.9251
vn 0.1077 0.3992 -0.9105
vn 0.1069 0.4502 -0.8865
vn 0.3212 0.4064 -0.8554
vn 0.5305 0.3415 -0.7759
vn 0.7429 0.2434 -0.6236
vn 0.9237 0.1051 -0.3685
vn 0.9219 0.0659 -0.3817
vn 0.9200 0.0484 -0.3890
vn 0.9180 0.0509 -0.3933
vn 0.9938 -0.0544 -0.0969
vn 0.9945 -0.0604 -0.0854
vn 0.9735 -0.1346 0.1847
vn 0.9769 -0.1326 0.1675
vn 0.9957 -0.0551 -0.0740
vn 0.9703 -0.1367 0.1994
vn 0.8879 -0.1843 0.4215
vn 0.8951 -0.1930 0.4020
vn 0.8802 -0.1880 0.4357
vn 0.9974 -0.0372 -0.0616
vn 0.9676 -0.1409 0.2096
vn 0.8726 -0.2113 0.4403
vn 0.7148 -0.2642 0.6476
vn 0.7246 -0.2251 0.6513
vn 0.7336 -0.2233 0.6419
vn 0.7420 -0.2461 0.6236
vn -0.6458 0.3457 -0.6808
vn -0.6438 0.3651 -0.6725
vn -0.3743 0.3957 -0.8386
vn -0.3770 0.3750 -0.8469
vn -0.6402 0.3924 -0.6605
vn -0.3711 0.4296 -0.8233
vn -0.1236 0.3910 -0.9121
vn -0.1255 0.3723 -0.9196
vn -0.1219 0.4266 -0.8962
vn -0.8760 0.2695 -0.4000
vn -0.8748 0.2829 -0.3932
vn -0.8727 0.2971 -0.3875
vn -0.8713 0.3074 -0.3824
vn -0.6366 0.4217 -0.6457
vn -0.3679 0.4710 -0.8018
vn -0.1208 0.4742 -0.8721
vn -0.9480 -0.0011 0.3182
vn -0.9494 -0.0011 0.3140
vn -0.9871 0.0776 0.1399
vn -0.9870 0.0763 0.1415
vn -0.9514 -0.0146 0.3076
vn -0.9885 0.0688 0.1348
vn -0.9809 0.1727 -0.0898
vn -0.9816 0.1668 -0.0927
vn -0.9808 0.1728 -0.0905
vn -0.8697 -0.0877 0.4856
vn -0.8738 -0.0777 0.4800
vn -0.9465 -0.0078 0.3227
vn -0.8754 -0.0770 0.4773
vn -0.8758 -0.0938 0.4734
vn -0.8753 -0.1285 0.4663
vn -0.9533 -0.0417 0.2992
vn -0.9906 0.0488 0.1277
vn -0.9820 0.1643 -0.0934
vn -0.9820 0.1607 -0.0989
vn -0.9875 0.0709 0.1410
vn 0.3171 0.4634 -0.8275
vn 0.3119 0.5103 -0.8015
vn 0.5199 0.4469 -0.7280
vn 0.5255 0.4003 -0.7507
vn 0.3065 0.5434 -0.7815
vn 0.5149 0.4773 -0.7121
vn 0.7348 0.3430 -0.5851
vn 0.7392 0.3002 -0.6029
vn 0.7315 0.3676 -0.5743
vn 0.1043 0.5038 -0.8575
vn 0.1004 0.5493 -0.8296
vn 0.0954 0.5833 -0.8066
vn 0.0891 0.6055 -0.7909
vn 0.3008 0.5633 -0.7696
vn 0.5105 0.4931 -0.7044
vn 0.7295 0.3766 -0.5709
vn 0.9229 0.1930 -0.3332
vn 0.9222 0.1938 -0.3346
vn 0.9227 0.1802 -0.3408
vn 0.9237 0.1492 -0.3528
vn 0.9986 -0.0174 -0.0501
vn 0.9991 -0.0063 -0.0429
vn 0.9629 -0.1590 0.2179
vn 0.9651 -0.1487 0.2158
vn 0.9992 -0.0065 -0.0396
vn 0.9608 -0.1707 0.2182
vn 0.8581 -0.2760 0.4331
vn 0.8647 -0.2455 0.4382
vn 0.8532 -0.2974 0.4286
vn 0.9992 -0.0157 -0.0375
vn 0.9582 -0.1828 0.2200
vn 0.8497 -0.3092 0.4270
vn 0.6838 -0.4141 0.6008
vn 0.6848 -0.4018 0.6079
vn 0.6914 -0.3714 0.6197
vn 0.7024 -0.3225 0.6345
vn -0.6339 0.4505 -0.6286
vn -0.6308 0.4809 -0.6090
vn -0.3644 0.5503 -0.7513
vn -0.3659 0.5122 -0.7770
vn -0.6274 0.5108 -0.5877
vn -0.3639 0.5825 -0.7268
vn -0.1227 0.5656 -0.8155
vn -0.1211 0.5230 -0.8437
vn -0.1257 0.5991 -0.7908
vn -0.8708 0.3178 -0.3751
vn -0.8693 0.3353 -0.3630
vn -0.8666 0.3591 -0.3465
vn -0.8635 0.3836 -0.3273
vn -0.6254 0.5362 -0.5669
vn -0.3658 0.6067 -0.7058
vn -0.1310 0.6223 -0.7718
vn -0.9535 -0.0681 0.2937
vn -0.9518 -0.0807 0.2961
vn -0.9915 0.0232 0.1284
vn -0.9918 0.0297 0.1240
vn -0.9484 -0.0789 0.3071
vn -0.9896 0.0296 0.1410
vn -0.9833 0.1598 -0.0866
vn -0.9832 0.1565 -0.0935
vn -0.9820 0.1740 -0.0729
vn -0.8728 -0.1640 0.4597
vn -0.8693 -0.1833 0.4591
vn -0.8648 -0.1853 0.4666
vn -0.8581 -0.1760 0.4824
vn -0.9430 -0.0683 0.3256
vn -0.9862 0.0434 0.1601
vn -0.9796 0.1935 -0.0543
vn 0.2948 0.5723 -0.7652
vn 0.2885 0.5724 -0.7676
vn 0.5018 0.4986 -0.7068
vn 0.5063 0.4990 -0.7033
vn 0.2827 0.5627 -0.7768
vn 0.4979 0.4912 -0.7147
vn 0.7263 0.3758 -0.5755
vn 0.7281 0.3774 -0.5723
vn 0.7251 0.3712 -0.5800
vn 0.0815 0.6163 -0.7833
vn 0.0726 0.6164 -0.7840
vn 0.0636 0.6049 -0.7938
vn 0.0552 0.5759 -0.8157
vn 0.2783 0.5381 -0.7956
vn 0.4957 0.4726 -0.7286
vn 0.7255 0.3611 -0.5859
vn 0.9311 0.1796 -0.3174
vn 0.9281 0.1794 -0.3261
vn 0.9259 0.1820 -0.3310
vn 0.9242 0.1867 -0.3330
vn 0.9991 -0.0265 -0.0328
vn 0.9992 -0.0329 -0.0228
vn 0.9515 -0.1944 0.2383
vn 0.9551 -0.1916 0.2261
vn 0.9994 -0.0329 -0.0069
vn 0.9478 -0.1885 0.2571
vn 0.8449 -0.3084 0.4370
vn 0.8472 -0.3126 0.4296
vn 0.8428 -0.2948 0.4503
vn 0.9996 -0.0226 0.0160
vn 0.9440 -0.1689 0.2834
vn 0.8408 -0.2668 0.4711
vn 0.7083 -0.3483 0.6140
vn 0.7011 -0.3828 0.6016
vn 0.6937 -0.4028 0.5971
vn 0.6874 -0.4129 0.5974
vn -0.6274 0.5504 -0.5509
vn -0.6349 0.5498 -0.5427
vn -0.3827 0.6181 -0.6867
vn -0.3719 0.6191 -0.6917
vn -0.6470 0.5338 -0.5445
vn -0.3967 0.6026 -0.6924
vn -0.1502 0.6335 -0.7591
vn -0.1392 0.6339 -0.7608
vn -0.1629 0.6199 -0.7676
vn -0.8628 0.3991 -0.3103
vn -0.8665 0.3996 -0.2993
vn -0.8739 0.3853 -0.2965
vn -0.8841 0.3536 -0.3056
vn -0.6620 0.4979 -0.5602
vn -0.4128 0.5671 -0.7127
vn -0.1761 0.5872 -0.7901
vn -0.9358 -0.0608 0.3473
vn -0.9279 -0.0639 0.3672
vn -0.9788 0.0514 0.1984
vn -0.9821 0.0531 0.1807
vn -0.9208 -0.0753 0.3828
vn -0.9767 0.0401 0.2107
vn -0.9781 0.2070 -0.0214
vn -0.9777 0.2068 -0.0357
vn -0.9807 0.1951 -0.0136
vn -0.8480 -0.1685 0.5026
vn -0.8355 -0.1709 0.5223
vn -0.8227 -0.1806 0.5390
vn -0.8122 -0.1943 0.5501
vn -0.9157 -0.0927 0.3911
vn -0.9765 0.0203 0.2145
vn -0.9852 0.1706 -0.0157
vn 0.2744 0.4995 -0.8217
vn 0.2700 0.4582 -0.8468
vn 0.4923 0.4103 -0.7676
vn 0.4943 0.4432 -0.7478
vn 0.2644 0.4312 -0.8627
vn 0.4883 0.3853 -0.7830
vn 0.7274 0.3255 -0.6041
vn 0.7266 0.3453 -0.5939
vn 0.7259 0.3057 -0.6161
vn 0.0474 0.5307 -0.8462
vn 0.0400 0.4839 -0.8742
vn 0.0328 0.4566 -0.8891
vn 0.0263 0.4689 -0.8829
vn 0.2577 0.4363 -0.8621
vn 0.4823 0.3821 -0.7883
vn 0.7213 0.2939 -0.6272
vn 0.9360 0.1489 -0.3189
vn 0.9375 0.1689 -0.3043
vn 0.9365 0.1795 -0.3011
vn 0.9341 0.1813 -0.3074
vn 0.9991 -0.0044 0.0419
vn 0.9980 0.0105 0.0627
vn 0.9347 -0.1130 0.3370
vn 0.9395 -0.1388 0.3131
vn 0.9976 0.0090 0.0691
vn 0.9321 -0.1083 0.3456
vn 0.8339 -0.1956 0.5160
vn 0.8377 -0.2284 0.4961
vn 0.8320 -0.1861 0.5226
vn 0.9983 -0.0165 0.0556
vn 0.9331 -0.1355 0.3332
vn 0.8333 -0.2113 0.5108
vn 0.7183 -0.2686 0.6418
vn 0.7163 -0.2499 0.6515
vn 0.7150 -0.2654 0.6468
vn 0.7130 -0.3040 0.6318
vn -0.6758 0.4462 -0.5866
vn -0.6847 0.3958 -0.6119
vn -0.4390 0.4625 -0.7703
vn -0.4279 0.5145 -0.7431
vn -0.6885 0.3680 -0.6249
vn -0.4459 0.4353 -0.7821
vn -0.1989 0.4869 -0.8505
vn -0.1886 0.5373 -0.8220
vn -0.2068 0.4598 -0.8636
vn -0.8932 0.3096 -0.3260
vn -0.8983 0.2665 -0.3492
vn -0.8994 0.2395 -0.3657
vn -0.8981 0.2417 -0.3673
vn -0.6887 0.3803 -0.6173
vn -0.4489 0.4528 -0.7703
vn -0.2122 0.4769 -0.8530
vn -0.9137 -0.1119 0.3907
vn -0.9139 -0.1295 0.3848
vn -0.9802 -0.0278 0.1959
vn -0.9781 -0.0040 0.2083
vn -0.9147 -0.1438 0.3777
vn -0.9820 -0.0476 0.1827
vn -0.9932 0.1058 -0.0475
vn -0.9900 0.1381 -0.0288
vn -0.9945 0.0817 -0.0648
vn -0.8058 -0.2075 0.5547
vn -0.8028 -0.2176 0.5551
vn -0.8015 -0.2247 0.5542
vn -0.7995 -0.2291 0.5553
vn -0.9144 -0.1534 0.3746
vn -0.9827 -0.0592 0.1753
vn -0.9946 0.0739 -0.0728
vn 0.2506 0.4713 -0.8456
vn 0.2426 0.5179 -0.8203
vn 0.4670 0.4453 -0.7640
vn 0.4753 0.4050 -0.7811
vn 0.2350 0.5627 -0.7926
vn 0.4572 0.4906 -0.7418
vn 0.7081 0.3265 -0.6260
vn 0.7153 0.3001 -0.6311
vn 0.6990 0.3648 -0.6150
vn 0.0200 0.5122 -0.8587
vn 0.0138 0.5602 -0.8283
vn 0.0095 0.5999 -0.8000
vn 0.0099 0.6264 -0.7794
vn 0.2297 0.5970 -0.7687
vn 0.4468 0.5297 -0.7209
vn 0.6870 0.4032 -0.6045
vn 0.9182 0.1833 -0.3511
vn 0.9240 0.1561 -0.3491
vn 0.9284 0.1364 -0.3455
vn 0.9325 0.1334 -0.3356
vn 0.9982 -0.0510 0.0313
vn 0.9973 -0.0723 0.0109
vn 0.9347 -0.2131 0.2846
vn 0.9346 -0.1790 0.3075
vn 0.9971 -0.0759 -0.0015
vn 0.9344 -0.2305 0.2716
vn 0.8349 -0.2926 0.4662
vn 0.8351 -0.2556 0.4872
vn 0.8334 -0.3140 0.4549
vn 0.9977 -0.0676 -0.0075
vn 0.9342 -0.2346 0.2687
vn 0.8308 -0.3221 0.4539
vn 0.7144 -0.3737 0.5916
vn 0.7169 -0.3644 0.5944
vn 0.7189 -0.3427 0.6048
vn 0.7197 -0.3077 0.6224
vn -0.6871 0.4167 -0.5952
vn -0.6836 0.4488 -0.5756
vn -0.4486 0.5377 -0.7139
vn -0.4497 0.4978 -0.7416
vn -0.6771 0.4686 -0.5674
vn -0.4448 0.5624 -0.6971
vn -0.2191 0.5693 -0.7924
vn -0.2162 0.5238 -0.8240
vn -0.2193 0.6015 -0.7682
vn -0.8968 0.2628 -0.3559
vn -0.8943 0.2846 -0.3452
vn -0.8896 0.3019 -0.3427
vn -0.8816 0.3149 -0.3516
vn -0.6661 0.4780 -0.5726
vn -0.4359 0.5733 -0.6937
vn -0.2141 0.6193 -0.7554
vn -0.9116 -0.1588 0.3791
vn -0.9071 -0.1611 0.3889
vn -0.9806 -0.0613 0.1861
vn -0.9821 -0.0631 0.1777
vn -0.9021 -0.1608 0.4005
vn -0.9792 -0.0552 0.1953
vn -0.9940 0.0894 -0.0623
vn -0.9945 0.0790 -0.0692
vn -0.9930 0.1024 -0.0584
vn -0.7946 -0.2326 0.5608
vn -0.7878 -0.2361 0.5689
vn -0.7804 -0.2393 0.5776
vn -0.7740 -0.2410 0.5855
vn -0.8979 -0.1582 0.4108
vn -0.9785 -0.0462 0.2011
vn -0.9913 0.1164 -0.0618
vn 0.2281 0.6138 -0.7558
vn 0.2292 0.6120 -0.7569
vn 0.4256 0.5553 -0.7145
vn 0.4365 0.5521 -0.7103
vn 0.2316 0.5939 -0.7705
vn 0.4134 0.5423 -0.7314
vn 0.6544 0.4380 -0.6164
vn 0.6724 0.4289 -0.6032
vn 0.6314 0.4336 -0.6429
vn 0.0161 0.6368 -0.7708
vn 0.0267 0.6312 -0.7752
vn 0.0389 0.6108 -0.7908
vn 0.0498 0.5747 -0.8169
vn 0.2332 0.5589 -0.7957
vn 0.3994 0.5119 -0.7606
vn 0.6029 0.4121 -0.6831
vn 0.9042 0.1950 -0.3800
vn 0.8961 0.2215 -0.3846
vn 0.9029 0.2181 -0.3703
vn 0.9110 0.2056 -0.3575
vn 0.9984 -0.0553 -0.0082
vn 0.9990 -0.0446 -0.0002
vn 0.9298 -0.2167 0.2976
vn 0.9332 -0.2292 0.2768
vn 0.9988 -0.0389 0.0287
vn 0.9212 -0.1995 0.3341
vn 0.8215 -0.3030 0.4831
vn 0.8270 -0.3182 0.4634
vn 0.8133 -0.2783 0.5110
vn 0.9936 -0.0520 0.1002
vn 0.9044 -0.1789 0.3874
vn 0.8018 -0.2453 0.5449
vn 0.7034 -0.2905 0.6488
vn 0.7074 -0.3266 0.6268
vn 0.7100 -0.3537 0.6089
vn 0.7121 -0.3700 0.5966
vn -0.6488 0.4791 -0.5912
vn -0.6248 0.4729 -0.6213
vn -0.3965 0.5650 -0.7236
vn -0.4198 0.5737 -0.7033
vn -0.5942 0.4598 -0.6600
vn -0.3687 0.5470 -0.7515
vn -0.1845 0.6157 -0.7661
vn -0.2021 0.6236 -0.7552
vn -0.1648 0.5955 -0.7863
vn -0.8702 0.3224 -0.3726
vn -0.8567 0.3230 -0.4023
vn -0.8428 0.3171 -0.4348
vn -0.8443 0.2873 -0.4523
vn -0.5599 0.4351 -0.7051
vn -0.3400 0.5167 -0.7857
vn -0.1465 0.5610 -0.8147
vn -0.8952 -0.1518 0.4190
vn -0.8932 -0.1415 0.4269
vn -0.9788 -0.0243 0.2035
vn -0.9787 -0.0353 0.2023
vn -0.8898 -0.1291 0.4376
vn -0.9770 -0.0167 0.2128
vn -0.9869 0.1361 -0.0870
vn -0.9889 0.1289 -0.0735
vn -0.9869 0.1350 -0.0888
vn -0.7694 -0.2383 0.5927
vn -0.7660 -0.2299 0.6003
vn -0.7631 -0.2167 0.6089
vn -0.7592 -0.1992 0.6196
vn -0.8830 -0.1159 0.4549
vn -0.9706 -0.0157 0.2402
vn -0.9922 0.1119 -0.0543
vn 0.9725 -0.0608 0.2247
vn 0.9333 -0.0279 0.3580
vn 0.8556 -0.0979 0.5082
vn 0.8802 -0.1500 0.4503
vn 0.8905 0.0619 0.4508
vn 0.8320 -0.0037 0.5548
vn 0.7778 -0.1519 0.6099
vn 0.7885 -0.2055 0.5797
vn 0.7703 -0.0683 0.6340
vn 0.9866 0.1003 -0.1284
vn 0.9905 0.0946 0.0996
vn 0.9502 0.1559 0.2697
vn 0.8625 0.2716 0.4271
vn 0.8217 0.2108 0.5296
vn 0.7839 0.1465 0.6033
vn 0.7356 0.0633 0.6745
vn 0.6768 -0.0306 0.7356
vn 0.6861 -0.1242 0.7169
vn 0.6913 -0.1969 0.6953
vn 0.6974 -0.2485 0.6722
vn -0.8717 -0.0965 0.4805
vn -0.8576 -0.0571 0.5111
vn -0.9355 0.0233 0.3526
vn -0.9569 -0.0100 0.2903
vn -0.8394 0.0192 0.5431
vn -0.9021 0.1043 0.4186
vn -0.9805 0.1077 0.1647
vn -0.9952 0.0898 0.0400
vn -0.9434 0.1817 0.2774
vn -0.7536 -0.1742 0.6339
vn -0.7463 -0.1325 0.6523
vn -0.7365 -0.0629 0.6735
vn -0.7185 0.0326 0.6948
vn -0.7803 0.1458 0.6081
vn -0.8281 0.2444 0.5045
vn -0.8596 0.3170 0.4009
vn -0.8821 0.3793 0.2793
vn -0.9581 0.2728 0.0874
vn -0.9731 0.2170 -0.0769
vn -0.9411 0.2165 -0.2598
vn -0.5960 -0.1049 0.7961
vn -0.6073 -0.1904 0.7713
vn -0.4492 -0.2283 0.8638
vn -0.4411 -0.1135 0.8902
vn -0.6119 -0.2388 0.7540
vn -0.4510 -0.2893 0.8444
vn -0.2624 -0.2543 0.9308
vn -0.2566 -0.1182 0.9593
vn -0.2593 -0.3279 0.9084
vn -0.6041 0.0674 0.7941
vn -0.6124 -0.2680 0.7438
vn -0.4463 -0.3246 0.8339
vn -0.2506 -0.3702 0.8945
vn -0.0152 -0.3979 0.9173
vn -0.0244 -0.3507 0.9362
vn -0.0342 -0.2702 0.9622
vn -0.0387 -0.1242 0.9915
vn -0.2430 0.1275 0.9616
vn -0.0274 0.1337 0.9906
vn -0.4395 0.1016 0.8925
vn -0.2398 -0.3968 0.8861
vn -0.4384 -0.3476 0.8288
vn -0.4298 -0.3636 0.8265
vn -0.2287 -0.4145 0.8808
vn -0.6109 -0.2878 0.7376
vn -0.6092 -0.3020 0.7333
vn -0.4218 -0.3726 0.8266
vn -0.2183 -0.4232 0.8793
vn -0.6085 -0.3102 0.7304
vn -0.0092 -0.4278 0.9038
vn -0.6096 -0.3113 0.7291
vn -0.4158 -0.3722 0.8298
vn -0.2095 -0.4202 0.8829
vn -0.0033 -0.4552 0.8904
vn -0.0011 -0.4497 0.8932
vn -0.0056 -0.4470 0.8945
vn -0.2031 -0.4075 0.8903
vn -0.4128 -0.3644 0.8348
vn -0.4128 -0.3543 0.8391
vn -0.1997 -0.3914 0.8983
vn -0.6130 -0.3069 0.7281
vn -0.6182 -0.3011 0.7260
vn -0.4149 -0.3466 0.8413
vn -0.1985 -0.3785 0.9041
vn -0.6241 -0.2965 0.7229
vn 0.0015 -0.4327 0.9015
vn -0.6289 -0.2951 0.7193
vn -0.4175 -0.3453 0.8405
vn -0.1986 -0.3753 0.9054
vn 0.0055 -0.3933 0.9194
vn 0.0062 -0.3867 0.9222
vn 0.0038 -0.4115 0.9114
vn -0.1989 -0.3861 0.9008
vn -0.4194 -0.3525 0.8366
vn -0.4220 -0.3660 0.8294
vn -0.2004 -0.4087 0.8904
vn -0.6319 -0.2967 0.7160
vn -0.6349 -0.2994 0.7122
vn -0.4266 -0.3815 0.8201
vn -0.2034 -0.4365 0.8764
vn -0.6402 -0.3008 0.7069
vn 0.0059 -0.3984 0.9172
vn -0.6493 -0.2989 0.6993
vn -0.4338 -0.3947 0.8100
vn -0.2082 -0.4625 0.8618
vn -0.0011 -0.4626 0.8866
vn -0.0087 -0.4966 0.8679
vn 0.0036 -0.4267 0.9044
vn -0.2150 -0.4809 0.8500
vn -0.4442 -0.4030 0.8002
vn -0.4554 -0.4084 0.7911
vn -0.2222 -0.4917 0.8419
vn -0.6628 -0.2944 0.6885
vn -0.6780 -0.2909 0.6750
vn -0.4654 -0.4145 0.7820
vn -0.2284 -0.4987 0.8361
vn -0.6922 -0.2925 0.6598
vn -0.0187 -0.5203 0.8538
vn -0.7025 -0.3013 0.6448
vn -0.4722 -0.4225 0.7736
vn -0.2328 -0.5025 0.8326
vn -0.0384 -0.5382 0.8419
vn -0.0455 -0.5377 0.8419
vn -0.0291 -0.5328 0.8458
vn -0.2360 -0.4954 0.8360
vn -0.4763 -0.4236 0.7705
vn -0.4825 -0.4048 0.7767
vn -0.2424 -0.4661 0.8509
vn -0.7086 -0.3084 0.6346
vn -0.7139 -0.2998 0.6329
vn -0.4951 -0.3605 0.7905
vn -0.2561 -0.4105 0.8752
vn -0.7211 -0.2693 0.6383
vn -0.0498 -0.5240 0.8503
vn -0.7304 -0.2197 0.6467
vn -0.5139 -0.2954 0.8054
vn -0.2778 -0.3343 0.9006
vn -0.0623 -0.4242 0.9034
vn -0.0761 -0.3417 0.9367
vn -0.0543 -0.4874 0.8715
vn -0.3032 -0.2724 0.9132
vn -0.5338 -0.2390 0.8111
vn -0.5509 -0.2184 0.8055
vn -0.3272 -0.2556 0.9097
vn -0.7387 -0.1740 0.6512
vn -0.7447 -0.1540 0.6494
vn -0.5621 -0.2270 0.7953
vn -0.3449 -0.2733 0.8979
vn -0.7472 -0.1572 0.6458
vn -0.0953 -0.2789 0.9556
vn -0.7434 -0.1716 0.6464
vn -0.5635 -0.2478 0.7881
vn -0.3511 -0.3029 0.8860
vn -0.1320 -0.2959 0.9460
vn -0.1364 -0.3347 0.9324
vn -0.1161 -0.2683 0.9563
vn -0.7320 -0.1858 0.6555
vn -0.7142 -0.1938 0.6726
vn -0.5338 -0.2727 0.8004
vn -0.5533 -0.2653 0.7896
vn -0.6935 -0.1929 0.6941
vn -0.5102 -0.2683 0.8171
vn -0.3244 -0.3323 0.8856
vn -0.3433 -0.3250 0.8812
vn -0.3001 -0.3247 0.8969
vn -0.8620 -0.0984 0.4973
vn -0.8509 -0.1051 0.5146
vn -0.8384 -0.1053 0.5348
vn -0.6731 -0.1730 0.7190
vn -0.4862 -0.2415 0.8398
vn -0.2757 -0.2916 0.9159
vn -0.0479 -0.3233 0.9451
vn -0.0748 -0.3607 0.9297
vn -0.1029 -0.3703 0.9232
vn -0.1257 -0.3620 0.9236
vn 0.6282 0.2038 0.7509
vn 0.6722 0.3295 0.6630
vn 0.4877 0.4931 0.7204
vn 0.4520 0.3228 0.8316
vn 0.6940 0.3950 0.6019
vn 0.5021 0.5608 0.6583
vn 0.2594 0.5994 0.7572
vn 0.2289 0.4051 0.8851
vn 0.2740 0.6688 0.6911
vn 0.5788 0.0175 0.8153
vn 0.7052 0.4176 0.5730
vn 0.4922 0.5481 0.6763
vn 0.2637 0.6327 0.7281
vn 0.0468 0.6679 0.7428
vn 0.0431 0.7121 0.7007
vn 0.0274 0.6397 0.7682
vn 0.0001 0.4353 0.9003
vn 0.2002 0.1156 0.9729
vn 0.4146 0.0716 0.9072
vn -0.3295 0.4648 -0.8218
vn -0.2177 0.4782 -0.8508
vn -0.2616 0.4716 -0.8421
vn -0.4018 0.4406 -0.8028
vn -0.0860 0.4890 -0.8681
vn -0.1075 0.4950 -0.8622
vn -0.3056 0.4845 -0.8197
vn -0.4960 0.4207 -0.7596
vn -0.1285 0.5211 -0.8438
vn -0.3535 0.4839 -0.8006
vn -0.2832 0.4866 -0.8265
vn -0.4199 0.4596 -0.7826
vn -0.1874 0.4923 -0.8500
vn -0.0703 0.4958 -0.8656
vn 0.0631 0.4928 -0.8678
vn 0.0639 0.4896 -0.8696
vn 0.0617 0.5009 -0.8633
vn 0.0572 0.5318 -0.8449
vn -0.6755 0.3613 -0.6428
vn -0.5276 0.4197 -0.7386
vn 0.3981 0.4383 -0.8059
vn 0.4569 0.4195 -0.7844
vn 0.3450 0.4585 -0.8190
vn 0.3120 0.4589 -0.8319
vn 0.5425 0.3991 -0.7392
vn 0.3771 0.4764 -0.7942
vn 0.2188 0.4874 -0.8453
vn 0.2037 0.4778 -0.8545
vn 0.2297 0.5167 -0.8248
vn 0.4150 0.4472 -0.7924
vn 0.4709 0.4250 -0.7731
vn 0.3607 0.4551 -0.8141
vn 0.5699 0.3856 -0.7256
vn 0.7263 0.3132 -0.6119
vn 0.1886 0.4820 -0.8557
vn 0.2864 0.4680 -0.8360
vn -0.5248 0.7184 -0.4567
vn -0.7031 0.7077 0.0696
vn -0.4762 0.8332 0.2811
vn -0.3695 0.8377 -0.4022
vn -0.7231 0.5668 0.3948
vn -0.4482 0.6244 0.6397
vn -0.1962 0.9065 0.3738
vn -0.1570 0.9092 -0.3857
vn -0.1712 0.6433 0.7463
vn -0.4232 0.5650 -0.7083
vn -0.5897 0.5975 -0.5434
vn -0.3542 0.5962 -0.7205
vn -0.7910 0.5730 -0.2145
vn -0.8777 0.4710 0.0885
vn -0.7064 0.5095 0.4913
vn -0.4477 0.6118 0.6521
vn -0.1821 0.6625 0.7266
vn 0.0483 0.6404 0.7665
vn 0.0671 0.9167 0.3939
vn 0.0664 0.9203 -0.3855
vn -0.1020 0.6389 -0.7625
vn 0.0475 0.6364 -0.7699
vn -0.2401 0.6247 -0.7430
vn 0.3619 0.5048 -0.7837
vn 0.3519 0.4830 -0.8018
vn 0.2669 0.4958 -0.8264
vn 0.2737 0.5222 -0.8077
vn 0.3492 0.4691 -0.8112
vn 0.2716 0.4805 -0.8339
vn 0.1694 0.5082 -0.8444
vn 0.1695 0.5372 -0.8263
vn 0.1766 0.4927 -0.8521
vn 0.4789 0.5253 -0.7033
vn 0.4618 0.4905 -0.7390
vn 0.4193 0.5590 -0.7154
vn 0.4392 0.4696 -0.7659
vn 0.4241 0.4559 -0.7825
vn 0.0593 0.5030 -0.8623
vn 0.0531 0.5185 -0.8534
vn 0.0472 0.5484 -0.8349
vn 0.1920 0.6216 -0.7594
vn 0.3181 0.5946 -0.7384
vn -0.0796 0.5533 -0.8292
vn -0.0687 0.5239 -0.8490
vn -0.1794 0.5237 -0.8328
vn -0.1946 0.5510 -0.8115
vn -0.0647 0.5078 -0.8590
vn -0.1759 0.5074 -0.8436
vn -0.2808 0.5192 -0.8072
vn -0.2959 0.5417 -0.7868
vn -0.2725 0.5039 -0.8197
vn -0.3652 0.4953 -0.7882
vn -0.3832 0.5107 -0.7696
vn -0.4070 0.5322 -0.7423
vn -0.4796 0.4707 -0.7406
vn -0.6279 0.4208 -0.6548
vn -0.7018 0.4406 -0.5598
vn -0.5200 0.4911 -0.6989
vn -0.8001 0.3356 -0.4972
vn -0.8750 0.3440 -0.3406
vn -0.7615 0.4835 -0.4316
vn -0.5632 0.5242 -0.6388
vn -0.9075 0.3876 -0.1619
vn 0.5262 0.4292 -0.7341
vn 0.5704 0.4461 -0.6896
vn 0.7635 0.3856 -0.5181
vn 0.6764 0.3740 -0.6345
vn 0.6207 0.4791 -0.6206
vn 0.8310 0.4246 -0.3593
vn 0.9372 0.2603 -0.2323
vn 0.8620 0.2650 -0.4321
vn 0.9543 0.2981 -0.0218
vn 0.6572 0.5553 -0.5097
vn 0.8520 0.5094 -0.1212
vn 0.8981 0.3779 0.2248
vn -0.6508 0.3790 -0.6578
vn -0.4120 0.4142 -0.8116
vn -0.4075 0.4302 -0.8055
vn -0.6360 0.4119 -0.6526
vn -0.1662 0.4227 -0.8909
vn -0.1708 0.4323 -0.8854
vn -0.3889 0.4287 -0.8155
vn -0.5908 0.4424 -0.6747
vn -0.1698 0.4214 -0.8908
vn 0.0861 0.4071 -0.9093
vn 0.0772 0.4176 -0.9054
vn 0.0689 0.4083 -0.9103
vn 0.3189 0.3720 -0.8717
vn 0.5154 0.3282 -0.7916
vn 0.4911 0.3588 -0.7938
vn 0.3047 0.3884 -0.8696
vn 0.6943 0.2752 -0.6650
vn 0.6599 0.3311 -0.6745
vn 0.4563 0.3759 -0.8065
vn 0.2868 0.3878 -0.8760
vn 0.5975 0.3879 -0.7018
vn 0.8627 0.1984 -0.4652
vn 0.8309 0.2840 -0.4785
vn 0.7588 0.4016 -0.5128
vn 0.8923 0.3864 -0.2336
vn 0.9568 0.2036 -0.2075
vn 0.9901 0.1142 0.0818
vn 0.9353 0.3467 0.0707
vn 0.9758 0.0957 -0.1964
vn 0.9962 -0.0104 0.0870
vn 0.9341 0.0375 0.3550
vn 0.8832 0.3003 0.3603
vn 0.9316 -0.1038 0.3483
vn 0.7985 -0.1782 0.5750
vn 0.8016 -0.0234 0.5975
vn 0.7460 0.2486 0.6178
vn 0.5652 -0.1459 0.8120
vn 0.4055 -0.1410 0.9032
vn 0.4200 -0.2575 0.8702
vn 0.5781 -0.2322 0.7822
vn 0.1952 -0.1325 0.9718
vn 0.2095 -0.2715 0.9394
vn 0.4325 -0.3238 0.8415
vn 0.5869 -0.2877 0.7568
vn 0.2235 -0.3485 0.9103
vn 0.2296 -0.3967 0.8888
vn 0.4358 -0.3699 0.8206
vn 0.5899 -0.3311 0.7365
vn 0.5873 -0.3677 0.7210
vn 0.4302 -0.4054 0.8066
vn 0.4200 -0.4306 0.7989
vn 0.5820 -0.3948 0.7109
vn 0.2274 -0.4298 0.8738
vn 0.2203 -0.4517 0.8646
vn 0.4091 -0.4439 0.7973
vn 0.5767 -0.4107 0.7062
vn 0.2118 -0.4616 0.8614
vn 0.2051 -0.4567 0.8656
vn 0.4010 -0.4424 0.8022
vn 0.5734 -0.4127 0.7077
vn 0.5730 -0.4014 0.7145
vn 0.3975 -0.4276 0.8119
vn 0.3973 -0.4044 0.8237
vn 0.5743 -0.3793 0.7255
vn 0.2022 -0.4391 0.8754
vn 0.2021 -0.4156 0.8868
vn 0.3983 -0.3780 0.8358
vn 0.5753 -0.3484 0.7400
vn 0.2030 -0.3932 0.8968
vn 0.2033 -0.3815 0.9017
vn 0.3981 -0.3584 0.8445
vn 0.5746 -0.3186 0.7539
vn 0.5719 -0.3102 0.7594
vn 0.3956 -0.3605 0.8447
vn 0.3891 -0.3888 0.8352
vn 0.5669 -0.3329 0.7535
vn 0.2019 -0.3906 0.8981
vn 0.1970 -0.4208 0.8855
vn 0.3772 -0.4320 0.8192
vn 0.5579 -0.3755 0.7401
vn 0.1877 -0.4617 0.8670
vn 0.1736 -0.5011 0.8478
vn 0.3593 -0.4761 0.8027
vn 0.5436 -0.4220 0.7255
vn 0.5252 -0.4578 0.7173
vn 0.3368 -0.5083 0.7926
vn 0.3140 -0.5259 0.7905
vn 0.5062 -0.4789 0.7172
vn 0.1558 -0.5287 0.8344
vn 0.1376 -0.5427 0.8286
vn 0.2940 -0.5336 0.7930
vn 0.4897 -0.4898 0.7213
vn 0.1215 -0.5479 0.8277
vn 0.1097 -0.5456 0.8308
vn 0.2799 -0.5325 0.7988
vn 0.4783 -0.4911 0.7280
vn 0.4753 -0.4767 0.7395
vn 0.2743 -0.5158 0.8116
vn 0.2773 -0.4749 0.8352
vn 0.4810 -0.4392 0.7587
vn 0.1040 -0.5288 0.8423
vn 0.1031 -0.4883 0.8666
vn 0.2854 -0.4072 0.8676
vn 0.4930 -0.3772 0.7840
vn 0.1038 -0.4208 0.9012
vn 0.1019 -0.3353 0.9366
vn 0.2931 -0.3230 0.8999
vn 0.5059 -0.3014 0.8082
vn 0.5137 -0.2506 0.8206
vn 0.2945 -0.2650 0.9182
vn 0.2917 -0.2644 0.9193
vn 0.5188 -0.2508 0.8173
vn 0.0937 -0.2738 0.9572
vn 0.0818 -0.2692 0.9596
vn 0.2905 -0.3025 0.9078
vn 0.5241 -0.2849 0.8026
vn 0.0729 -0.3044 0.9497
vn 0.0746 -0.3496 0.9339
vn 0.2966 -0.3490 0.8889
vn 0.5319 -0.3257 0.7817
vn 0.0906 -0.3801 0.9205
vn 0.1183 -0.3883 0.9139
vn 0.3390 -0.3858 0.8580
vn 0.3134 -0.3791 0.8707
vn 0.1507 -0.3770 0.9139
vn 0.3689 -0.3730 0.8514
vn 0.5606 -0.3560 0.7477
vn 0.5440 -0.3514 0.7619
vn 0.5803 -0.3432 0.7385
vn 0.1807 -0.3376 0.9238
vn 0.3971 -0.3337 0.8549
vn 0.6013 -0.3068 0.7378
vn -0.6425 0.2697 0.7172
vn -0.4479 0.3626 0.8173
vn -0.4562 0.5475 0.7016
vn -0.6770 0.4111 0.6104
vn -0.2246 0.4203 0.8791
vn -0.2088 0.6236 0.7533
vn -0.4575 0.6243 0.6332
vn -0.6948 0.4847 0.5314
vn -0.1978 0.6996 0.6866
vn 0.6031 0.6789 -0.4189
vn 0.4678 0.7991 -0.3776
vn 0.5573 0.7674 0.3170
vn 0.7584 0.6361 0.1420
vn 0.2796 0.8839 -0.3748
vn 0.3140 0.8675 0.3858
vn 0.4932 0.5596 0.6660
vn 0.7347 0.4769 0.4825
vn 0.2548 0.6141 0.7469
vn -0.9785 0.1675 -0.1207
vn -0.9874 0.0720 0.1408
vn -0.9879 0.0678 0.1397
vn -0.9802 0.1613 -0.1152
vn -0.9360 -0.0163 0.3515
vn -0.9403 -0.0178 0.3398
vn -0.9879 0.0674 0.1400
vn -0.9815 0.1587 -0.1072
vn -0.9440 -0.0146 0.3297
vn 0.5534 0.1814 0.8129
vn 0.6147 -0.0694 0.7857
vn 0.4109 -0.0996 0.9062
vn 0.3567 0.1100 0.9277
vn 0.6180 -0.2269 0.7527
vn 0.4162 -0.2497 0.8743
vn 0.2055 -0.1097 0.9725
vn 0.1775 0.0625 0.9821
vn 0.2019 -0.2522 0.9464
vn -0.0262 -0.2397 0.9705
vn -0.0101 -0.1024 0.9947
vn 0.0017 0.0555 0.9985
vn -0.1712 0.0826 0.9818
vn -0.2218 -0.0800 0.9718
vn -0.4193 -0.0353 0.9072
vn -0.3423 0.1588 0.9261
vn -0.2519 -0.2140 0.9438
vn -0.4601 -0.1714 0.8712
vn -0.6134 0.0272 0.7893
vn -0.5293 0.2524 0.8100
vn -0.6509 -0.1111 0.7510
vn 0.5881 0.4205 -0.6909
vn 0.5911 0.4217 -0.6876
vn 0.3018 0.4942 -0.8153
vn 0.2996 0.4923 -0.8172
vn 0.5970 0.4182 -0.6846
vn 0.3093 0.4897 -0.8152
vn 0.0647 0.5135 -0.8556
vn 0.0688 0.5106 -0.8571
vn 0.0648 0.5100 -0.8577
vn 0.8563 0.2677 -0.4417
vn 0.8549 0.2745 -0.4402
vn 0.5890 0.4128 -0.6947
vn 0.8543 0.2788 -0.4388
vn 0.8534 0.2829 -0.4377
vn 0.8509 0.2906 -0.4376
vn 0.6039 0.4109 -0.6830
vn 0.3218 0.4772 -0.8177
vn 0.0707 0.4976 -0.8645
vn -0.1479 0.4860 -0.8614
vn -0.1395 0.4993 -0.8551
vn -0.1279 0.5038 -0.8543
vn -0.1157 0.5020 -0.8571
vn 0.0763 0.4995 -0.8630
vn -0.1049 0.4919 -0.8643
vn 0.3031 0.4824 -0.8218
vn 0.9621 -0.1122 0.2485
vn 0.9656 -0.0986 0.2406
vn 0.9981 -0.0023 0.0613
vn 0.9976 -0.0148 0.0671
vn 0.9681 -0.0770 0.2382
vn 0.9982 0.0166 0.0582
vn 0.9804 0.1187 -0.1573
vn 0.9820 0.1093 -0.1543
vn 0.9782 0.1322 -0.1599
vn 0.8674 -0.2141 0.4492
vn 0.8768 -0.2089 0.4330
vn 0.9581 -0.1195 0.2603
vn 0.8853 -0.1946 0.4224
vn 0.8916 -0.1704 0.4196
vn 0.8935 -0.1262 0.4310
vn 0.9686 -0.0381 0.2459
vn 0.9969 0.0500 0.0607
vn 0.9745 0.1560 -0.1612
vn 0.9832 0.1017 -0.1513
vn 0.9970 -0.0229 0.0745
vn -0.3309 0.4647 -0.8213
vn -0.5322 0.4026 -0.7448
vn -0.5090 0.4150 -0.7541
vn -0.3097 0.4728 -0.8249
vn -0.7449 0.3028 -0.5944
vn -0.7292 0.3160 -0.6069
vn -0.4888 0.4216 -0.7638
vn -0.2911 0.4746 -0.8307
vn -0.7149 0.3254 -0.6189
vn -0.3514 0.4478 -0.8222
vn -0.5551 0.3825 -0.7386
vn -0.7596 0.2856 -0.5843
vn -0.9258 0.1589 -0.3431
vn -0.9226 0.1632 -0.3495
vn -0.9185 0.1694 -0.3573
vn -0.9144 0.1755 -0.3647
vn -0.9113 0.1811 -0.3697
vn -0.7045 0.3299 -0.6284
vn -0.4749 0.4207 -0.7730
vn -0.2778 0.4681 -0.8388
vn -0.9950 0.0696 -0.0722
vn -0.9854 0.1511 -0.0791
vn -0.9772 0.1439 0.1562
vn -0.9869 0.0038 0.1616
vn -0.9485 0.2945 -0.1167
vn -0.9145 0.3858 0.1220
vn -0.9144 0.1627 0.3706
vn -0.9279 -0.0415 0.3706
vn -0.8079 0.4877 0.3308
vn -0.9258 0.1638 -0.3406
vn -0.9968 0.0340 -0.0722
vn -0.9173 0.1898 -0.3500
vn -0.8871 0.2429 -0.3924
vn -0.6422 0.5568 0.5268
vn -0.7889 0.1842 0.5863
vn -0.8119 -0.0800 0.5782
vn -0.9214 -0.1353 0.3644
vn -0.8025 -0.2025 0.5612
vn -0.9851 -0.0610 0.1610
vn 0.0860 0.4792 -0.8735
vn 0.0967 0.4529 -0.8863
vn 0.3238 0.4393 -0.8379
vn 0.3118 0.4638 -0.8293
vn 0.1076 0.4276 -0.8976
vn 0.3372 0.4153 -0.8449
vn 0.6019 0.3783 -0.7032
vn 0.5940 0.3980 -0.6991
vn 0.6111 0.3589 -0.7055
vn -0.0968 0.4728 -0.8759
vn -0.0915 0.4476 -0.8895
vn -0.0881 0.4235 -0.9016
vn -0.0852 0.4122 -0.9071
vn 0.1182 0.4149 -0.9022
vn 0.3506 0.4021 -0.8458
vn 0.6203 0.3476 -0.7031
vn 0.8674 0.2280 -0.4423
vn 0.8644 0.2337 -0.4451
vn 0.8613 0.2452 -0.4450
vn 0.8585 0.2576 -0.4434
vn 0.9843 0.0948 -0.1489
vn 0.9852 0.0883 -0.1468
vn 0.9954 -0.0305 0.0906
vn 0.9962 -0.0278 0.0826
vn 0.9860 0.0840 -0.1442
vn 0.9947 -0.0308 0.0985
vn 0.9500 -0.1198 0.2885
vn 0.9540 -0.1213 0.2742
vn 0.9462 -0.1168 0.3017
vn 0.9866 0.0836 -0.1402
vn 0.9939 -0.0293 0.1062
vn 0.9430 -0.1149 0.3125
vn 0.8350 -0.1929 0.5153
vn 0.8413 -0.1955 0.5041
vn 0.8490 -0.2033 0.4877
vn 0.8579 -0.2110 0.4685
vn -0.6991 0.3296 -0.6345
vn -0.6985 0.3265 -0.6368
vn -0.4693 0.3994 -0.7876
vn -0.4687 0.4124 -0.7812
vn -0.7010 0.3232 -0.6357
vn -0.4741 0.3863 -0.7912
vn -0.2709 0.4323 -0.8600
vn -0.2714 0.4530 -0.8492
vn -0.2742 0.4123 -0.8688
vn -0.9096 0.1866 -0.3711
vn -0.9095 0.1927 -0.3684
vn -0.9103 0.1995 -0.3627
vn -0.9115 0.2061 -0.3558
vn -0.7048 0.3229 -0.6317
vn -0.4804 0.3804 -0.7903
vn -0.2785 0.4030 -0.8718
vn -0.8998 -0.1907 0.3925
vn -0.8962 -0.1749 0.4078
vn -0.9739 -0.0868 0.2096
vn -0.9758 -0.0998 0.1947
vn -0.8921 -0.1559 0.4241
vn -0.9715 -0.0707 0.2261
vn -0.9981 0.0355 -0.0498
vn -0.9979 0.0247 -0.0596
vn -0.9981 0.0486 -0.0379
vn -0.7836 -0.2798 0.5547
vn -0.7817 -0.2673 0.5634
vn -0.9030 -0.2000 0.3802
vn -0.7796 -0.2481 0.5751
vn -0.7770 -0.2261 0.5875
vn -0.7745 -0.2098 0.5968
vn -0.8879 -0.1415 0.4376
vn -0.9689 -0.0580 0.2406
vn -0.9979 0.0595 -0.0265
vn -0.9977 0.0178 -0.0661
vn -0.9773 -0.1070 0.1827
vn 0.1283 0.4230 -0.8970
vn 0.1372 0.4497 -0.8826
vn 0.3732 0.4265 -0.8239
vn 0.3630 0.4064 -0.8385
vn 0.1432 0.4867 -0.8617
vn 0.3797 0.4560 -0.8050
vn 0.6358 0.3623 -0.6815
vn 0.6287 0.3492 -0.6948
vn 0.6407 0.3825 -0.6658
vn -0.0821 0.4224 -0.9027
vn -0.0785 0.4523 -0.8884
vn -0.0753 0.4931 -0.8667
vn -0.0739 0.5340 -0.8422
vn 0.1448 0.5245 -0.8390
vn 0.3813 0.4871 -0.7857
vn 0.6430 0.4044 -0.6504
vn 0.8793 0.2607 -0.3987
vn 0.8760 0.2497 -0.4127
vn 0.8731 0.2383 -0.4253
vn 0.8702 0.2302 -0.4355
vn 0.9872 0.0869 -0.1339
vn 0.9879 0.0920 -0.1251
vn 0.9920 -0.0240 0.1237
vn 0.9931 -0.0267 0.1142
vn 0.9889 0.0967 -0.1132
vn 0.9905 -0.0228 0.1359
vn 0.9369 -0.1142 0.3305
vn 0.9400 -0.1143 0.3215
vn 0.9330 -0.1153 0.3410
vn 0.9903 0.0985 -0.0976
vn 0.9881 -0.0254 0.1519
vn 0.9275 -0.1193 0.3542
vn 0.8149 -0.2081 0.5409
vn 0.8207 -0.2026 0.5343
vn 0.8254 -0.1986 0.5284
vn 0.8299 -0.1952 0.5226
vn -0.7084 0.3309 -0.6234
vn -0.7109 0.3493 -0.6104
vn -0.4894 0.4134 -0.7678
vn -0.4859 0.3891 -0.7826
vn -0.7118 0.3744 -0.5943
vn -0.4903 0.4473 -0.7480
vn -0.2835 0.4417 -0.8512
vn -0.2820 0.4130 -0.8660
vn -0.2832 0.4811 -0.8297
vn -0.9127 0.2140 -0.3480
vn -0.9138 0.2247 -0.3383
vn -0.9147 0.2370 -0.3273
vn -0.9158 0.2480 -0.3159
vn -0.7118 0.4001 -0.5773
vn -0.4896 0.4820 -0.7266
vn -0.2821 0.5208 -0.8057
vn -0.8846 -0.1387 0.4452
vn -0.8821 -0.1489 0.4470
vn -0.9649 -0.0599 0.2556
vn -0.9666 -0.0541 0.2503
vn -0.8798 -0.1704 0.4438
vn -0.9635 -0.0741 0.2573
vn -0.9977 0.0673 -0.0103
vn -0.9977 0.0657 -0.0176
vn -0.9979 0.0646 -0.0041
vn -0.7728 -0.2068 0.6001
vn -0.7716 -0.2190 0.5973
vn -0.7699 -0.2444 0.5895
vn -0.7667 -0.2784 0.5785
vn -0.8771 -0.1988 0.4372
vn -0.9620 -0.0938 0.2565
vn -0.9983 0.0583 0.0014
vn 0.1418 0.5537 -0.8206
vn 0.1353 0.5722 -0.8089
vn 0.3722 0.5294 -0.7624
vn 0.3783 0.5122 -0.7711
vn 0.1285 0.5845 -0.8011
vn 0.3656 0.5422 -0.7565
vn 0.6417 0.4352 -0.6315
vn 0.6430 0.4225 -0.6388
vn 0.6402 0.4450 -0.6262
vn -0.0756 0.5647 -0.8218
vn -0.0800 0.5833 -0.8083
vn -0.0850 0.5945 -0.7996
vn -0.0884 0.6019 -0.7937
vn 0.1241 0.5938 -0.7950
vn 0.3616 0.5530 -0.7507
vn 0.6398 0.4538 -0.6203
vn 0.8967 0.2679 -0.3525
vn 0.8925 0.2694 -0.3616
vn 0.8879 0.2699 -0.3726
vn 0.8833 0.2676 -0.3849
vn 0.9924 0.0948 -0.0789
vn 0.9946 0.0858 -0.0593
vn 0.9802 -0.0476 0.1922
vn 0.9846 -0.0336 0.1716
vn 0.9965 0.0731 -0.0411
vn 0.9754 -0.0660 0.2101
vn 0.9119 -0.1422 0.3849
vn 0.9203 -0.1281 0.3696
vn 0.9037 -0.1613 0.3966
vn 0.9979 0.0580 -0.0286
vn 0.9715 -0.0887 0.2200
vn 0.8975 -0.1868 0.3995
vn 0.7895 -0.2726 0.5499
vn 0.7936 -0.2470 0.5561
vn 0.8002 -0.2294 0.5541
vn 0.8078 -0.2167 0.5481
vn -0.7123 0.4195 -0.5627
vn -0.7136 0.4312 -0.5521
vn -0.4903 0.5241 -0.6964
vn -0.4893 0.5083 -0.7087
vn -0.7153 0.4383 -0.5443
vn -0.4921 0.5333 -0.6881
vn -0.2846 0.5682 -0.7721
vn -0.2825 0.5505 -0.7856
vn -0.2876 0.5785 -0.7633
vn -0.9175 0.2550 -0.3052
vn -0.9193 0.2586 -0.2965
vn -0.9208 0.2609 -0.2898
vn -0.9216 0.2641 -0.2844
vn -0.7170 0.4434 -0.5379
vn -0.4941 0.5390 -0.6822
vn -0.2901 0.5847 -0.7577
vn -0.8737 -0.2258 0.4308
vn -0.8706 -0.2458 0.4262
vn -0.9585 -0.1269 0.2553
vn -0.9601 -0.1129 0.2557
vn -0.8685 -0.2598 0.4221
vn -0.9576 -0.1358 0.2541
vn -0.9989 0.0443 0.0118
vn -0.9987 0.0505 0.0069
vn -0.9991 0.0407 0.0151
vn -0.7615 -0.3112 0.5687
vn -0.7553 -0.3365 0.5624
vn -0.7496 -0.3558 0.5581
vn -0.7457 -0.3706 0.5537
vn -0.8683 -0.2691 0.4168
vn -0.9578 -0.1400 0.2510
vn -0.9990 0.0407 0.0165
vn 0.1240 0.6045 -0.7869
vn 0.1284 0.6217 -0.7726
vn 0.3662 0.5817 -0.7263
vn 0.3618 0.5652 -0.7414
vn 0.1351 0.6468 -0.7506
vn 0.3723 0.6022 -0.7062
vn 0.6447 0.4750 -0.5990
vn 0.6414 0.4634 -0.6114
vn 0.6482 0.4871 -0.5853
vn -0.0888 0.6107 -0.7869
vn -0.0859 0.6277 -0.7737
vn -0.0807 0.6562 -0.7503
vn -0.0755 0.6916 -0.7183
vn 0.1414 0.6754 -0.7238
vn 0.3774 0.6226 -0.6856
vn 0.6503 0.4972 -0.5743
vn 0.9034 0.2586 -0.3422
vn 0.9032 0.2621 -0.3399
vn 0.9020 0.2647 -0.3410
vn 0.8999 0.2662 -0.3455
vn 0.9989 0.0411 -0.0247
vn 0.9993 0.0226 -0.0299
vn 0.9678 -0.1468 0.2047
vn 0.9690 -0.1160 0.2181
vn 0.9991 0.0030 -0.0416
vn 0.9665 -0.1781 0.1848
vn 0.8927 -0.2572 0.3701
vn 0.8942 -0.2194 0.3902
vn 0.8910 -0.2946 0.3455
vn 0.9984 -0.0138 -0.0545
vn 0.9648 -0.2031 0.1671
vn 0.8885 -0.3229 0.3261
vn 0.7839 -0.4156 0.4613
vn 0.7865 -0.3879 0.4805
vn 0.7878 -0.3486 0.5077
vn 0.7881 -0.3076 0.5331
vn -0.7178 0.4519 -0.5297
vn -0.7175 0.4704 -0.5136
vn -0.4955 0.5655 -0.6593
vn -0.4953 0.5471 -0.6748
vn -0.7156 0.5022 -0.4854
vn -0.4940 0.5984 -0.6307
vn -0.2900 0.6100 -0.7374
vn -0.2910 0.5925 -0.7511
vn -0.2872 0.6413 -0.7115
vn -0.9211 0.2721 -0.2784
vn -0.9195 0.2887 -0.2668
vn -0.9165 0.3154 -0.2461
vn -0.9123 0.3468 -0.2179
vn -0.7118 0.5412 -0.4476
vn -0.4910 0.6402 -0.5908
vn -0.2836 0.6815 -0.6746
vn -0.8698 -0.2740 0.4103
vn -0.8719 -0.2740 0.4057
vn -0.9607 -0.1333 0.2436
vn -0.9591 -0.1392 0.2464
vn -0.8726 -0.2678 0.4085
vn -0.9612 -0.1217 0.2474
vn -0.9981 0.0580 0.0200
vn -0.9988 0.0460 0.0168
vn -0.9966 0.0768 0.0300
vn -0.7442 -0.3814 0.5484
vn -0.7439 -0.3873 0.5446
vn -0.7426 -0.3858 0.5474
vn -0.7382 -0.3770 0.5594
vn -0.8701 -0.2564 0.4210
vn -0.9597 -0.1071 0.2598
vn -0.9941 0.0983 0.0470
vn 0.1452 0.7032 -0.6960
vn 0.1471 0.7272 -0.6705
vn 0.3804 0.6659 -0.6418
vn 0.3798 0.6434 -0.6646
vn 0.1487 0.7443 -0.6511
vn 0.3799 0.6860 -0.6206
vn 0.6482 0.5288 -0.5479
vn 0.6500 0.5099 -0.5634
vn 0.6444 0.5503 -0.5310
vn -0.0724 0.7245 -0.6855
vn -0.0715 0.7479 -0.6599
vn -0.0710 0.7600 -0.6461
vn -0.0675 0.7626 -0.6433
vn 0.1522 0.7534 -0.6397
vn 0.3792 0.7001 -0.6050
vn 0.6382 0.5693 -0.5182
vn 0.8920 0.3111 -0.3279
vn 0.8971 0.2908 -0.3325
vn 0.9002 0.2726 -0.3397
vn 0.9020 0.2609 -0.3439
vn 0.9977 -0.0224 -0.0644
vn 0.9974 -0.0221 -0.0688
vn 0.9625 -0.2279 0.1472
vn 0.9634 -0.2189 0.1547
vn 0.9975 -0.0144 -0.0692
vn 0.9623 -0.2308 0.1441
vn 0.8837 -0.3552 0.3047
vn 0.8860 -0.3415 0.3136
vn 0.8818 -0.3643 0.2995
vn 0.9976 -0.0019 -0.0692
vn 0.9628 -0.2285 0.1442
vn 0.8806 -0.3679 0.2985
vn 0.7750 -0.4678 0.4249
vn 0.7758 -0.4617 0.4301
vn 0.7782 -0.4494 0.4388
vn 0.7810 -0.4337 0.4493
vn -0.7087 0.5711 -0.4142
vn -0.7086 0.5813 -0.3999
vn -0.4901 0.6896 -0.5332
vn -0.4890 0.6744 -0.5533
vn -0.7108 0.5742 -0.4063
vn -0.4931 0.6871 -0.5336
vn -0.2825 0.7368 -0.6142
vn -0.2817 0.7167 -0.6380
vn -0.2845 0.7417 -0.6075
vn -0.9090 0.3690 -0.1936
vn -0.9084 0.3747 -0.1855
vn -0.9097 0.3670 -0.1945
vn -0.9103 0.3537 -0.2150
vn -0.7120 0.5578 -0.4265
vn -0.4946 0.6740 -0.5487
vn -0.2838 0.7361 -0.6145
vn -0.8650 -0.2491 0.4356
vn -0.8604 -0.2527 0.4425
vn -0.9548 -0.1003 0.2800
vn -0.9568 -0.0982 0.2736
vn -0.8578 -0.2641 0.4409
vn -0.9545 -0.1098 0.2774
vn -0.9912 0.1137 0.0682
vn -0.9917 0.1122 0.0629
vn -0.9924 0.1063 0.0618
vn -0.7315 -0.3703 0.5725
vn -0.7260 -0.3741 0.5770
vn -0.7232 -0.3857 0.5728
vn -0.7229 -0.3978 0.5649
vn -0.8574 -0.2759 0.4345
vn -0.9558 -0.1196 0.2688
vn -0.9942 0.0968 0.0469
vn 0.1589 0.7545 -0.6368
vn 0.1670 0.7485 -0.6417
vn 0.3747 0.7018 -0.6059
vn 0.3782 0.7053 -0.5995
vn 0.1740 0.7362 -0.6540
vn 0.3660 0.6915 -0.6229
vn 0.6149 0.5827 -0.5314
vn 0.6292 0.5804 -0.5170
vn 0.5915 0.5796 -0.5605
vn -0.0588 0.7594 -0.6480
vn -0.0456 0.7524 -0.6571
vn -0.0307 0.7412 -0.6706
vn -0.0175 0.7243 -0.6893
vn 0.1766 0.7166 -0.6748
vn 0.3498 0.6733 -0.6514
vn 0.5564 0.5684 -0.6060
vn 0.8681 0.3061 -0.3908
vn 0.8662 0.3357 -0.3701
vn 0.8758 0.3350 -0.3475
vn 0.8848 0.3269 -0.3322
vn 0.9975 0.0109 -0.0704
vn 0.9974 0.0191 -0.0691
vn 0.9637 -0.2106 0.1643
vn 0.9637 -0.2211 0.1495
vn 0.9984 0.0157 -0.0537
vn 0.9600 -0.2018 0.1941
vn 0.8798 -0.3484 0.3233
vn 0.8803 -0.3630 0.3054
vn 0.8765 -0.3274 0.3529
vn 0.9998 -0.0178 -0.0048
vn 0.9491 -0.1987 0.2444
vn 0.8676 -0.3028 0.3944
vn 0.7768 -0.3792 0.5027
vn 0.7800 -0.4154 0.4681
vn 0.7789 -0.4443 0.4427
vn 0.7763 -0.4627 0.4281
vn -0.7081 0.5419 -0.4528
vn -0.6966 0.5315 -0.4820
vn -0.4764 0.6502 -0.5918
vn -0.4899 0.6601 -0.5695
vn -0.6751 0.5275 -0.5158
vn -0.4543 0.6432 -0.6163
vn -0.2636 0.7193 -0.6428
vn -0.2772 0.7275 -0.6277
vn -0.2452 0.7101 -0.6601
vn -0.9085 0.3417 -0.2405
vn -0.9044 0.3333 -0.2666
vn -0.8981 0.3293 -0.2915
vn -0.8976 0.3143 -0.3090
vn -0.6415 0.5264 -0.5580
vn -0.4238 0.6363 -0.6446
vn -0.2241 0.6976 -0.6806
vn -0.8580 -0.2795 0.4309
vn -0.8579 -0.2725 0.4356
vn -0.9582 -0.1194 0.2600
vn -0.9576 -0.1228 0.2608
vn -0.8550 -0.2594 0.4491
vn -0.9557 -0.1153 0.2709
vn -0.9960 0.0876 0.0183
vn -0.9954 0.0910 0.0299
vn -0.9965 0.0813 0.0205
vn -0.7237 -0.4010 0.5617
vn -0.7236 -0.3917 0.5683
vn -0.7214 -0.3735 0.5832
vn -0.7152 -0.3495 0.6053
vn -0.8465 -0.2445 0.4729
vn -0.9470 -0.1164 0.2995
vn -0.9971 0.0561 0.0520
vn 0.9922 -0.0654 0.1057
vn 0.9640 -0.0792 0.2540
vn 0.9027 -0.1732 0.3939
vn 0.9289 -0.1954 0.3147
vn 0.9235 -0.0327 0.3823
vn 0.8730 -0.1131 0.4745
vn 0.8359 -0.2417 0.4928
vn 0.8528 -0.2765 0.4431
vn 0.8194 -0.1831 0.5432
vn 0.9687 0.1561 -0.1932
vn 0.9955 0.0910 0.0266
vn 0.9700 0.0989 0.2220
vn 0.8939 0.1580 0.4196
vn 0.8571 0.0688 0.5105
vn 0.8217 -0.0072 0.5699
vn 0.7788 -0.0917 0.6206
vn 0.7299 -0.1789 0.6598
vn 0.7436 -0.2478 0.6210
vn 0.7561 -0.3016 0.5809
vn 0.7681 -0.3418 0.5415
vn -0.8312 -0.2267 0.5076
vn -0.8103 -0.1957 0.5524
vn -0.9004 -0.0962 0.4242
vn -0.9288 -0.1165 0.3517
vn -0.7829 -0.1368 0.6070
vn -0.8574 -0.0375 0.5132
vn -0.9628 0.0186 0.2695
vn -0.9899 0.0222 0.1397
vn -0.9138 0.0662 0.4007
vn -0.7042 -0.3215 0.6331
vn -0.6890 -0.2848 0.6664
vn -0.6704 -0.2293 0.7057
vn -0.6472 -0.1549 0.7464
vn -0.7133 -0.0459 0.6994
vn -0.7728 0.0645 0.6314
vn -0.8173 0.1616 0.5531
vn -0.8519 0.2588 0.4554
vn -0.9487 0.2009 0.2442
vn -0.9818 0.1788 0.0641
vn -0.9700 0.2102 -0.1219
vn -0.5243 -0.2844 0.8026
vn -0.5421 -0.3535 0.7624
vn -0.3789 -0.4000 0.8345
vn -0.3669 -0.3080 0.8778
vn -0.5540 -0.3987 0.7308
vn -0.3861 -0.4575 0.8010
vn -0.1904 -0.4318 0.8817
vn -0.1831 -0.3238 0.9282
vn -0.1905 -0.5004 0.8446
vn -0.5275 -0.1472 0.8367
vn -0.5605 -0.4349 0.7048
vn -0.3866 -0.5024 0.7734
vn -0.1853 -0.5529 0.8124
vn 0.0516 -0.5776 0.8147
vn 0.0447 -0.5213 0.8522
vn 0.0371 -0.4473 0.8936
vn 0.0344 -0.3318 0.9427
vn -0.1721 -0.1355 0.9757
vn 0.0439 -0.1337 0.9900
vn -0.3645 -0.1413 0.9204
vn -0.1777 -0.5952 0.7837
vn -0.3823 -0.5401 0.7497
vn -0.3750 -0.5683 0.7324
vn -0.1689 -0.6259 0.7614
vn -0.5624 -0.4660 0.6831
vn -0.5608 -0.4894 0.6678
vn -0.3658 -0.5845 0.7243
vn -0.1591 -0.6429 0.7492
vn -0.5572 -0.5023 0.6612
vn 0.0552 -0.6223 0.7808
vn -0.5526 -0.5015 0.6657
vn -0.3557 -0.5854 0.7285
vn -0.1488 -0.6430 0.7513
vn 0.0565 -0.6707 0.7396
vn 0.0580 -0.6693 0.7407
vn 0.0562 -0.6540 0.7544
vn -0.1392 -0.6300 0.7640
vn -0.3470 -0.5748 0.7411
vn -0.3418 -0.5620 0.7532
vn -0.1325 -0.6135 0.7785
vn -0.5490 -0.4908 0.6766
vn -0.5484 -0.4796 0.6850
vn -0.3408 -0.5539 0.7596
vn -0.1292 -0.6008 0.7889
vn -0.5515 -0.4748 0.6859
vn 0.0613 -0.6541 0.7539
vn -0.5571 -0.4792 0.6782
vn -0.3433 -0.5538 0.7586
vn -0.1288 -0.5954 0.7930
vn 0.0672 -0.6182 0.7831
vn 0.0683 -0.6090 0.7902
vn 0.0647 -0.6346 0.7701
vn -0.1297 -0.5889 0.7977
vn -0.3467 -0.5532 0.7575
vn -0.3508 -0.5437 0.7625
vn -0.1321 -0.5727 0.8090
vn -0.5622 -0.4842 0.6705
vn -0.5660 -0.4805 0.6699
vn -0.3582 -0.5272 0.7706
vn -0.1391 -0.5505 0.8232
vn -0.5706 -0.4691 0.6741
vn 0.0689 -0.5974 0.7990
vn -0.5783 -0.4533 0.6783
vn -0.3714 -0.5077 0.7773
vn -0.1535 -0.5274 0.8356
vn 0.0635 -0.5458 0.8355
vn 0.0517 -0.5184 0.8536
vn 0.0684 -0.5746 0.8156
vn -0.1751 -0.5056 0.8449
vn -0.3903 -0.4864 0.7817
vn -0.4112 -0.4622 0.7857
vn -0.1995 -0.4833 0.8524
vn -0.5896 -0.4340 0.6812
vn -0.6025 -0.4107 0.6843
vn -0.4299 -0.4330 0.7923
vn -0.2213 -0.4576 0.8612
vn -0.6145 -0.3816 0.6905
vn 0.0334 -0.4957 0.8679
vn -0.6233 -0.3455 0.7016
vn -0.4429 -0.3973 0.8037
vn -0.2365 -0.4263 0.8731
vn -0.0066 -0.4552 0.8904
vn -0.0197 -0.4301 0.9026
vn 0.0124 -0.4760 0.8793
vn -0.2439 -0.3940 0.8862
vn -0.4490 -0.3611 0.8173
vn -0.4496 -0.3339 0.8285
vn -0.2453 -0.3687 0.8966
vn -0.6275 -0.3088 0.7148
vn -0.6281 -0.2815 0.7254
vn -0.4471 -0.3201 0.8353
vn -0.2435 -0.3544 0.9028
vn -0.6268 -0.2684 0.7315
vn -0.0263 -0.4035 0.9146
vn -0.6252 -0.2712 0.7318
vn -0.4436 -0.3213 0.8367
vn -0.2407 -0.3531 0.9041
vn -0.0275 -0.3673 0.9297
vn -0.0264 -0.3636 0.9312
vn -0.0281 -0.3815 0.9240
vn -0.2378 -0.3659 0.8998
vn -0.4402 -0.3368 0.8324
vn -0.4365 -0.3600 0.8246
vn -0.2341 -0.3881 0.8914
vn -0.6239 -0.2882 0.7264
vn -0.6227 -0.3118 0.7176
vn -0.4313 -0.3824 0.8172
vn -0.2278 -0.4111 0.8827
vn -0.6209 -0.3334 0.7095
vn -0.0249 -0.3739 0.9272
vn -0.6181 -0.3485 0.7046
vn -0.4238 -0.3988 0.8132
vn -0.2170 -0.4285 0.8771
vn -0.0150 -0.4198 0.9075
vn -0.0016 -0.4382 0.8989
vn -0.0220 -0.3957 0.9181
vn -0.6151 -0.3533 0.7049
vn -0.6133 -0.3453 0.7104
vn -0.4053 -0.3956 0.8242
vn -0.4144 -0.4043 0.8154
vn -0.6151 -0.3207 0.7203
vn -0.4007 -0.3679 0.8391
vn -0.1853 -0.4240 0.8865
vn -0.2018 -0.4340 0.8780
vn -0.1729 -0.3939 0.9028
vn -0.7857 -0.2827 0.5503
vn -0.7888 -0.2748 0.5499
vn -0.7940 -0.2532 0.5527
vn -0.6227 -0.2603 0.7379
vn -0.4042 -0.3002 0.8640
vn -0.1707 -0.3221 0.9312
vn 0.0700 -0.3286 0.9419
vn 0.0617 -0.4004 0.9143
vn 0.0415 -0.4322 0.9008
vn 0.0184 -0.4435 0.8961
vn 0.6773 -0.0032 0.7357
vn 0.7165 0.1237 0.6865
vn 0.5443 0.2409 0.8035
vn 0.5126 0.0662 0.8561
vn 0.7389 0.2033 0.6425
vn 0.5598 0.3294 0.7604
vn 0.3218 0.3163 0.8924
vn 0.2965 0.1115 0.9485
vn 0.3357 0.4142 0.8460
vn 0.6367 -0.1624 0.7538
vn 0.7531 0.2470 0.6098
vn 0.5591 0.3373 0.7574
vn 0.3350 0.4040 0.8512
vn 0.1000 0.4341 0.8953
vn 0.0937 0.4477 0.8893
vn 0.0822 0.3426 0.9359
vn 0.0637 0.1252 0.9901
vn 0.2725 -0.1368 0.9524
vn 0.4810 -0.1476 0.8642
vn -0.3820 0.6375 -0.6690
vn -0.2760 0.6614 -0.6974
vn -0.3263 0.6447 -0.6913
vn -0.4632 0.5991 -0.6531
vn -0.1480 0.6797 -0.7184
vn -0.1729 0.6784 -0.7141
vn -0.3804 0.6342 -0.6731
vn -0.5691 0.5483 -0.6128
vn -0.1998 0.6847 -0.7009
vn -0.3955 0.6520 -0.6469
vn -0.3311 0.6625 -0.6720
vn -0.4660 0.6204 -0.6308
vn -0.2423 0.6758 -0.6961
vn -0.1305 0.6853 -0.7165
vn 0.0014 0.6848 -0.7287
vn 0.0016 0.6839 -0.7296
vn -0.0015 0.6902 -0.7236
vn -0.0078 0.7048 -0.7094
vn -0.7394 0.4566 -0.4948
vn -0.5831 0.5594 -0.5891
vn 0.3320 0.6220 -0.7091
vn 0.3933 0.6012 -0.6957
vn 0.2852 0.6460 -0.7081
vn 0.2503 0.6481 -0.7193
vn 0.4855 0.5716 -0.6615
vn 0.3218 0.6539 -0.6847
vn 0.1587 0.6774 -0.7183
vn 0.1429 0.6709 -0.7276
vn 0.1712 0.6938 -0.6995
vn 0.3437 0.6237 -0.7021
vn 0.3987 0.6007 -0.6930
vn 0.2946 0.6363 -0.7130
vn 0.5009 0.5545 -0.6646
vn 0.6681 0.4627 -0.5827
vn 0.1273 0.6721 -0.7295
vn 0.2240 0.6539 -0.7227
vn -0.5422 0.8254 -0.1574
vn -0.6805 0.6538 0.3309
vn -0.4385 0.7212 0.5363
vn -0.3708 0.9258 -0.0730
vn -0.6840 0.4244 0.5934
vn -0.4136 0.4394 0.7974
vn -0.1601 0.7681 0.6200
vn -0.1585 0.9863 -0.0455
vn -0.1394 0.4540 0.8800
vn -0.4556 0.7317 -0.5070
vn -0.6265 0.7197 -0.2992
vn -0.3825 0.7745 -0.5039
vn -0.8034 0.5946 0.0322
vn -0.8645 0.4042 0.2989
vn -0.6634 0.3291 0.6720
vn -0.4112 0.3897 0.8240
vn -0.1476 0.4275 0.8919
vn 0.1037 0.4541 0.8849
vn 0.0993 0.7744 0.6248
vn 0.0525 0.9972 -0.0534
vn -0.1327 0.8404 -0.5255
vn 0.0025 0.8423 -0.5390
vn -0.2656 0.8167 -0.5123
vn 0.2910 0.6858 -0.6671
vn 0.2819 0.6611 -0.6954
vn 0.1991 0.6802 -0.7055
vn 0.2034 0.7121 -0.6719
vn 0.2816 0.6472 -0.7084
vn 0.2073 0.6636 -0.7187
vn 0.1046 0.6974 -0.7090
vn 0.1033 0.7332 -0.6721
vn 0.1141 0.6802 -0.7241
vn 0.4232 0.6950 -0.5812
vn 0.3958 0.6595 -0.6391
vn 0.3635 0.7395 -0.5665
vn 0.3674 0.6402 -0.6747
vn 0.3516 0.6291 -0.6933
vn -0.0017 0.6924 -0.7216
vn -0.0063 0.7093 -0.7048
vn -0.0084 0.7459 -0.6661
vn 0.1356 0.8257 -0.5475
vn 0.2602 0.7895 -0.5559
vn -0.1220 0.7476 -0.6528
vn -0.1199 0.7122 -0.6917
vn -0.2224 0.7064 -0.6720
vn -0.2279 0.7384 -0.6346
vn -0.1219 0.6949 -0.7087
vn -0.2265 0.6890 -0.6885
vn -0.3176 0.6942 -0.6460
vn -0.3255 0.7197 -0.6132
vn -0.3158 0.6784 -0.6634
vn -0.4037 0.6612 -0.6324
vn -0.4181 0.6753 -0.6076
vn -0.4405 0.6966 -0.5663
vn -0.5206 0.6217 -0.5852
vn -0.6771 0.5408 -0.4990
vn -0.7462 0.5413 -0.3876
vn -0.5593 0.6354 -0.5325
vn -0.8500 0.3993 -0.3437
vn -0.9099 0.3765 -0.1741
vn -0.7985 0.5575 -0.2270
vn -0.6037 0.6601 -0.4469
vn -0.9238 0.3819 0.0279
vn 0.4518 0.5950 -0.6647
vn 0.5021 0.6025 -0.6204
vn 0.7110 0.5076 -0.4867
vn 0.6099 0.5222 -0.5961
vn 0.5684 0.6225 -0.5380
vn 0.8011 0.5094 -0.3143
vn 0.9120 0.3228 -0.2531
vn 0.8155 0.3750 -0.4408
vn 0.9515 0.3062 -0.0287
vn 0.6280 0.6772 -0.3833
vn 0.8452 0.5327 -0.0444
vn 0.9159 0.3169 0.2464
vn -0.7693 0.2647 -0.5815
vn -0.5731 0.3490 -0.7414
vn -0.5801 0.2977 -0.7582
vn -0.7671 0.2426 -0.5938
vn -0.3670 0.4129 -0.8335
vn -0.3738 0.3522 -0.8580
vn -0.5712 0.2345 -0.7866
vn -0.7426 0.2231 -0.6315
vn -0.3707 0.2732 -0.8877
vn -0.1495 0.4543 -0.8782
vn -0.1431 0.3959 -0.9071
vn -0.1336 0.3187 -0.9384
vn 0.0834 0.4689 -0.8793
vn 0.3355 0.4549 -0.8249
vn 0.3413 0.4235 -0.8392
vn 0.1000 0.4189 -0.9025
vn 0.6051 0.4066 -0.6845
vn 0.5859 0.4148 -0.6962
vn 0.3273 0.3873 -0.8619
vn 0.1103 0.3554 -0.9282
vn 0.5211 0.4376 -0.7328
vn 0.8417 0.3155 -0.4381
vn 0.8112 0.3784 -0.4458
vn 0.7259 0.4901 -0.4826
vn 0.8431 0.5133 -0.1602
vn 0.9367 0.3157 -0.1514
vn 0.9605 0.2598 0.1000
vn 0.8416 0.5242 0.1299
vn 0.9655 0.2073 -0.1578
vn 0.9902 0.1182 0.0740
vn 0.9228 0.2137 0.3205
vn 0.7640 0.5213 0.3802
vn 0.9615 0.0424 0.2713
vn 0.8830 -0.0342 0.4682
vn 0.8267 0.1610 0.5391
vn 0.6299 0.4842 0.6073
vn 0.6302 -0.2896 0.7204
vn 0.4749 -0.3121 0.8228
vn 0.4893 -0.4040 0.7729
vn 0.6461 -0.3563 0.6750
vn 0.2678 -0.3279 0.9060
vn 0.2797 -0.4378 0.8545
vn 0.5024 -0.4637 0.7298
vn 0.6582 -0.4041 0.6352
vn 0.2921 -0.5080 0.8103
vn 0.2969 -0.5635 0.7709
vn 0.5058 -0.5149 0.6921
vn 0.6630 -0.4491 0.5990
vn 0.6599 -0.4919 0.5679
vn 0.4992 -0.5610 0.6604
vn 0.4864 -0.5962 0.6387
vn 0.6518 -0.5259 0.5465
vn 0.2929 -0.6097 0.7365
vn 0.2832 -0.6433 0.7113
vn 0.4722 -0.6173 0.6292
vn 0.6426 -0.5472 0.5363
vn 0.2719 -0.6617 0.6987
vn 0.2633 -0.6618 0.7019
vn 0.4613 -0.6207 0.6340
vn 0.6361 -0.5526 0.5386
vn 0.6337 -0.5445 0.5495
vn 0.4559 -0.6095 0.6486
vn 0.4547 -0.5923 0.6651
vn 0.6345 -0.5300 0.5627
vn 0.2594 -0.6473 0.7167
vn 0.2588 -0.6278 0.7341
vn 0.4557 -0.5754 0.6792
vn 0.6366 -0.5137 0.5752
vn 0.2596 -0.6104 0.7483
vn 0.2606 -0.5990 0.7572
vn 0.4571 -0.5620 0.6893
vn 0.6390 -0.4978 0.5864
vn 0.6411 -0.4735 0.6040
vn 0.4586 -0.5420 0.7042
vn 0.4589 -0.5079 0.7290
vn 0.6417 -0.4356 0.6312
vn 0.2616 -0.5832 0.7691
vn 0.2619 -0.5542 0.7901
vn 0.4562 -0.4685 0.7565
vn 0.6401 -0.3942 0.6595
vn 0.2585 -0.5193 0.8145
vn 0.2501 -0.4875 0.8366
vn 0.4505 -0.4338 0.7803
vn 0.6377 -0.3586 0.6817
vn 0.6365 -0.3334 0.6955
vn 0.4433 -0.4090 0.7976
vn 0.4363 -0.3924 0.8097
vn 0.6371 -0.3170 0.7025
vn 0.2373 -0.4635 0.8537
vn 0.2231 -0.4457 0.8669
vn 0.4309 -0.3788 0.8190
vn 0.6391 -0.3050 0.7060
vn 0.2106 -0.4290 0.8784
vn 0.2021 -0.4099 0.8895
vn 0.4279 -0.3650 0.8269
vn 0.6419 -0.2950 0.7077
vn 0.6450 -0.2859 0.7087
vn 0.4270 -0.3506 0.8335
vn 0.4279 -0.3371 0.8386
vn 0.6483 -0.2775 0.7090
vn 0.1979 -0.3895 0.8995
vn 0.1969 -0.3714 0.9074
vn 0.4301 -0.3262 0.8418
vn 0.6524 -0.2700 0.7081
vn 0.1975 -0.3582 0.9125
vn 0.1987 -0.3529 0.9143
vn 0.4335 -0.3204 0.8423
vn 0.6578 -0.2654 0.7049
vn 0.6652 -0.2696 0.6963
vn 0.4386 -0.3268 0.8371
vn 0.4468 -0.3458 0.8251
vn 0.6753 -0.2835 0.6809
vn 0.2008 -0.3612 0.9106
vn 0.2052 -0.3826 0.9008
vn 0.4595 -0.3678 0.8085
vn 0.6882 -0.2990 0.6610
vn 0.2146 -0.4071 0.8878
vn 0.2310 -0.4255 0.8750
vn 0.4775 -0.3833 0.7906
vn 0.7036 -0.3087 0.6400
vn 0.2542 -0.4299 0.8663
vn 0.2809 -0.4170 0.8644
vn 0.5242 -0.3707 0.7666
vn 0.5001 -0.3850 0.7757
vn 0.3050 -0.3850 0.8711
vn 0.5452 -0.3399 0.7663
vn 0.7368 -0.2919 0.6098
vn 0.7205 -0.3067 0.6219
vn 0.7500 -0.2641 0.6064
vn 0.3169 -0.3177 0.8937
vn 0.5552 -0.2799 0.7832
vn 0.7553 -0.2125 0.6200
vn -0.5709 0.0308 0.8205
vn -0.3807 0.0819 0.9211
vn -0.4019 0.2739 0.8738
vn -0.6172 0.1810 0.7657
vn -0.1638 0.1144 0.9798
vn -0.1604 0.3279 0.9310
vn -0.4137 0.3773 0.8286
vn -0.6461 0.2788 0.7105
vn -0.1576 0.4349 0.8866
vn 0.5823 0.7812 -0.2250
vn 0.4445 0.8871 -0.1243
vn 0.5811 0.6616 0.4739
vn 0.7695 0.5846 0.2573
vn 0.2562 0.9639 -0.0727
vn 0.3442 0.7348 0.5845
vn 0.5634 0.3841 0.7315
vn 0.7762 0.3434 0.5288
vn 0.3325 0.4281 0.8403
vn -0.9972 0.0210 -0.0719
vn -0.9826 -0.0887 0.1631
vn -0.9806 -0.1017 0.1675
vn -0.9973 0.0161 -0.0713
vn -0.9151 -0.1750 0.3632
vn -0.9104 -0.1931 0.3660
vn -0.9789 -0.1076 0.1738
vn -0.9975 0.0151 -0.0697
vn -0.9065 -0.2009 0.3714
vn 0.4621 0.3961 0.7935
vn 0.6641 0.0966 0.7414
vn 0.4597 0.0420 0.8871
vn 0.2969 0.2928 0.9089
vn 0.7397 -0.1085 0.6642
vn 0.5379 -0.1629 0.8271
vn 0.2456 0.0251 0.9690
vn 0.1494 0.2421 0.9587
vn 0.3030 -0.1858 0.9347
vn 0.0593 -0.1826 0.9814
vn 0.0359 0.0459 0.9983
vn 0.0313 0.2626 0.9644
vn -0.0889 0.3376 0.9371
vn -0.1664 0.0858 0.9823
vn -0.3758 0.1372 0.9165
vn -0.2525 0.4616 0.8504
vn -0.1781 -0.1682 0.9695
vn -0.4096 -0.1459 0.9005
vn -0.5963 0.1792 0.7825
vn -0.4445 0.5504 0.7068
vn -0.6306 -0.1156 0.7674
vn 0.0183 0.4731 0.8808
vn -0.2432 0.7771 0.5805
vn -0.0980 0.6535 0.7506
vn 0.4814 0.5582 -0.6758
vn 0.4451 0.5692 -0.6913
vn 0.1525 0.5333 -0.8321
vn 0.1974 0.5302 -0.8245
vn 0.3992 0.5867 -0.7045
vn 0.1023 0.5401 -0.8354
vn -0.0502 0.4668 -0.8829
vn -0.0068 0.4676 -0.8839
vn -0.0978 0.4694 -0.8775
vn 0.7930 0.4840 -0.3699
vn 0.7819 0.4900 -0.3854
vn 0.5097 0.5538 -0.6584
vn 0.7632 0.5079 -0.3994
vn 0.7329 0.5396 -0.4144
vn 0.6842 0.5876 -0.4320
vn 0.3418 0.6098 -0.7151
vn 0.0491 0.5488 -0.8345
vn -0.1464 0.4734 -0.8686
vn -0.2885 0.3981 -0.8708
vn -0.2418 0.3973 -0.8853
vn -0.1984 0.3971 -0.8961
vn -0.1607 0.3994 -0.9026
vn 0.0307 0.4703 -0.8820
vn -0.1293 0.4030 -0.9060
vn 0.2356 0.5304 -0.8144
vn 0.9159 0.0896 0.3914
vn 0.9175 0.1248 0.3776
vn 0.9560 0.2232 0.1905
vn 0.9599 0.1979 0.1985
vn 0.9129 0.1799 0.3665
vn 0.9452 0.2700 0.1836
vn 0.9317 0.3584 -0.0592
vn 0.9397 0.3382 -0.0517
vn 0.9148 0.3982 -0.0678
vn 0.8039 -0.0399 0.5934
vn 0.8183 -0.0041 0.5747
vn 0.9107 0.0714 0.4069
vn 0.8312 0.0460 0.5540
vn 0.8374 0.1117 0.5351
vn 0.8295 0.1974 0.5224
vn 0.8960 0.2613 0.3591
vn 0.9219 0.3450 0.1763
vn 0.8822 0.4639 -0.0805
vn 0.9417 0.3338 -0.0417
vn 0.9591 0.1901 0.2095
vn -0.3700 0.3210 -0.8718
vn -0.5116 0.2309 -0.8276
vn -0.4758 0.2407 -0.8460
vn -0.3305 0.3249 -0.8861
vn -0.6847 0.1132 -0.7200
vn -0.6545 0.1279 -0.7452
vn -0.4481 0.2493 -0.8585
vn -0.2986 0.3295 -0.8957
vn -0.6300 0.1406 -0.7638
vn -0.4159 0.3163 -0.8526
vn -0.5548 0.2187 -0.8027
vn -0.7196 0.0969 -0.6876
vn -0.8880 -0.0490 -0.4573
vn -0.8685 -0.0405 -0.4941
vn -0.8492 -0.0285 -0.5273
vn -0.8313 -0.0154 -0.5555
vn -0.8159 -0.0024 -0.5782
vn -0.6111 0.1513 -0.7770
vn -0.4275 0.2564 -0.8669
vn -0.2740 0.3341 -0.9018
vn -0.9807 -0.1614 -0.1106
vn -0.9867 -0.1352 -0.0901
vn -0.9680 -0.1729 0.1821
vn -0.9594 -0.2219 0.1739
vn -0.9905 -0.1126 -0.0785
vn -0.9745 -0.1321 0.1814
vn -0.9021 -0.1804 0.3920
vn -0.8877 -0.2427 0.3912
vn -0.9138 -0.1298 0.3848
vn -0.9060 -0.0544 -0.4197
vn -0.9734 -0.1827 -0.1380
vn -0.9209 -0.0589 -0.3854
vn -0.9312 -0.0634 -0.3590
vn -0.8322 -0.1141 0.5427
vn -0.8166 -0.1676 0.5523
vn -0.7968 -0.2344 0.5569
vn -0.8733 -0.3008 0.3833
vn -0.7749 -0.2994 0.5567
vn -0.9511 -0.2658 0.1577
vn 0.0621 0.4721 -0.8793
vn 0.0885 0.4698 -0.8783
vn 0.2965 0.5246 -0.7980
vn 0.2679 0.5301 -0.8045
vn 0.1108 0.4626 -0.8796
vn 0.3225 0.5120 -0.7961
vn 0.5552 0.5434 -0.6297
vn 0.5331 0.5511 -0.6419
vn 0.5775 0.5276 -0.6231
vn -0.1043 0.4060 -0.9079
vn -0.0849 0.4066 -0.9096
vn -0.0709 0.4051 -0.9115
vn -0.0625 0.4046 -0.9124
vn 0.1282 0.4543 -0.8816
vn 0.3454 0.4960 -0.7967
vn 0.5991 0.5063 -0.6202
vn 0.8347 0.4463 -0.3227
vn 0.8215 0.4654 -0.3296
vn 0.8101 0.4780 -0.3396
vn 0.8011 0.4829 -0.3536
vn 0.9411 0.3370 -0.0289
vn 0.9407 0.3388 -0.0160
vn 0.9513 0.1977 0.2367
vn 0.9556 0.1925 0.2230
vn 0.9420 0.3356 -0.0043
vn 0.9467 0.2028 0.2502
vn 0.8968 0.0677 0.4372
vn 0.9039 0.0655 0.4226
vn 0.8889 0.0766 0.4516
vn 0.9451 0.3266 0.0064
vn 0.9425 0.2054 0.2637
vn 0.8803 0.0889 0.4659
vn 0.7616 -0.0443 0.6465
vn 0.7711 -0.0630 0.6336
vn 0.7806 -0.0700 0.6211
vn 0.7911 -0.0620 0.6085
vn -0.5982 0.1627 -0.7846
vn -0.5931 0.1784 -0.7851
vn -0.4064 0.2727 -0.8720
vn -0.4135 0.2636 -0.8715
vn -0.5966 0.1998 -0.7773
vn -0.4067 0.2850 -0.8680
vn -0.2440 0.3427 -0.9072
vn -0.2559 0.3385 -0.9055
vn -0.2384 0.3474 -0.9069
vn -0.8049 0.0133 -0.5932
vn -0.8014 0.0357 -0.5971
vn -0.8066 0.0664 -0.5873
vn -0.8193 0.1009 -0.5644
vn -0.6083 0.2248 -0.7612
vn -0.4142 0.3003 -0.8592
vn -0.2391 0.3544 -0.9040
vn -0.8714 -0.3826 0.3069
vn -0.8791 -0.3715 0.2987
vn -0.9596 -0.2801 0.0282
vn -0.9532 -0.3000 0.0363
vn -0.8873 -0.3527 0.2971
vn -0.9676 -0.2503 0.0328
vn -0.9454 -0.1369 -0.2958
vn -0.9440 -0.1614 -0.2879
vn -0.9523 -0.1023 -0.2874
vn -0.7390 -0.4177 0.5285
vn -0.7442 -0.4231 0.5169
vn -0.8648 -0.3869 0.3201
vn -0.7516 -0.4239 0.5053
vn -0.7601 -0.4196 0.4961
vn -0.7683 -0.4107 0.4909
vn -0.8948 -0.3288 0.3020
vn -0.9754 -0.2148 0.0492
vn -0.9626 -0.0630 -0.2635
vn -0.9473 -0.1772 -0.2668
vn -0.9488 -0.3111 0.0549
vn 0.1372 0.4586 -0.8780
vn 0.1367 0.4834 -0.8647
vn 0.3651 0.5086 -0.7797
vn 0.3603 0.4916 -0.7928
vn 0.1322 0.5197 -0.8441
vn 0.3641 0.5394 -0.7592
vn 0.6229 0.4993 -0.6022
vn 0.6151 0.4935 -0.6149
vn 0.6252 0.5183 -0.5835
vn -0.0620 0.4159 -0.9073
vn -0.0689 0.4440 -0.8934
vn -0.0772 0.4803 -0.8737
vn -0.0800 0.5152 -0.8533
vn 0.1309 0.5560 -0.8208
vn 0.3637 0.5720 -0.7352
vn 0.6266 0.5405 -0.5615
vn 0.8631 0.4274 -0.2693
vn 0.8589 0.4241 -0.2872
vn 0.8538 0.4232 -0.3032
vn 0.8460 0.4299 -0.3153
vn 0.9494 0.3137 0.0165
vn 0.9540 0.2984 0.0281
vn 0.9407 0.1833 0.2853
vn 0.9402 0.2004 0.2755
vn 0.9588 0.2811 0.0408
vn 0.9432 0.1559 0.2934
vn 0.8717 0.0804 0.4833
vn 0.8739 0.0935 0.4771
vn 0.8727 0.0507 0.4855
vn 0.9634 0.2626 0.0539
vn 0.9458 0.1227 0.3007
vn 0.8740 0.0114 0.4858
vn 0.7576 -0.0980 0.6454
vn 0.7555 -0.0603 0.6524
vn 0.7533 -0.0349 0.6568
vn 0.7548 -0.0296 0.6553
vn -0.6253 0.2488 -0.7397
vn -0.6436 0.2670 -0.7173
vn -0.4442 0.3441 -0.8272
vn -0.4277 0.3204 -0.8452
vn -0.6588 0.2780 -0.6991
vn -0.4583 0.3668 -0.8096
vn -0.2593 0.3979 -0.8800
vn -0.2467 0.3706 -0.8954
vn -0.2710 0.4294 -0.8615
vn -0.8352 0.1283 -0.5347
vn -0.8505 0.1400 -0.5070
vn -0.8625 0.1378 -0.4869
vn -0.8700 0.1295 -0.4758
vn -0.6676 0.2843 -0.6881
vn -0.4651 0.3862 -0.7966
vn -0.2757 0.4584 -0.8449
vn -0.8987 -0.3107 0.3095
vn -0.8985 -0.3068 0.3138
vn -0.9793 -0.1831 0.0859
vn -0.9795 -0.1887 0.0701
vn -0.8959 -0.3148 0.3136
vn -0.9765 -0.1941 0.0938
vn -0.9782 -0.0271 -0.2061
vn -0.9720 -0.0342 -0.2326
vn -0.9813 -0.0377 -0.1887
vn -0.7734 -0.4033 0.4891
vn -0.7746 -0.4027 0.4877
vn -0.7733 -0.4078 0.4855
vn -0.7712 -0.4151 0.4826
vn -0.8927 -0.3274 0.3097
vn -0.9728 -0.2114 0.0947
vn -0.9820 -0.0551 -0.1805
vn 0.1387 0.5829 -0.8006
vn 0.1557 0.5990 -0.7854
vn 0.3843 0.6082 -0.6946
vn 0.3702 0.5957 -0.7128
vn 0.1775 0.6084 -0.7735
vn 0.4024 0.6138 -0.6792
vn 0.6411 0.5622 -0.5225
vn 0.6317 0.5559 -0.5403
vn 0.6528 0.5626 -0.5073
vn -0.0725 0.5417 -0.8374
vn -0.0555 0.5593 -0.8271
vn -0.0338 0.5713 -0.8201
vn -0.0120 0.5794 -0.8149
vn 0.1999 0.6133 -0.7641
vn 0.4213 0.6148 -0.6668
vn 0.6650 0.5590 -0.4953
vn 0.8870 0.4073 -0.2176
vn 0.8807 0.4165 -0.2257
vn 0.8743 0.4233 -0.2374
vn 0.8683 0.4274 -0.2519
vn 0.9674 0.2442 0.0669
vn 0.9706 0.2274 0.0783
vn 0.9461 0.0638 0.3177
vn 0.9468 0.0907 0.3087
vn 0.9735 0.2115 0.0874
vn 0.9446 0.0400 0.3258
vn 0.8677 -0.0590 0.4935
vn 0.8724 -0.0269 0.4880
vn 0.8616 -0.0872 0.5000
vn 0.9764 0.1952 0.0928
vn 0.9435 0.0170 0.3310
vn 0.8559 -0.1141 0.5045
vn 0.7285 -0.2247 0.6471
vn 0.7382 -0.1968 0.6452
vn 0.7480 -0.1680 0.6420
vn 0.7553 -0.1359 0.6412
vn -0.6690 0.2903 -0.6842
vn -0.6645 0.2987 -0.6850
vn -0.4524 0.4159 -0.7889
vn -0.4626 0.4021 -0.7901
vn -0.6574 0.3094 -0.6870
vn -0.4387 0.4289 -0.7897
vn -0.2556 0.4979 -0.8287
vn -0.2701 0.4811 -0.8340
vn -0.2368 0.5111 -0.8263
vn -0.8728 0.1238 -0.4721
vn -0.8726 0.1247 -0.4723
vn -0.8710 0.1310 -0.4734
vn -0.8703 0.1424 -0.4714
vn -0.6517 0.3227 -0.6864
vn -0.4263 0.4417 -0.7894
vn -0.2189 0.5219 -0.8244
vn -0.8911 -0.3370 0.3040
vn -0.8913 -0.3415 0.2984
vn -0.9693 -0.2295 0.0879
vn -0.9702 -0.2243 0.0918
vn -0.8928 -0.3421 0.2929
vn -0.9698 -0.2290 0.0839
vn -0.9812 -0.0724 -0.1792
vn -0.9816 -0.0680 -0.1785
vn -0.9811 -0.0700 -0.1805
vn -0.7701 -0.4209 0.4793
vn -0.7700 -0.4246 0.4762
vn -0.7709 -0.4271 0.4725
vn -0.7727 -0.4292 0.4676
vn -0.8954 -0.3399 0.2876
vn -0.9713 -0.2235 0.0812
vn -0.9818 -0.0617 -0.1796
vn 0.2194 0.6166 -0.7561
vn 0.2335 0.6221 -0.7473
vn 0.4517 0.6127 -0.6485
vn 0.4383 0.6137 -0.6567
vn 0.2409 0.6320 -0.7366
vn 0.4607 0.6128 -0.6421
vn 0.6858 0.5461 -0.4811
vn 0.6762 0.5532 -0.4865
vn 0.6933 0.5382 -0.4791
vn 0.0057 0.5871 -0.8095
vn 0.0164 0.5993 -0.8004
vn 0.0188 0.6196 -0.7847
vn 0.0127 0.6473 -0.7621
vn 0.2410 0.6466 -0.7237
vn 0.4645 0.6149 -0.6373
vn 0.6981 0.5315 -0.4797
vn 0.9078 0.3607 -0.2142
vn 0.9039 0.3705 -0.2136
vn 0.8988 0.3833 -0.2127
vn 0.8931 0.3960 -0.2135
vn 0.9796 0.1777 0.0940
vn 0.9827 0.1602 0.0925
vn 0.9432 -0.0271 0.3310
vn 0.9432 -0.0059 0.3321
vn 0.9851 0.1454 0.0923
vn 0.9420 -0.0423 0.3330
vn 0.8481 -0.1636 0.5039
vn 0.8515 -0.1403 0.5051
vn 0.8437 -0.1788 0.5062
vn 0.9858 0.1372 0.0967
vn 0.9385 -0.0479 0.3419
vn 0.8371 -0.1824 0.5158
vn 0.7017 -0.2943 0.6489
vn 0.7090 -0.2918 0.6420
vn 0.7150 -0.2766 0.6420
vn 0.7209 -0.2523 0.6455
vn -0.6505 0.3407 -0.6788
vn -0.6551 0.3670 -0.6605
vn -0.4206 0.4812 -0.7691
vn -0.4195 0.4574 -0.7841
vn -0.6643 0.4041 -0.6288
vn -0.4295 0.5172 -0.7403
vn -0.2013 0.5524 -0.8089
vn -0.2061 0.5338 -0.8201
vn -0.2056 0.5820 -0.7867
vn -0.8719 0.1596 -0.4629
vn -0.8759 0.1836 -0.4461
vn -0.8811 0.2150 -0.4212
vn -0.8855 0.2488 -0.3925
vn -0.6749 0.4466 -0.5874
vn -0.4437 0.5608 -0.6991
vn -0.2177 0.6201 -0.7537
vn -0.8984 -0.3364 0.2825
vn -0.9012 -0.3337 0.2767
vn -0.9755 -0.2046 0.0805
vn -0.9734 -0.2145 0.0805
vn -0.9033 -0.3339 0.2695
vn -0.9774 -0.1959 0.0794
vn -0.9857 -0.0306 -0.1656
vn -0.9835 -0.0481 -0.1745
vn -0.9879 -0.0104 -0.1548
vn -0.7751 -0.4321 0.4610
vn -0.7775 -0.4366 0.4526
vn -0.7790 -0.4433 0.4434
vn -0.7791 -0.4509 0.4354
vn -0.9043 -0.3376 0.2614
vn -0.9787 -0.1910 0.0756
vn -0.9893 0.0085 -0.1456
vn 0.2339 0.6664 -0.7080
vn 0.2220 0.6900 -0.6889
vn 0.4529 0.6447 -0.6158
vn 0.4617 0.6244 -0.6300
vn 0.2099 0.7129 -0.6691
vn 0.4408 0.6708 -0.5964
vn 0.6927 0.5473 -0.4698
vn 0.6979 0.5331 -0.4782
vn 0.6831 0.5704 -0.4561
vn 0.0002 0.6763 -0.7366
vn -0.0141 0.7000 -0.7140
vn -0.0245 0.7149 -0.6988
vn -0.0265 0.7211 -0.6923
vn 0.2025 0.7302 -0.6525
vn 0.4287 0.6949 -0.5773
vn 0.6708 0.5947 -0.4432
vn 0.8977 0.3895 -0.2061
vn 0.9037 0.3748 -0.2071
vn 0.9075 0.3634 -0.2109
vn 0.9089 0.3582 -0.2137
vn 0.9859 0.1334 0.1008
vn 0.9867 0.1284 0.1000
vn 0.9364 -0.0632 0.3452
vn 0.9357 -0.0515 0.3490
vn 0.9880 0.1229 0.0940
vn 0.9397 -0.0811 0.3321
vn 0.8333 -0.2001 0.5153
vn 0.8324 -0.1853 0.5223
vn 0.8382 -0.2239 0.4973
vn 0.9892 0.1200 0.0847
vn 0.9435 -0.0981 0.3164
vn 0.8433 -0.2472 0.4773
vn 0.7157 -0.3619 0.5973
vn 0.7073 -0.3380 0.6209
vn 0.6998 -0.3127 0.6423
vn 0.6972 -0.2968 0.6526
vn -0.6832 0.4792 -0.5510
vn -0.6866 0.4902 -0.5369
vn -0.4680 0.6116 -0.6379
vn -0.4581 0.5964 -0.6591
vn -0.6841 0.4813 -0.5480
vn -0.4705 0.6066 -0.6409
vn -0.2476 0.6750 -0.6950
vn -0.2336 0.6547 -0.7189
vn -0.2548 0.6792 -0.6883
vn -0.8875 0.2736 -0.3707
vn -0.8864 0.2826 -0.3667
vn -0.8820 0.2776 -0.3807
vn -0.8753 0.2658 -0.4040
vn -0.6762 0.4624 -0.5735
vn -0.4646 0.5903 -0.6600
vn -0.2523 0.6729 -0.6954
vn -0.9045 -0.3407 0.2565
vn -0.9048 -0.3386 0.2583
vn -0.9805 -0.1839 0.0698
vn -0.9795 -0.1882 0.0715
vn -0.9053 -0.3319 0.2649
vn -0.9815 -0.1781 0.0697
vn -0.9892 0.0291 -0.1437
vn -0.9897 0.0219 -0.1411
vn -0.9877 0.0311 -0.1530
vn -0.7784 -0.4556 0.4319
vn -0.7773 -0.4545 0.4350
vn -0.7767 -0.4486 0.4422
vn -0.7770 -0.4399 0.4502
vn -0.9060 -0.3232 0.2733
vn -0.9826 -0.1721 0.0704
vn -0.9858 0.0303 -0.1654
vn 0.2028 0.7381 -0.6435
vn 0.2097 0.7353 -0.6444
vn 0.4145 0.7075 -0.5724
vn 0.4202 0.7081 -0.5675
vn 0.2192 0.7233 -0.6549
vn 0.4082 0.6960 -0.5908
vn 0.6448 0.6123 -0.4576
vn 0.6582 0.6098 -0.4415
vn 0.6267 0.6056 -0.4905
vn -0.0185 0.7213 -0.6924
vn -0.0025 0.7166 -0.6975
vn 0.0174 0.7066 -0.7074
vn 0.0370 0.6898 -0.7231
vn 0.2273 0.7016 -0.6753
vn 0.3985 0.6737 -0.6224
vn 0.6014 0.5882 -0.5407
vn 0.8843 0.3770 -0.2755
vn 0.8782 0.4036 -0.2568
vn 0.8844 0.4049 -0.2319
vn 0.8911 0.4004 -0.2136
vn 0.9898 0.1210 0.0756
vn 0.9896 0.1243 0.0719
vn 0.9436 -0.1002 0.3154
vn 0.9453 -0.1052 0.3086
vn 0.9889 0.1230 0.0835
vn 0.9365 -0.0900 0.3390
vn 0.8431 -0.2487 0.4768
vn 0.8454 -0.2570 0.4683
vn 0.8355 -0.2280 0.5000
vn 0.9867 0.0986 0.1290
vn 0.9205 -0.0811 0.3823
vn 0.8207 -0.2004 0.5351
vn 0.7074 -0.2938 0.6429
vn 0.7182 -0.3308 0.6122
vn 0.7223 -0.3582 0.5916
vn 0.7212 -0.3704 0.5854
vn -0.6635 0.4456 -0.6010
vn -0.6457 0.4366 -0.6265
vn -0.4297 0.5671 -0.7027
vn -0.4509 0.5753 -0.6825
vn -0.6199 0.4357 -0.6526
vn -0.4010 0.5636 -0.7222
vn -0.2201 0.6580 -0.7201
vn -0.2402 0.6645 -0.7076
vn -0.1948 0.6513 -0.7334
vn -0.8677 0.2543 -0.4271
vn -0.8608 0.2456 -0.4457
vn -0.8551 0.2408 -0.4592
vn -0.8566 0.2262 -0.4637
vn -0.5821 0.4388 -0.6846
vn -0.3641 0.5614 -0.7431
vn -0.1666 0.6415 -0.7488
vn -0.9066 -0.3127 0.2832
vn -0.9065 -0.3002 0.2970
vn -0.9833 -0.1610 0.0853
vn -0.9833 -0.1660 0.0740
vn -0.9043 -0.2864 0.3167
vn -0.9813 -0.1589 0.1084
vn -0.9843 0.0240 -0.1751
vn -0.9842 0.0283 -0.1749
vn -0.9872 0.0146 -0.1587
vn -0.7788 -0.4275 0.4590
vn -0.7814 -0.4102 0.4703
vn -0.7834 -0.3886 0.4851
vn -0.7834 -0.3633 0.5043
vn -0.8987 -0.2718 0.3443
vn -0.9758 -0.1611 0.1481
vn -0.9935 -0.0107 -0.1130
vn 0.9702 0.0657 0.2334
vn 0.9259 0.0657 0.3721
vn 0.8559 -0.0388 0.5157
vn 0.8933 -0.0698 0.4441
vn 0.8619 0.1193 0.4929
vn 0.8060 0.0289 0.5912
vn 0.7728 -0.1268 0.6218
vn 0.7990 -0.1690 0.5770
vn 0.7408 -0.0592 0.6691
vn 0.9628 0.2620 -0.0666
vn 0.9634 0.2234 0.1482
vn 0.9100 0.2433 0.3357
vn 0.7964 0.3017 0.5241
vn 0.7586 0.2188 0.6137
vn 0.7195 0.1366 0.6810
vn 0.6697 0.0379 0.7417
vn 0.6133 -0.0672 0.7870
vn 0.6424 -0.1451 0.7525
vn 0.6677 -0.2077 0.7149
vn 0.6899 -0.2537 0.6780
vn -0.8897 -0.2534 0.3798
vn -0.8794 -0.2216 0.4214
vn -0.9498 -0.1379 0.2807
vn -0.9651 -0.1602 0.2074
vn -0.8680 -0.1628 0.4691
vn -0.9281 -0.0781 0.3641
vn -0.9922 -0.0403 0.1181
vn -0.9990 -0.0412 -0.0150
vn -0.9696 0.0107 0.2443
vn -0.7811 -0.3344 0.5273
vn -0.7775 -0.2966 0.5545
vn -0.7735 -0.2408 0.5863
vn -0.7666 -0.1674 0.6199
vn -0.8284 -0.0702 0.5558
vn -0.8795 0.0255 0.4752
vn -0.9147 0.1100 0.3888
vn -0.9386 0.1971 0.2832
vn -0.9880 0.1302 0.0826
vn -0.9907 0.1022 -0.0895
vn -0.9532 0.1276 -0.2742
vn -0.6461 -0.2831 0.7088
vn -0.6463 -0.3534 0.6764
vn -0.4925 -0.3882 0.7789
vn -0.5013 -0.2945 0.8136
vn -0.6441 -0.4000 0.6520
vn -0.4837 -0.4471 0.7524
vn -0.3097 -0.4052 0.8602
vn -0.3244 -0.2952 0.8987
vn -0.2932 -0.4750 0.8297
vn -0.6703 -0.1492 0.7269
vn -0.6385 -0.4374 0.6332
vn -0.4702 -0.4930 0.7321
vn -0.2736 -0.5282 0.8038
vn -0.0444 -0.5351 0.8436
vn -0.0660 -0.4778 0.8760
vn -0.0900 -0.4027 0.9109
vn -0.1133 -0.2851 0.9518
vn -0.3423 -0.1053 0.9337
vn -0.1304 -0.0838 0.9879
vn -0.5257 -0.1288 0.8408
vn -0.2526 -0.5715 0.7807
vn -0.4530 -0.5320 0.7154
vn -0.4343 -0.5629 0.7032
vn -0.2318 -0.6039 0.7626
vn -0.6299 -0.4703 0.6180
vn -0.6197 -0.4977 0.6069
vn -0.4167 -0.5838 0.6968
vn -0.2139 -0.6229 0.7525
vn -0.6098 -0.5181 0.5997
vn -0.0274 -0.5813 0.8132
vn -0.6028 -0.5301 0.5963
vn -0.4040 -0.5921 0.6973
vn -0.2021 -0.6253 0.7538
vn -0.0075 -0.6316 0.7752
vn -0.0062 -0.6293 0.7771
vn -0.0149 -0.6144 0.7888
vn -0.1972 -0.6151 0.7634
vn -0.3975 -0.5907 0.7021
vn -0.3957 -0.5860 0.7071
vn -0.1967 -0.6016 0.7742
vn -0.5997 -0.5358 0.5944
vn -0.5994 -0.5382 0.5924
vn -0.3959 -0.5809 0.7112
vn -0.1975 -0.5906 0.7824
vn -0.6005 -0.5376 0.5920
vn -0.0096 -0.6123 0.7906
vn -0.6015 -0.5332 0.5949
vn -0.3962 -0.5763 0.7148
vn -0.1974 -0.5848 0.7868
vn -0.0182 -0.5765 0.8169
vn -0.0185 -0.5699 0.8215
vn -0.0146 -0.5919 0.8059
vn -0.1979 -0.5763 0.7929
vn -0.3972 -0.5676 0.7212
vn -0.3990 -0.5527 0.7316
vn -0.2001 -0.5594 0.8044
vn -0.6023 -0.5245 0.6019
vn -0.6024 -0.5129 0.6116
vn -0.4019 -0.5361 0.7424
vn -0.2038 -0.5391 0.8172
vn -0.6025 -0.5015 0.6209
vn -0.0182 -0.5621 0.8269
vn -0.6032 -0.4921 0.6276
vn -0.4062 -0.5216 0.7503
vn -0.2087 -0.5211 0.8276
vn -0.0206 -0.5217 0.8529
vn -0.0221 -0.5007 0.8653
vn -0.0191 -0.5443 0.8387
vn -0.2146 -0.5090 0.8336
vn -0.4119 -0.5119 0.7539
vn -0.4191 -0.5068 0.7533
vn -0.2223 -0.5027 0.8354
vn -0.6050 -0.4856 0.6310
vn -0.6079 -0.4815 0.6313
vn -0.4278 -0.5045 0.7500
vn -0.2331 -0.4999 0.8341
vn -0.6117 -0.4785 0.6300
vn -0.0234 -0.4856 0.8739
vn -0.6158 -0.4759 0.6279
vn -0.4376 -0.5041 0.7446
vn -0.2475 -0.4993 0.8303
vn -0.0338 -0.4703 0.8819
vn -0.0477 -0.4660 0.8835
vn -0.0263 -0.4763 0.8789
vn -0.2643 -0.5001 0.8246
vn -0.4482 -0.5041 0.7382
vn -0.4574 -0.5034 0.7331
vn -0.2796 -0.5017 0.8186
vn -0.6203 -0.4730 0.6257
vn -0.6237 -0.4701 0.6246
vn -0.4621 -0.5019 0.7311
vn -0.2888 -0.5039 0.8141
vn -0.6240 -0.4681 0.6257
vn -0.0665 -0.4640 0.8833
vn -0.6199 -0.4670 0.6306
vn -0.4605 -0.4987 0.7343
vn -0.2891 -0.5047 0.8135
vn -0.0958 -0.4728 0.8759
vn -0.0971 -0.4812 0.8712
vn -0.0846 -0.4659 0.8808
vn -0.2827 -0.4958 0.8211
vn -0.4536 -0.4889 0.7451
vn -0.4449 -0.4686 0.7632
vn -0.2739 -0.4705 0.8388
vn -0.6120 -0.4632 0.6410
vn -0.6031 -0.4533 0.6563
vn -0.4375 -0.4385 0.7851
vn -0.2659 -0.4290 0.8633
vn -0.5957 -0.4378 0.6734
vn -0.0910 -0.4783 0.8735
vn -0.5927 -0.4182 0.6884
vn -0.4351 -0.4014 0.8060
vn -0.2618 -0.3748 0.8894
vn -0.0718 -0.4057 0.9112
vn -0.0622 -0.3397 0.9385
vn -0.0818 -0.4532 0.8877
vn -0.5971 -0.3939 0.6988
vn -0.6104 -0.3625 0.7043
vn -0.4569 -0.3161 0.8315
vn -0.4412 -0.3603 0.8219
vn -0.6318 -0.3212 0.7055
vn -0.4810 -0.2658 0.8354
vn -0.2717 -0.2556 0.9278
vn -0.2635 -0.3154 0.9117
vn -0.2863 -0.1935 0.9384
vn -0.7384 -0.4055 0.5388
vn -0.7440 -0.3834 0.5472
vn -0.7562 -0.3493 0.5533
vn -0.6591 -0.2663 0.7034
vn -0.5103 -0.2066 0.8348
vn -0.3053 -0.1281 0.9436
vn -0.0303 -0.0410 0.9987
vn -0.0342 -0.1158 0.9927
vn -0.0424 -0.1910 0.9807
vn -0.0525 -0.2654 0.9627
vn 0.5279 0.1179 0.8411
vn 0.5699 0.2552 0.7811
vn 0.3623 0.3460 0.8654
vn 0.3321 0.1665 0.9284
vn 0.5957 0.3366 0.7292
vn 0.3810 0.4337 0.8166
vn 0.1220 0.3913 0.9121
vn 0.1021 0.1865 0.9771
vn 0.1368 0.4875 0.8623
vn 0.4918 -0.0594 0.8687
vn 0.6120 0.3749 0.6964
vn 0.3825 0.4384 0.8133
vn 0.1368 0.4767 0.8683
vn -0.1113 0.4808 0.8698
vn -0.1165 0.4934 0.8619
vn -0.1255 0.3907 0.9119
vn -0.1336 0.1761 0.9753
vn 0.0954 -0.0669 0.9932
vn 0.3122 -0.0594 0.9482
vn -0.3214 0.5718 -0.7548
vn -0.2114 0.6031 -0.7692
vn -0.2598 0.5815 -0.7709
vn -0.4002 0.5263 -0.7503
vn -0.0817 0.6315 -0.7710
vn -0.1065 0.6279 -0.7710
vn -0.3155 0.5651 -0.7623
vn -0.5058 0.4667 -0.7255
vn -0.1364 0.6314 -0.7633
vn -0.3439 0.5866 -0.7333
vn -0.2745 0.6010 -0.7506
vn -0.4131 0.5499 -0.7259
vn -0.1814 0.6204 -0.7630
vn -0.0663 0.6386 -0.7667
vn 0.0671 0.6495 -0.7574
vn 0.0677 0.6488 -0.7579
vn 0.0631 0.6551 -0.7529
vn 0.0528 0.6699 -0.7406
vn -0.6898 0.3681 -0.6234
vn -0.5305 0.4802 -0.6985
vn 0.3945 0.6191 -0.6790
vn 0.4546 0.6037 -0.6549
vn 0.3465 0.6377 -0.6880
vn 0.3136 0.6367 -0.7045
vn 0.5412 0.5832 -0.6059
vn 0.3783 0.6495 -0.6596
vn 0.2210 0.6573 -0.7205
vn 0.2075 0.6490 -0.7320
vn 0.2287 0.6760 -0.7006
vn 0.4044 0.6231 -0.6695
vn 0.4592 0.6055 -0.6500
vn 0.3568 0.6302 -0.6896
vn 0.5580 0.5701 -0.6030
vn 0.7108 0.4999 -0.4949
vn 0.1925 0.6487 -0.7363
vn 0.2877 0.6403 -0.7122
vn -0.5997 0.7438 -0.2951
vn -0.7987 0.5813 0.1552
vn -0.6167 0.6830 0.3913
vn -0.4611 0.8657 -0.1947
vn -0.8273 0.3755 0.4179
vn -0.6137 0.4272 0.6640
vn -0.3621 0.7690 0.5268
vn -0.2599 0.9563 -0.1336
vn -0.3576 0.4748 0.8042
vn -0.4463 0.6574 -0.6072
vn -0.6443 0.6324 -0.4302
vn -0.3799 0.7053 -0.5985
vn -0.8519 0.5058 -0.1359
vn -0.9363 0.3297 0.1208
vn -0.8130 0.2872 0.5065
vn -0.6100 0.3776 0.6966
vn -0.3637 0.4469 0.8173
vn -0.1085 0.5009 0.8587
vn -0.0978 0.8066 0.5829
vn -0.0420 0.9937 -0.1037
vn -0.1284 0.7979 -0.5889
vn 0.0146 0.8141 -0.5806
vn -0.2655 0.7593 -0.5941
vn 0.3411 0.6816 -0.6474
vn 0.3392 0.6547 -0.6755
vn 0.2584 0.6649 -0.7008
vn 0.2539 0.6986 -0.6689
vn 0.3424 0.6402 -0.6877
vn 0.2700 0.6486 -0.7116
vn 0.1645 0.6725 -0.7216
vn 0.1531 0.7097 -0.6877
vn 0.1781 0.6557 -0.7338
vn 0.4550 0.7081 -0.5399
vn 0.4416 0.6674 -0.5997
vn 0.3898 0.7469 -0.5387
vn 0.4216 0.6435 -0.6389
vn 0.4102 0.6298 -0.6596
vn 0.0616 0.6568 -0.7515
vn 0.0518 0.6739 -0.7370
vn 0.0380 0.7116 -0.7016
vn 0.1532 0.8106 -0.5652
vn 0.2818 0.7865 -0.5496
vn -0.0818 0.7027 -0.7068
vn -0.0667 0.6665 -0.7425
vn -0.1751 0.6521 -0.7376
vn -0.1939 0.6837 -0.7035
vn -0.0618 0.6489 -0.7584
vn -0.1712 0.6346 -0.7536
vn -0.2757 0.6326 -0.7237
vn -0.2955 0.6568 -0.6938
vn -0.2657 0.6177 -0.7402
vn -0.3578 0.5950 -0.7197
vn -0.3812 0.6071 -0.6972
vn -0.4160 0.6253 -0.6602
vn -0.4784 0.5483 -0.6859
vn -0.6399 0.4580 -0.6171
vn -0.7262 0.4555 -0.5149
vn -0.5293 0.5588 -0.6384
vn -0.8201 0.3102 -0.4809
vn -0.9023 0.2891 -0.3199
vn -0.8023 0.4684 -0.3700
vn -0.5912 0.5783 -0.5622
vn -0.9455 0.2978 -0.1320
vn 0.5068 0.6070 -0.6122
vn 0.5472 0.6219 -0.5602
vn 0.7317 0.5569 -0.3930
vn 0.6530 0.5541 -0.5163
vn 0.5956 0.6524 -0.4687
vn 0.7889 0.5772 -0.2109
vn 0.8994 0.4155 -0.1355
vn 0.8336 0.4416 -0.3319
vn 0.9041 0.4179 0.0897
vn 0.6213 0.7198 -0.3097
vn 0.7842 0.6176 0.0607
vn 0.8246 0.4379 0.3581
vn -0.7552 0.0742 -0.6513
vn -0.5999 0.1930 -0.7765
vn -0.6400 0.1468 -0.7542
vn -0.7864 0.0427 -0.6163
vn -0.4616 0.2946 -0.8367
vn -0.5000 0.2434 -0.8311
vn -0.6706 0.0897 -0.7364
vn -0.8097 0.0089 -0.5868
vn -0.5285 0.1720 -0.8313
vn -0.3305 0.3813 -0.8633
vn -0.3614 0.3307 -0.8718
vn -0.3818 0.2536 -0.8888
vn -0.1875 0.4606 -0.8676
vn -0.0016 0.5435 -0.8394
vn -0.0478 0.5063 -0.8611
vn -0.2160 0.4135 -0.8845
vn 0.2717 0.6275 -0.7297
vn 0.1861 0.6216 -0.7609
vn -0.0917 0.4346 -0.8960
vn -0.2357 0.3366 -0.9117
vn 0.0735 0.5755 -0.8145
vn 0.6092 0.6484 -0.4566
vn 0.4994 0.7078 -0.4996
vn 0.3353 0.7437 -0.5784
vn 0.5564 0.8049 -0.2066
vn 0.7249 0.6748 -0.1383
vn 0.7888 0.5982 0.1409
vn 0.6271 0.7734 0.0932
vn 0.8237 0.5579 -0.1010
vn 0.8756 0.4540 0.1650
vn 0.7747 0.5332 0.3400
vn 0.6192 0.7237 0.3046
vn 0.8562 0.3768 0.3534
vn 0.7968 0.3126 0.5172
vn 0.7220 0.4676 0.5100
vn 0.5794 0.6564 0.4832
vn 0.4992 -0.2031 0.8424
vn 0.3236 -0.2364 0.9162
vn 0.3547 -0.3350 0.8729
vn 0.5296 -0.2781 0.8013
vn 0.1128 -0.2646 0.9577
vn 0.1436 -0.3781 0.9146
vn 0.3833 -0.3974 0.8338
vn 0.5547 -0.3301 0.7638
vn 0.1724 -0.4498 0.8763
vn 0.1926 -0.5065 0.8405
vn 0.4016 -0.4494 0.7980
vn 0.5717 -0.3760 0.7292
vn 0.5790 -0.4188 0.6996
vn 0.4077 -0.4960 0.7666
vn 0.4039 -0.5310 0.7449
vn 0.5777 -0.4513 0.6801
vn 0.2023 -0.5541 0.8075
vn 0.2033 -0.5887 0.7823
vn 0.3932 -0.5492 0.7374
vn 0.5704 -0.4676 0.6752
vn 0.1976 -0.6064 0.7702
vn 0.1867 -0.6026 0.7759
vn 0.3779 -0.5452 0.7483
vn 0.5586 -0.4622 0.6887
vn 0.5452 -0.4398 0.7137
vn 0.3618 -0.5240 0.7711
vn 0.3489 -0.4993 0.7931
vn 0.5342 -0.4147 0.7366
vn 0.1739 -0.5824 0.7941
vn 0.1630 -0.5587 0.8132
vn 0.3422 -0.4823 0.8064
vn 0.5292 -0.3983 0.7492
vn 0.1568 -0.5416 0.8259
vn 0.1561 -0.5359 0.8298
vn 0.3425 -0.4783 0.8087
vn 0.5317 -0.3956 0.7489
vn 0.5376 -0.3931 0.7460
vn 0.3460 -0.4743 0.8095
vn 0.3498 -0.4576 0.8175
vn 0.5431 -0.3774 0.7500
vn 0.1577 -0.5297 0.8334
vn 0.1591 -0.5121 0.8441
vn 0.3548 -0.4327 0.8288
vn 0.5496 -0.3525 0.7574
vn 0.1611 -0.4879 0.8579
vn 0.1649 -0.4642 0.8703
vn 0.3626 -0.4068 0.8385
vn 0.5586 -0.3252 0.7630
vn 0.5701 -0.2988 0.7653
vn 0.3726 -0.3837 0.8450
vn 0.3820 -0.3633 0.8497
vn 0.5814 -0.2730 0.7665
vn 0.1702 -0.4452 0.8791
vn 0.1743 -0.4309 0.8854
vn 0.3863 -0.3432 0.8561
vn 0.5887 -0.2455 0.7702
vn 0.1732 -0.4186 0.8915
vn 0.1638 -0.4067 0.8987
vn 0.3822 -0.3214 0.8664
vn 0.5889 -0.2140 0.7794
vn 0.5830 -0.1840 0.7914
vn 0.3709 -0.3022 0.8781
vn 0.3586 -0.2943 0.8859
vn 0.5763 -0.1671 0.8000
vn 0.1477 -0.3976 0.9056
vn 0.1310 -0.3965 0.9086
vn 0.3509 -0.3032 0.8860
vn 0.5736 -0.1705 0.8012
vn 0.1203 -0.4062 0.9058
vn 0.1189 -0.4226 0.8985
vn 0.3506 -0.3249 0.8783
vn 0.5770 -0.1920 0.7939
vn 0.5844 -0.2118 0.7833
vn 0.3563 -0.3393 0.8706
vn 0.3662 -0.3285 0.8706
vn 0.5943 -0.2113 0.7760
vn 0.1245 -0.4282 0.8951
vn 0.1340 -0.4083 0.9030
vn 0.3813 -0.2911 0.8774
vn 0.6084 -0.1882 0.7710
vn 0.1471 -0.3621 0.9205
vn 0.1644 -0.2936 0.9417
vn 0.4035 -0.2309 0.8853
vn 0.6284 -0.1453 0.7642
vn 0.1882 -0.2136 0.9586
vn 0.2182 -0.1314 0.9670
vn 0.4716 -0.0780 0.8783
vn 0.4345 -0.1574 0.8868
vn 0.2483 -0.0477 0.9675
vn 0.5060 0.0058 0.8625
vn 0.6830 -0.0214 0.7301
vn 0.6546 -0.0884 0.7508
vn 0.7051 0.0552 0.7069
vn 0.2704 0.0360 0.9621
vn 0.5263 0.0938 0.8451
vn 0.7113 0.1435 0.6881
vn -0.7251 0.0164 0.6884
vn -0.5647 0.0864 0.8208
vn -0.5961 0.2670 0.7572
vn -0.7721 0.1518 0.6171
vn -0.3603 0.1420 0.9220
vn -0.3701 0.3493 0.8608
vn -0.6103 0.3633 0.7039
vn -0.7982 0.2395 0.5527
vn -0.3714 0.4521 0.8110
vn 0.5391 0.8252 -0.1684
vn 0.3765 0.9211 -0.0993
vn 0.4244 0.7386 0.5238
vn 0.6540 0.6735 0.3444
vn 0.1726 0.9813 -0.0852
vn 0.1625 0.7914 0.5893
vn 0.3877 0.4785 0.7879
vn 0.6373 0.4581 0.6196
vn 0.1345 0.4983 0.8565
vn -0.9663 -0.1931 -0.1699
vn -0.9460 -0.2948 0.1351
vn -0.9447 -0.3097 0.1082
vn -0.9596 -0.1935 -0.2042
vn -0.8633 -0.3428 0.3704
vn -0.8593 -0.3689 0.3542
vn -0.9459 -0.3144 0.0801
vn -0.9531 -0.1874 -0.2376
vn -0.8603 -0.3830 0.3365
vn 0.5203 0.5473 0.6556
vn 0.6317 0.3857 0.6724
vn 0.4922 0.2860 0.8221
vn 0.4316 0.3934 0.8118
vn 0.6904 0.2508 0.6785
vn 0.5225 0.1868 0.8320
vn 0.2819 0.1729 0.9437
vn 0.2814 0.2195 0.9342
vn 0.2796 0.1118 0.9536
vn 0.3565 0.7055 0.6125
vn -0.0266 0.0190 0.9995
vn -0.0090 0.0521 0.9986
vn 0.0351 0.0631 0.9974
vn 0.2715 0.2853 0.9192
vn 0.0903 0.0921 0.9916
vn 0.3381 0.5122 0.7895
vn -0.2688 -0.0317 0.9627
vn -0.3105 -0.0441 0.9495
vn -0.5446 -0.1013 0.8326
vn -0.5367 -0.0671 0.8411
vn -0.3188 -0.0737 0.9449
vn -0.5354 -0.1471 0.8317
vn -0.7061 -0.1397 0.6942
vn -0.7176 -0.0914 0.6904
vn -0.6863 -0.2012 0.6990
vn -0.2347 -0.0094 0.9720
vn -0.7260 -0.0588 0.6852
vn -0.5264 -0.0388 0.8493
vn 0.1823 0.8119 0.5547
vn 0.2278 0.6170 0.7533
vn 0.1225 0.6822 0.7208
vn 0.0360 0.8560 0.5158
vn 0.2425 0.3783 0.8934
vn 0.1897 0.4533 0.8709
vn 0.0209 0.7032 0.7107
vn -0.0929 0.8510 0.5169
vn 0.1108 0.4986 0.8597
vn 0.2140 0.1904 0.9581
vn 0.2183 0.2597 0.9407
vn 0.1703 0.3060 0.9367
vn 0.0755 0.1899 0.9789
vn 0.0899 0.1576 0.9834
vn 0.0478 0.1491 0.9877
vn 0.0347 0.1713 0.9846
vn 0.0922 0.1522 0.9840
vn 0.0534 0.1491 0.9874
vn 0.0159 0.1412 0.9899
vn 0.0071 0.1580 0.9874
vn 0.0199 0.1431 0.9895
vn 0.1361 0.2015 0.9700
vn 0.1415 0.1578 0.9773
vn 0.1346 0.1471 0.9799
vn 0.1224 0.1604 0.9794
vn 0.0880 0.1682 0.9818
vn 0.0543 0.1673 0.9844
vn 0.0225 0.1610 0.9867
vn 0.1755 0.1003 0.9794
vn 0.1377 0.0697 0.9880
vn 0.1876 0.1104 0.9760
vn 0.2119 0.1528 0.9653
vn 0.1030 0.0660 0.9925
vn 0.1591 0.1013 0.9820
vn 0.1821 0.1421 0.9730
vn 0.1920 0.1892 0.9630
vn 0.1636 0.1299 0.9779
vn 0.0268 0.0469 0.9985
vn -0.0083 0.0304 0.9995
vn -0.0403 0.0294 0.9988
vn -0.0770 0.0337 0.9965
vn 0.0682 0.0765 0.9947
vn 0.1303 0.1132 0.9850
vn 0.1426 0.1419 0.9796
vn -0.2792 -0.0043 0.9602
vn -0.2572 -0.0003 0.9664
vn -0.5345 -0.0236 0.8448
vn -0.5498 -0.0331 0.8347
vn -0.2409 0.0035 0.9706
vn -0.5261 -0.0237 0.8501
vn -0.7481 -0.0441 0.6621
vn -0.7609 -0.0556 0.6465
vn -0.7360 -0.0438 0.6756
vn -0.3107 -0.0110 0.9504
vn -0.7728 -0.0752 0.6301
vn -0.5711 -0.0498 0.8193
vn 0.1651 0.5436 0.8230
vn 0.1079 0.6596 0.7438
vn 0.3127 0.6741 0.6692
vn 0.3746 0.5358 0.7567
vn 0.0703 0.7294 0.6804
vn 0.2464 0.7739 0.5834
vn 0.5520 0.6592 0.5107
vn 0.6168 0.5032 0.6052
vn 0.4561 0.7901 0.4095
vn 0.0850 0.4026 0.9114
vn 0.0214 0.5423 0.8399
vn 0.2242 0.3925 0.8920
vn -0.0306 0.6360 0.7711
vn -0.0485 0.6788 0.7327
vn -0.0224 0.6811 0.7319
vn 0.0594 0.7596 0.6476
vn 0.1833 0.8352 0.5185
vn 0.3376 0.8855 0.3192
vn 0.6502 0.3430 0.6779
vn 0.4217 0.3765 0.8249
vn 0.0311 0.0921 0.9953
vn -0.0076 0.1059 0.9943
vn 0.0728 0.1501 0.9860
vn 0.1013 0.1333 0.9859
vn -0.0445 0.1165 0.9922
vn 0.0467 0.1611 0.9858
vn 0.1010 0.1810 0.9783
vn 0.1213 0.1637 0.9790
vn 0.0827 0.1904 0.9782
vn -0.1205 0.0397 0.9919
vn -0.1687 0.0458 0.9846
vn -0.2160 0.0521 0.9750
vn -0.2569 0.0589 0.9646
vn -0.0760 0.1241 0.9894
vn 0.0252 0.1664 0.9857
vn 0.0673 0.1919 0.9791
vn 0.0692 0.2096 0.9753
vn 0.0822 0.2100 0.9742
vn 0.0953 0.2012 0.9749
vn 0.1087 0.1834 0.9770
vn -0.7837 -0.0944 0.6140
vn -0.7936 -0.1048 0.5994
vn -0.6258 -0.0763 0.7762
vn -0.5974 -0.0666 0.7992
vn -0.8017 -0.1049 0.5885
vn -0.6522 -0.0773 0.7541
vn -0.3977 -0.0218 0.9173
vn -0.3516 -0.0181 0.9360
vn -0.4424 -0.0207 0.8966
vn -0.8064 -0.0969 0.5834
vn -0.6729 -0.0712 0.7363
vn -0.4800 -0.0154 0.8771
vn 0.0001 0.5688 0.8225
vn -0.0058 0.4892 0.8722
vn 0.0568 0.4388 0.8968
vn 0.0398 0.5335 0.8448
vn -0.0072 0.4216 0.9067
vn 0.0736 0.3532 0.9326
vn 0.0692 0.4008 0.9136
vn 0.0280 0.5084 0.8606
vn 0.1156 0.2884 0.9505
vn -0.0698 0.6089 0.7902
vn 0.0166 0.6632 0.7483
vn -0.0958 0.5468 0.8318
vn -0.1102 0.4949 0.8620
vn -0.1191 0.4498 0.8852
vn -0.0078 0.3598 0.9330
vn 0.0873 0.2659 0.9600
vn 0.1594 0.1564 0.9748
vn -0.0141 0.6309 0.7758
vn 0.0253 0.6448 0.7640
vn -0.1869 0.5484 0.8151
vn -0.1615 0.5866 0.7936
vn -0.1680 0.5846 0.7937
vn -0.2024 0.5586 0.8043
vn -0.1197 0.6305 0.7669
vn -0.1154 0.6108 0.7833
vn -0.1275 0.5281 0.8395
vn -0.1631 0.5146 0.8418
vn -0.0695 0.5374 0.8405
vn -0.2043 0.5145 0.8328
vn -0.0064 0.4106 0.9118
vn -0.0637 0.4148 0.9077
vn -0.0919 0.4121 0.9065
vn -0.1967 0.4930 0.8475
vn -0.1040 0.3846 0.9172
vn -0.2304 0.5322 0.8147
vn -0.0920 0.0088 0.9957
vn -0.1654 0.0246 0.9859
vn -0.1541 0.0960 0.9834
vn -0.0686 0.0784 0.9946
vn -0.2402 0.0304 0.9703
vn -0.2417 0.1116 0.9639
vn -0.1384 0.1521 0.9786
vn -0.0518 0.1299 0.9902
vn -0.2308 0.1801 0.9562
vn -0.0897 -0.1058 0.9903
vn -0.1255 -0.0774 0.9891
vn -0.0318 -0.0130 0.9994
vn -0.1755 -0.0620 0.9825
vn -0.2294 -0.0633 0.9713
vn -0.2798 -0.0814 0.9566
vn -0.3073 0.0230 0.9513
vn -0.3206 0.1183 0.9398
vn -0.3172 0.2041 0.9261
vn -0.2958 0.2805 0.9131
vn -0.2058 0.2377 0.9493
vn -0.1150 0.1957 0.9739
vn -0.0352 0.1661 0.9855
vn 0.0188 0.1191 0.9927
vn 0.0260 0.1532 0.9879
vn 0.0034 0.0642 0.9979
vn 0.4492 -0.5554 0.6998
vn 0.4367 -0.5843 0.6840
vn 0.5356 -0.6384 0.5527
vn 0.5463 -0.6264 0.5561
vn 0.4062 -0.6162 0.6747
vn 0.5089 -0.6575 0.5557
vn 0.6354 -0.6648 0.3927
vn 0.6421 -0.6654 0.3806
vn 0.6137 -0.6755 0.4087
vn 0.3395 -0.4027 0.8501
vn 0.3411 -0.4527 0.8238
vn 0.4467 -0.5275 0.7226
vn 0.3293 -0.5009 0.8004
vn 0.2975 -0.5490 0.7811
vn 0.2441 -0.5909 0.7689
vn 0.3593 -0.6471 0.6724
vn 0.4694 -0.6803 0.5628
vn 0.5810 -0.6953 0.4231
vn 0.6875 -0.6857 0.2390
vn 0.7145 -0.6637 0.2215
vn 0.7298 -0.6560 0.1924
vn 0.7298 -0.6640 0.1628
vn 0.6348 -0.6735 0.3788
vn 0.5421 -0.6186 0.5687
vn -0.3209 0.3838 0.8658
vn -0.3258 0.3864 0.8629
vn -0.2925 0.4546 0.8413
vn -0.2814 0.4399 0.8529
vn -0.2730 0.3441 0.8983
vn -0.2462 0.4209 0.8731
vn -0.2599 0.5004 0.8259
vn -0.2392 0.4704 0.8494
vn -0.2225 0.4758 0.8510
vn -0.3531 0.3043 0.8847
vn -0.2592 0.3430 0.9029
vn -0.3540 0.2946 0.8876
vn -0.2971 0.2462 0.9226
vn -0.1864 0.1559 0.9700
vn -0.1672 0.2537 0.9527
vn -0.1467 0.3364 0.9302
vn -0.1300 0.4007 0.9070
vn -0.1640 0.3982 0.9025
vn -0.2140 0.3841 0.8981
vn -0.8981 -0.1498 -0.4136
vn -0.9111 -0.0991 -0.4001
vn -0.9915 -0.0957 -0.0876
vn -0.9835 -0.1569 -0.0905
vn -0.9195 -0.0398 -0.3910
vn -0.9950 -0.0335 -0.0944
vn -0.9680 -0.0586 0.2441
vn -0.9592 -0.1256 0.2533
vn -0.9750 -0.0022 0.2223
vn -0.8800 -0.1727 -0.4424
vn -0.9263 0.0112 -0.3766
vn -0.9951 0.0160 -0.0976
vn -0.9788 0.0377 0.2013
vn -0.8788 0.0686 0.4723
vn -0.8669 0.0420 0.4968
vn -0.8543 -0.0036 0.5198
vn -0.8443 -0.0712 0.5312
vn -0.9538 -0.1874 0.2347
vn -0.8417 -0.1516 0.5183
vn -0.9732 -0.1975 -0.1180
vn -0.4673 0.1163 0.8764
vn -0.4571 0.1158 0.8819
vn -0.6033 0.1125 0.7895
vn -0.6124 0.1128 0.7825
vn -0.4495 0.1150 0.8858
vn -0.5944 0.1119 0.7963
vn -0.7558 0.1040 0.6465
vn -0.7642 0.1053 0.6363
vn -0.7458 0.1012 0.6584
vn -0.3434 0.1197 0.9315
vn -0.3348 0.1189 0.9348
vn -0.4732 0.1165 0.8732
vn -0.3204 0.1168 0.9401
vn -0.3116 0.1132 0.9434
vn -0.3109 0.1062 0.9445
vn -0.4461 0.1127 0.8879
vn -0.5861 0.1099 0.8028
vn -0.7338 0.0952 0.6727
vn -0.8879 0.0826 0.4525
vn -0.8942 0.0898 0.4387
vn -0.8984 0.0932 0.4291
vn -0.7684 0.1056 0.6311
vn -0.9005 0.0942 0.4245
vn -0.6173 0.1128 0.7786
vn -0.6663 0.0622 -0.7431
vn -0.5155 0.0704 -0.8540
vn -0.5399 0.0837 -0.8375
vn -0.6934 0.0784 -0.7163
vn -0.3761 0.0747 -0.9236
vn -0.3945 0.0857 -0.9149
vn -0.5666 0.0918 -0.8188
vn -0.7221 0.0879 -0.6862
vn -0.4154 0.0924 -0.9050
vn -0.8159 0.0524 -0.5758
vn -0.2494 0.0755 -0.9654
vn -0.2625 0.0851 -0.9612
vn -0.2784 0.0909 -0.9562
vn -0.2913 0.0931 -0.9521
vn -0.4315 0.0949 -0.8971
vn -0.5851 0.0948 -0.8054
vn -0.7395 0.0912 -0.6669
vn -0.8603 0.0813 -0.5032
vn -0.8721 0.0848 -0.4819
vn -0.8379 0.0710 -0.5413
vn -0.1343 0.0744 -0.9881
vn -0.0257 0.0730 -0.9970
vn -0.0346 0.0842 -0.9959
vn -0.1446 0.0842 -0.9859
vn 0.0867 0.0712 -0.9937
vn 0.0791 0.0849 -0.9932
vn -0.0475 0.0905 -0.9948
vn -0.1581 0.0898 -0.9833
vn 0.0667 0.0925 -0.9935
vn 0.2139 0.0679 -0.9745
vn 0.2092 0.0850 -0.9742
vn 0.1991 0.0941 -0.9755
vn 0.1900 0.0970 -0.9770
vn 0.0572 0.0949 -0.9938
vn -0.0573 0.0926 -0.9941
vn -0.1687 0.0919 -0.9814
vn 0.3632 0.0609 -0.9297
vn 0.5327 0.0484 -0.8449
vn 0.5405 0.0719 -0.8383
vn 0.3637 0.0816 -0.9279
vn 0.7088 0.0294 -0.7048
vn 0.7225 0.0539 -0.6892
vn 0.5448 0.0839 -0.8343
vn 0.3593 0.0924 -0.9286
vn 0.7345 0.0659 -0.6754
vn 0.3545 0.0253 -0.9347
vn 0.5193 0.0074 -0.8546
vn 0.6923 -0.0141 -0.7215
vn 0.8457 -0.0364 -0.5324
vn 0.8614 0.0060 -0.5079
vn 0.8755 0.0293 -0.4823
vn 0.8884 0.0403 -0.4574
vn 0.8926 0.0438 -0.4487
vn 0.7356 0.0699 -0.6738
vn 0.5409 0.0879 -0.8364
vn 0.3518 0.0959 -0.9311
vn 0.9603 -0.0166 -0.2785
vn 0.9988 -0.0318 -0.0363
vn 0.9999 -0.0124 -0.0101
vn 0.9687 0.0048 -0.2483
vn 0.9749 -0.0339 0.2200
vn 0.9718 -0.0165 0.2354
vn 0.9999 -0.0029 0.0147
vn 0.9757 0.0148 -0.2188
vn 0.9684 -0.0077 0.2492
vn 0.9501 -0.0557 -0.3070
vn 0.9958 -0.0672 -0.0618
vn 0.9767 -0.0657 0.2041
vn 0.8797 -0.0479 0.4731
vn 0.8783 -0.0194 0.4777
vn 0.8767 -0.0042 0.4810
vn 0.8756 0.0034 0.4831
vn 0.8706 0.0064 0.4919
vn 0.9651 -0.0049 0.2619
vn 0.9996 -0.0002 0.0297
vn 0.9787 0.0177 -0.2045
vn 0.7242 0.0064 0.6896
vn 0.5553 0.0341 0.8309
vn 0.5609 0.0490 0.8264
vn 0.7273 0.0205 0.6860
vn 0.3913 0.0588 0.9184
vn 0.3955 0.0754 0.9154
vn 0.5680 0.0558 0.8211
vn 0.7314 0.0272 0.6814
vn 0.4005 0.0834 0.9125
vn 0.7223 -0.0207 0.6913
vn 0.5518 0.0053 0.8340
vn 0.3878 0.0269 0.9213
vn 0.2309 0.0457 0.9719
vn 0.2336 0.0788 0.9691
vn 0.2331 0.0966 0.9676
vn 0.2309 0.1057 0.9672
vn 0.2243 0.1091 0.9684
vn 0.3966 0.0866 0.9139
vn 0.5648 0.0589 0.8231
vn 0.7272 0.0302 0.6858
vn 0.0858 0.0932 0.9919
vn -0.0498 0.1026 0.9935
vn -0.0596 0.1158 0.9915
vn 0.0797 0.1100 0.9907
vn -0.1796 0.1088 0.9777
vn -0.1902 0.1171 0.9747
vn -0.0768 0.1233 0.9894
vn 0.0685 0.1191 0.9905
vn -0.2084 0.1220 0.9704
vn 0.0841 0.0631 0.9945
vn -0.0506 0.0793 0.9956
vn -0.1797 0.0941 0.9792
vn -0.2195 0.1237 0.9677
vn -0.0882 0.1260 0.9881
vn 0.0591 0.1223 0.9907
vn -0.0218 0.1676 0.9856
vn -0.0182 0.2158 0.9763
vn -0.0057 0.2011 0.9796
vn -0.0150 0.1536 0.9880
vn -0.0352 0.2962 0.9545
vn -0.0163 0.2890 0.9572
vn 0.0412 0.1860 0.9817
vn 0.0268 0.1405 0.9897
vn 0.0360 0.2769 0.9602
vn -0.0041 0.1810 0.9835
vn -0.0056 0.2251 0.9743
vn -0.0287 0.2892 0.9568
vn 0.1247 0.2643 0.9563
vn 0.1275 0.1726 0.9767
vn 0.1102 0.1272 0.9857
vn 0.0238 0.1906 0.9814
vn 0.0524 0.1948 0.9794
vn 0.0463 0.2215 0.9741
vn 0.0190 0.2262 0.9739
vn 0.0812 0.1931 0.9778
vn 0.0728 0.2136 0.9742
vn 0.0334 0.2425 0.9696
vn -0.0013 0.2662 0.9639
vn 0.0618 0.2255 0.9723
vn 0.0472 0.2283 0.9725
vn 0.0127 0.2558 0.9666
vn -0.0369 0.3029 0.9523
vn 0.6550 0.2092 0.7261
vn 0.6410 0.1144 0.7589
vn 0.4333 0.1428 0.8898
vn 0.4407 0.2375 0.8657
vn 0.6176 0.0492 0.7849
vn 0.4111 0.0850 0.9076
vn 0.2573 0.1600 0.9530
vn 0.2574 0.2527 0.9327
vn 0.2381 0.1102 0.9650
vn 0.8419 0.1671 0.5131
vn 0.8294 0.0768 0.5533
vn 0.8114 0.0094 0.5845
vn 0.1944 0.0622 -0.9789
vn 0.1777 0.0512 -0.9828
vn 0.0797 0.0493 -0.9956
vn 0.0889 0.0606 -0.9942
vn 0.1631 0.0371 -0.9859
vn 0.0739 0.0378 -0.9966
vn 0.0016 0.0491 -0.9988
vn 0.0052 0.0594 -0.9982
vn 0.0013 0.0405 -0.9992
vn 0.3256 0.0639 -0.9434
vn 0.2988 0.0547 -0.9527
vn 0.2722 0.0392 -0.9615
vn 0.5837 0.0572 -0.8099
vn 0.4944 0.0516 -0.8677
vn 0.5417 0.0724 -0.8374
vn 0.6324 0.0859 -0.7698
vn 0.3884 0.0444 -0.9204
vn 0.4273 0.0613 -0.9020
vn 0.5918 0.0784 -0.8023
vn 0.6963 0.0995 -0.7108
vn 0.4657 0.0678 -0.8823
vn 0.6308 0.0038 -0.7759
vn 0.5489 0.0137 -0.8358
vn 0.6553 0.0569 -0.7533
vn 0.4571 0.0163 -0.8892
vn 0.3568 0.0157 -0.9340
vn 0.4964 0.0652 -0.8656
vn 0.6342 0.0694 -0.7701
vn 0.7554 0.0887 -0.6493
vn 0.7651 0.1274 -0.6312
vn 0.6963 0.0974 -0.7111
vn 0.7946 0.0601 -0.6041
vn 0.6622 0.0531 -0.7474
vn 0.6769 0.0362 -0.7352
vn 0.8152 0.0293 -0.5784
vn 0.5151 0.0586 -0.8551
vn 0.5226 0.0525 -0.8509
vn 0.6824 0.0176 -0.7308
vn 0.8233 -0.0023 -0.5677
vn 0.5197 0.0497 -0.8529
vn 0.9130 0.0745 -0.4011
vn 0.9325 -0.0174 -0.3609
vn 0.9275 0.0273 -0.3727
vn 0.9756 -0.1187 0.1846
vn 0.9886 -0.1222 -0.0880
vn 0.9732 -0.1941 -0.1232
vn 0.9691 -0.1958 0.1502
vn 0.9359 -0.1139 -0.3334
vn 0.9137 -0.1845 -0.3621
vn 0.9454 -0.2737 -0.1767
vn 0.9523 -0.2942 0.0804
vn 0.8792 -0.2577 -0.4007
vn 0.8799 -0.0983 0.4650
vn 0.8261 -0.0982 -0.5549
vn 0.7984 -0.1701 -0.5777
vn 0.7585 -0.2398 -0.6059
vn 0.8740 -0.2913 0.3888
vn 0.8782 -0.1777 0.4441
vn 0.8473 -0.3684 -0.3826
vn 0.8087 -0.4126 -0.4192
vn 0.8030 -0.5631 -0.1954
vn 0.8442 -0.5118 -0.1591
vn 0.7830 -0.4383 -0.4414
vn 0.7731 -0.5940 -0.2223
vn 0.7275 -0.6808 0.0855
vn 0.7757 -0.6207 0.1137
vn 0.6902 -0.7211 0.0594
vn 0.7919 -0.2017 -0.5763
vn 0.7549 -0.2447 -0.6085
vn 0.7330 -0.2714 -0.6237
vn 0.7449 -0.2628 -0.6132
vn 0.7912 -0.4261 -0.4387
vn 0.7793 -0.5840 -0.2272
vn 0.6922 -0.7199 0.0502
vn 0.4984 -0.7745 0.3895
vn 0.5070 -0.7639 0.3993
vn 0.5551 -0.7185 0.4190
vn 0.6144 -0.6593 0.4334
vn 0.3886 -0.5976 0.7013
vn 0.3245 -0.6424 0.6943
vn 0.1248 -0.5139 0.8487
vn 0.1804 -0.4836 0.8565
vn 0.2692 -0.6827 0.6793
vn 0.0716 -0.5469 0.8341
vn -0.0385 -0.3814 0.9236
vn -0.0002 -0.3600 0.9330
vn -0.0821 -0.4094 0.9087
vn 0.2461 -0.7013 0.6691
vn 0.0382 -0.5698 0.8209
vn -0.1186 -0.4346 0.8928
vn -0.2590 -0.2940 0.9200
vn -0.2268 -0.2679 0.9363
vn -0.1985 -0.2437 0.9493
vn -0.1820 -0.2268 0.9568
vn 0.3572 0.2548 -0.8986
vn 0.3281 0.2095 -0.9211
vn 0.5079 0.0628 -0.8591
vn 0.5400 0.1110 -0.8343
vn 0.3201 0.1811 -0.9299
vn 0.4955 0.0305 -0.8681
vn 0.6489 -0.0818 -0.7565
vn 0.6836 -0.0358 -0.7290
vn 0.6319 -0.1124 -0.7668
vn 0.1134 0.4160 -0.9023
vn 0.0882 0.3815 -0.9202
vn 0.0847 0.3638 -0.9276
vn 0.1125 0.3771 -0.9193
vn 0.3478 0.1864 -0.9188
vn 0.5196 0.0323 -0.8538
vn 0.6500 -0.1088 -0.7521
vn -0.5863 0.6948 -0.4165
vn -0.6011 0.6841 -0.4131
vn -0.4303 0.6497 -0.6267
vn -0.4140 0.6621 -0.6247
vn -0.5991 0.6867 -0.4118
vn -0.4271 0.6512 -0.6273
vn -0.1888 0.5470 -0.8156
vn -0.1684 0.5677 -0.8058
vn -0.1881 0.5416 -0.8193
vn -0.6945 0.6866 -0.2152
vn -0.7092 0.6740 -0.2067
vn -0.7112 0.6734 -0.2020
vn -0.6988 0.6881 -0.1953
vn -0.5793 0.7072 -0.4053
vn -0.4034 0.6736 -0.6193
vn -0.1625 0.5619 -0.8111
vn 0.8188 -0.3902 -0.4211
vn 0.8384 -0.3616 -0.4079
vn 0.8333 -0.5120 -0.2087
vn 0.8090 -0.5464 -0.2167
vn 0.8452 -0.3497 -0.4041
vn 0.8456 -0.4912 -0.2090
vn 0.7529 -0.6554 0.0591
vn 0.7232 -0.6884 0.0555
vn 0.7730 -0.6320 0.0551
vn 0.7736 -0.2334 -0.5891
vn 0.7918 -0.2142 -0.5719
vn 0.7959 -0.2144 -0.5662
vn 0.7898 -0.2320 -0.5678
vn 0.8419 -0.3535 -0.4077
vn 0.8476 -0.4841 -0.2172
vn 0.7837 -0.6197 0.0427
vn 0.5977 -0.7050 0.3817
vn 0.5777 -0.7161 0.3917
vn 0.5517 -0.7345 0.3951
vn 0.5222 -0.7571 0.3926
vn 0.2530 -0.6985 0.6694
vn 0.2729 -0.6883 0.6722
vn 0.0373 -0.5741 0.8179
vn 0.0291 -0.5768 0.8164
vn 0.2972 -0.6770 0.6733
vn 0.0562 -0.5658 0.8226
vn -0.1368 -0.4483 0.8834
vn -0.1375 -0.4476 0.8836
vn -0.1217 -0.4397 0.8898
vn 0.3207 -0.6678 0.6717
vn 0.0788 -0.5547 0.8283
vn -0.0996 -0.4255 0.8995
vn -0.2450 -0.2858 0.9264
vn -0.2682 -0.3023 0.9147
vn -0.2826 -0.3118 0.9071
vn -0.2807 -0.3101 0.9083
vn 0.3878 0.2098 -0.8976
vn 0.4099 0.2206 -0.8851
vn 0.5791 0.0596 -0.8130
vn 0.5576 0.0526 -0.8285
vn 0.4115 0.2114 -0.8865
vn 0.5817 0.0451 -0.8122
vn 0.7027 -0.0755 -0.7074
vn 0.6831 -0.0860 -0.7252
vn 0.7059 -0.0862 -0.7031
vn 0.1493 0.4078 -0.9008
vn 0.1694 0.4288 -0.8874
vn 0.1700 0.4333 -0.8851
vn 0.1590 0.4248 -0.8912
vn 0.4013 0.1866 -0.8968
vn 0.5727 0.0133 -0.8197
vn 0.6982 -0.1149 -0.7066
vn -0.5472 0.7412 -0.3889
vn -0.5112 0.7766 -0.3681
vn -0.3422 0.7421 -0.5764
vn -0.3706 0.7093 -0.5997
vn -0.4802 0.8044 -0.3499
vn -0.3249 0.7645 -0.5567
vn -0.1086 0.6267 -0.7717
vn -0.1296 0.5974 -0.7914
vn -0.1037 0.6431 -0.7587
vn -0.6723 0.7176 -0.1819
vn -0.6348 0.7548 -0.1655
vn -0.5947 0.7893 -0.1525
vn -0.5601 0.8154 -0.1462
vn -0.4582 0.8222 -0.3376
vn -0.3182 0.7770 -0.5432
vn -0.1098 0.6491 -0.7528
vn 0.8313 -0.3697 -0.4151
vn 0.8139 -0.3960 -0.4252
vn 0.8235 -0.5068 -0.2550
vn 0.8403 -0.4897 -0.2324
vn 0.7869 -0.4332 -0.4395
vn 0.7954 -0.5352 -0.2845
vn 0.7724 -0.6350 -0.0117
vn 0.7838 -0.6206 0.0211
vn 0.7485 -0.6608 -0.0566
vn 0.7783 -0.2612 -0.5710
vn 0.7630 -0.2978 -0.5737
vn 0.7398 -0.3422 -0.5793
vn 0.7036 -0.3947 -0.5909
vn 0.7453 -0.4828 -0.4598
vn 0.7507 -0.5776 -0.3206
vn 0.7048 -0.7005 -0.1120
vn 0.5406 -0.7803 0.3145
vn 0.5896 -0.7426 0.3177
vn 0.6048 -0.7190 0.3425
vn 0.6076 -0.7055 0.3649
vn 0.3366 -0.6635 0.6682
vn 0.3406 -0.6630 0.6666
vn 0.1124 -0.5271 0.8423
vn 0.0985 -0.5425 0.8343
vn 0.3307 -0.6592 0.6754
vn 0.1200 -0.5040 0.8553
vn -0.0531 -0.3834 0.9220
vn -0.0763 -0.4071 0.9102
vn -0.0298 -0.3520 0.9355
vn 0.2976 -0.6400 0.7084
vn 0.1228 -0.4672 0.8756
vn -0.0055 -0.3099 0.9507
vn -0.1104 -0.1516 0.9823
vn -0.1501 -0.1991 0.9684
vn -0.1860 -0.2357 0.9539
vn -0.2175 -0.2639 0.9397
vn 0.3892 0.1526 -0.9084
vn 0.3803 0.1120 -0.9181
vn 0.5531 -0.0743 -0.8298
vn 0.5618 -0.0280 -0.8268
vn 0.3736 0.0633 -0.9254
vn 0.5426 -0.1259 -0.8305
vn 0.6754 -0.1974 -0.7105
vn 0.6872 -0.1537 -0.7100
vn 0.6584 -0.2457 -0.7114
vn 0.1450 0.4091 -0.9009
vn 0.1308 0.3906 -0.9112
vn 0.1174 0.3724 -0.9206
vn 0.0811 0.3684 -0.9261
vn 0.3598 0.0027 -0.9330
vn 0.5237 -0.1842 -0.8317
vn 0.6302 -0.2993 -0.7164
vn -0.4420 0.8342 -0.3298
vn -0.4271 0.8450 -0.3218
vn -0.3156 0.7923 -0.5222
vn -0.3162 0.7846 -0.5334
vn -0.4120 0.8569 -0.3099
vn -0.3161 0.8031 -0.5050
vn -0.1331 0.6520 -0.7465
vn -0.1201 0.6499 -0.7505
vn -0.1500 0.6619 -0.7344
vn -0.5309 0.8349 -0.1450
vn -0.5032 0.8522 -0.1436
vn -0.4744 0.8695 -0.1371
vn -0.4430 0.8883 -0.1207
vn -0.3953 0.8716 -0.2901
vn -0.3167 0.8198 -0.4770
vn -0.1794 0.6889 -0.7024
vn 0.2673 -0.5734 0.7745
vn 0.2837 -0.4607 0.8410
vn 0.1740 -0.3314 0.9273
vn 0.1336 -0.4101 0.9022
vn 0.3602 -0.3294 0.8728
vn 0.2604 -0.2285 0.9381
vn 0.0721 -0.1910 0.9789
vn 0.0243 -0.2563 0.9663
vn 0.1538 -0.1138 0.9815
vn 0.4335 -0.7204 0.5414
vn 0.4167 -0.5881 0.6932
vn 0.4640 -0.4284 0.7753
vn 0.5468 -0.2147 0.8093
vn 0.4811 -0.1533 0.8632
vn 0.3896 -0.0774 0.9177
vn 0.2700 0.0146 0.9627
vn 0.1454 0.1021 0.9841
vn 0.0556 0.0388 0.9977
vn -0.0176 -0.0283 0.9994
vn -0.0684 -0.0940 0.9932
vn -0.3706 0.8917 -0.2597
vn -0.3258 0.9197 -0.2193
vn -0.2648 0.8872 -0.3779
vn -0.3061 0.8473 -0.4341
vn -0.2476 0.9535 -0.1718
vn -0.1766 0.9352 -0.3069
vn -0.1763 0.8270 -0.5338
vn -0.2020 0.7492 -0.6308
vn -0.0895 0.8955 -0.4360
vn -0.4062 0.9091 -0.0921
vn -0.3566 0.9327 -0.0537
vn -0.2863 0.9581 -0.0138
vn -0.1994 0.9797 0.0206
vn -0.1209 0.9894 -0.0810
vn -0.0309 0.9803 -0.1949
vn 0.0587 0.9525 -0.2987
vn 0.1453 0.9083 -0.3922
vn 0.0216 0.8238 -0.5665
vn -0.0443 0.7201 -0.6925
vn -0.0371 0.5738 -0.8182
vn -0.2689 0.9500 0.1587
vn -0.3531 0.9281 0.1181
vn -0.3229 0.8989 0.2961
vn -0.2160 0.9209 0.3244
vn -0.4161 0.9059 0.0791
vn -0.4049 0.8752 0.2647
vn -0.2766 0.8288 0.4863
vn -0.1535 0.8543 0.4965
vn -0.3748 0.7982 0.4716
vn -0.1355 0.9783 0.1565
vn -0.4699 0.8813 0.0512
vn -0.4792 0.8435 0.2426
vn -0.4667 0.7557 0.4594
vn -0.4233 0.5991 0.6796
vn -0.3250 0.6539 0.6832
vn -0.2222 0.6997 0.6790
vn -0.0944 0.7391 0.6669
vn 0.0268 0.8757 0.4821
vn 0.0958 0.7653 0.6365
vn -0.0565 0.9461 0.3190
vn -0.5494 0.7032 0.4514
vn -0.5466 0.8043 0.2331
vn -0.6029 0.7627 0.2341
vn -0.6149 0.6490 0.4480
vn -0.5185 0.8542 0.0377
vn -0.5616 0.8266 0.0363
vn -0.6501 0.7210 0.2399
vn -0.6657 0.5980 0.4463
vn -0.6008 0.7983 0.0411
vn -0.5128 0.5385 0.6686
vn -0.6394 0.7675 0.0457
vn -0.6921 0.6794 0.2438
vn -0.7069 0.5523 0.4418
vn -0.6351 0.4315 0.6406
vn -0.6753 0.3915 0.6251
vn -0.5828 0.4811 0.6549
vn -0.7434 0.5121 0.4302
vn -0.7324 0.6372 0.2397
vn -0.7689 0.5977 0.2270
vn -0.7743 0.4801 0.4123
vn -0.6804 0.7315 0.0437
vn -0.7216 0.6915 0.0335
vn -0.7937 0.5705 0.2110
vn -0.7929 0.4643 0.3946
vn -0.7540 0.6566 0.0190
vn -0.7090 0.3603 0.6062
vn -0.7714 0.6363 0.0063
vn -0.8024 0.5629 0.1980
vn -0.7959 0.4691 0.3826
vn -0.7513 0.3343 0.5691
vn -0.7507 0.3482 0.5614
vn -0.7364 0.3392 0.5854
vn -0.7913 0.4840 0.3736
vn -0.8007 0.5688 0.1879
vn -0.7956 0.5797 0.1761
vn -0.7887 0.4970 0.3618
vn -0.7755 0.6313 -0.0024
vn -0.7705 0.6374 -0.0116
vn -0.7885 0.5933 0.1618
vn -0.7889 0.5066 0.3480
vn -0.7579 0.6519 -0.0244
vn -0.7448 0.3686 0.5562
vn -0.7525 0.3871 0.5328
vn -0.7456 0.3819 0.5461
vn 0.3547 0.2097 0.9112
vn 0.5126 0.1250 0.8495
vn 0.5802 0.3380 0.7411
vn 0.3894 0.4139 0.8228
vn 0.6002 0.0642 0.7973
vn 0.6698 0.2816 0.6871
vn 0.5859 0.5289 0.6140
vn 0.3831 0.5986 0.7035
vn 0.6807 0.4721 0.5601
vn 0.1568 0.2579 0.9533
vn 0.6251 0.0417 0.7794
vn 0.6679 0.2801 0.6896
vn 0.6719 0.4715 0.5712
vn 0.6414 0.6245 0.4457
vn 0.6432 0.6332 0.4306
vn 0.5412 0.6887 0.4825
vn 0.3363 0.7499 0.5697
vn 0.1388 0.6182 0.7737
vn 0.1558 0.4425 0.8831
vn 0.4868 -0.2418 -0.8394
vn 0.5334 -0.3346 -0.7768
vn 0.5100 -0.3010 -0.8058
vn 0.4308 -0.1841 -0.8835
vn 0.5765 -0.4178 -0.7022
vn 0.5766 -0.3946 -0.7154
vn 0.5058 -0.2471 -0.8265
vn 0.3713 -0.0896 -0.9242
vn 0.5969 -0.3528 -0.7205
vn 0.5073 -0.1853 -0.8416
vn 0.5317 -0.2654 -0.8043
vn 0.4503 -0.1256 -0.8840
vn 0.5610 -0.3446 -0.7527
vn 0.5895 -0.4221 -0.6887
vn 0.6144 -0.4996 -0.6106
vn 0.6114 -0.5007 -0.6128
vn 0.6255 -0.4840 -0.6120
vn 0.6596 -0.4468 -0.6044
vn 0.2326 0.1412 -0.9623
vn 0.3595 -0.0209 -0.9329
vn 0.6411 -0.6850 -0.3461
vn 0.6453 -0.7067 -0.2902
vn 0.6575 -0.6381 -0.4006
vn 0.6409 -0.6356 -0.4304
vn 0.6606 -0.7241 -0.1980
vn 0.6967 -0.6194 -0.3618
vn 0.6529 -0.5658 -0.5036
vn 0.6329 -0.5756 -0.5178
vn 0.6941 -0.5335 -0.4834
vn 0.6536 -0.6909 -0.3091
vn 0.6454 -0.7215 -0.2508
vn 0.6469 -0.6633 -0.3763
vn 0.6334 -0.7599 -0.1460
vn 0.6054 -0.7951 0.0363
vn 0.6315 -0.5692 -0.5265
vn 0.6409 -0.6231 -0.4483
vn 0.6905 0.3549 -0.6302
vn 0.5619 0.7190 -0.4091
vn 0.7094 0.6884 -0.1511
vn 0.8279 0.2898 -0.4802
vn 0.3923 0.8913 -0.2271
vn 0.5201 0.8519 0.0610
vn 0.8127 0.5793 0.0632
vn 0.9257 0.1817 -0.3317
vn 0.6125 0.7381 0.2829
vn 0.5982 0.0720 -0.7981
vn 0.5523 0.3303 -0.7655
vn 0.6665 0.0137 -0.7453
vn 0.4231 0.6304 -0.6508
vn 0.2627 0.8225 -0.5044
vn 0.3057 0.9397 -0.1535
vn 0.4595 0.8830 0.0956
vn 0.5736 0.7633 0.2974
vn 0.6632 0.6080 0.4365
vn 0.8618 0.4526 0.2290
vn 0.9791 0.0676 -0.1916
vn 0.7903 -0.1765 -0.5867
vn 0.8273 -0.2701 -0.4926
vn 0.7369 -0.0785 -0.6715
vn 0.7341 -0.6060 -0.3065
vn 0.6892 -0.6342 -0.3504
vn 0.6795 -0.5848 -0.4429
vn 0.7326 -0.5466 -0.4057
vn 0.6629 -0.6484 -0.3743
vn 0.6535 -0.6065 -0.4529
vn 0.6685 -0.5263 -0.5255
vn 0.7225 -0.4790 -0.4985
vn 0.6432 -0.5526 -0.5300
vn 0.7967 -0.5980 -0.0881
vn 0.7399 -0.6530 -0.1615
vn 0.8317 -0.5327 -0.1564
vn 0.6985 -0.6771 -0.2316
vn 0.6705 -0.6871 -0.2798
vn 0.6282 -0.4848 -0.6086
vn 0.6533 -0.4564 -0.6040
vn 0.7048 -0.4036 -0.5834
vn 0.8509 -0.3579 -0.3845
vn 0.8538 -0.4469 -0.2669
vn 0.6813 -0.3223 -0.6573
vn 0.6339 -0.3799 -0.6737
vn 0.6111 -0.3002 -0.7324
vn 0.6520 -0.2373 -0.7201
vn 0.6083 -0.4094 -0.6800
vn 0.5856 -0.3322 -0.7394
vn 0.5817 -0.2079 -0.7864
vn 0.6132 -0.1456 -0.7764
vn 0.5602 -0.2485 -0.7902
vn 0.5205 -0.1436 -0.8417
vn 0.5370 -0.0838 -0.8394
vn 0.5596 -0.0066 -0.8287
vn 0.4429 -0.0071 -0.8965
vn 0.3205 0.1623 -0.9332
vn 0.3154 0.3256 -0.8913
vn 0.4547 0.0972 -0.8853
vn 0.1526 0.3665 -0.9178
vn 0.1346 0.5481 -0.8255
vn 0.3433 0.4783 -0.8084
vn 0.4798 0.2134 -0.8511
vn 0.1722 0.6934 -0.6997
vn 0.6653 -0.7311 -0.1510
vn 0.6977 -0.7145 -0.0517
vn 0.6585 -0.7263 0.1973
vn 0.6378 -0.7698 0.0267
vn 0.7451 -0.6632 0.0708
vn 0.6963 -0.6186 0.3639
vn 0.5598 -0.6858 0.4650
vn 0.5670 -0.7784 0.2696
vn 0.5861 -0.5299 0.6130
vn 0.8222 -0.5341 0.1970
vn 0.7521 -0.4100 0.5161
vn 0.6325 -0.2902 0.7181
vn -0.0004 0.2241 0.9746
vn -0.0234 0.4048 0.9141
vn -0.1289 0.3360 0.9330
vn -0.0833 0.1515 0.9849
vn -0.0513 0.5819 0.8116
vn -0.1716 0.5234 0.8346
vn -0.2050 0.2639 0.9425
vn -0.1433 0.0800 0.9864
vn -0.2644 0.4602 0.8475
vn -0.3548 0.3963 0.8468
vn -0.2787 0.1974 0.9399
vn -0.1993 0.0162 0.9798
vn -0.2549 -0.0363 0.9663
vn -0.3509 0.1407 0.9258
vn -0.4118 0.0963 0.9062
vn -0.3039 -0.0766 0.9496
vn -0.4400 0.3360 0.8328
vn -0.5086 0.2849 0.8125
vn -0.4600 0.0626 0.8857
vn -0.3444 -0.1071 0.9327
vn -0.5608 0.2442 0.7911
vn -0.6006 0.2137 0.7705
vn -0.4974 0.0377 0.8667
vn -0.3771 -0.1302 0.9170
vn -0.4032 -0.1474 0.9032
vn -0.5270 0.0198 0.8496
vn -0.5480 0.0100 0.8364
vn -0.4199 -0.1572 0.8938
vn -0.6327 0.1918 0.7502
vn -0.6575 0.1790 0.7319
vn -0.5541 0.0131 0.8324
vn -0.4205 -0.1548 0.8940
vn -0.6689 0.1805 0.7211
vn -0.6642 0.1987 0.7206
vn -0.5432 0.0317 0.8390
vn -0.4025 -0.1372 0.9051
vn -0.3796 -0.1116 0.9184
vn -0.5294 0.0563 0.8465
vn -0.5285 0.0736 0.8457
vn -0.3676 -0.0907 0.9255
vn -0.6562 0.2218 0.7213
vn -0.6586 0.2362 0.7145
vn -0.5404 0.0825 0.8374
vn -0.3703 -0.0772 0.9257
vn -0.6704 0.2411 0.7018
vn 0.0172 0.9968 0.0780
vn 0.1433 0.9561 0.2556
vn 0.3200 0.9332 0.1636
vn 0.1499 0.9883 -0.0266
vn 0.2542 0.8701 0.4223
vn 0.4529 0.8253 0.3372
vn 0.4258 0.8991 0.1013
vn 0.2469 0.9631 -0.1072
vn 0.5603 0.7779 0.2844
vn 0.9150 -0.3492 0.2021
vn 0.9779 -0.1835 0.1005
vn 0.8499 0.1310 0.5105
vn 0.8082 -0.1256 0.5754
vn 0.9980 -0.0458 -0.0436
vn 0.8699 0.3165 0.3783
vn 0.6834 0.2725 0.6772
vn 0.6687 0.0075 0.7435
vn 0.6829 0.4654 0.5631
vn 0.3356 -0.0260 -0.9417
vn 0.3072 -0.0856 -0.9478
vn 0.4662 -0.1171 -0.8769
vn 0.4976 -0.0510 -0.8659
vn 0.2725 -0.1427 -0.9515
vn 0.4261 -0.1780 -0.8870
vn 0.6389 -0.1470 -0.7551
vn 0.6701 -0.0764 -0.7383
vn 0.5966 -0.2126 -0.7739
vn 0.2356 -0.1839 -0.9543
vn 0.3798 -0.2200 -0.8985
vn 0.5430 -0.2593 -0.7987
vn 0.3408 -0.0279 -0.9397
vn 0.4361 -0.0381 -0.8991
vn 0.4414 -0.1166 -0.8897
vn 0.3502 -0.0898 -0.9324
vn 0.5295 -0.0517 -0.8468
vn 0.5327 -0.1459 -0.8336
vn 0.4827 -0.2190 -0.8480
vn 0.3939 -0.1720 -0.9029
vn 0.5663 -0.2652 -0.7804
vn 0.6188 -0.0713 -0.7823
vn 0.6213 -0.1770 -0.7633
vn 0.6420 -0.3059 -0.7031
vn 0.7207 -0.0695 0.6898
vn 0.7182 -0.1491 0.6797
vn 0.5458 -0.1309 0.8276
vn 0.5494 -0.0467 0.8342
vn 0.7122 -0.2693 0.6482
vn 0.5317 -0.2588 0.8065
vn 0.3756 -0.1199 0.9190
vn 0.3837 -0.0300 0.9230
vn 0.3537 -0.2460 0.9024
vn 0.6761 -0.4465 0.5862
vn 0.4930 -0.4283 0.7573
vn 0.3082 -0.4114 0.8578
vn 0.0888 -0.3536 0.9312
vn 0.1681 -0.2128 0.9625
vn 0.2039 -0.0999 0.9739
vn 0.2224 -0.0121 0.9749
vn -0.5173 -0.2671 0.8131
vn -0.5593 -0.3378 0.7570
vn -0.6502 -0.3117 0.6929
vn -0.6140 -0.2344 0.7537
vn -0.6153 -0.3594 0.7016
vn -0.7028 -0.3424 0.6235
vn -0.7564 -0.2883 0.5872
vn -0.7241 -0.2187 0.6542
vn -0.8039 -0.3198 0.5015
vn -0.3627 -0.1842 0.9135
vn -0.4256 -0.2943 0.8557
vn -0.4899 -0.1475 0.8592
vn -0.4768 -0.3500 0.8063
vn -0.5364 -0.3616 0.7626
vn -0.6068 -0.3395 0.7187
vn -0.6822 -0.3412 0.6467
vn -0.7660 -0.3313 0.5508
vn -0.8598 -0.3126 0.4037
vn -0.9453 -0.2828 0.1626
vn -0.9108 -0.2959 0.2878
vn -0.8767 -0.2758 0.3942
vn -0.8521 -0.2248 0.4727
vn -0.7084 -0.1214 0.6952
vn -0.5943 -0.1190 0.7954
vn -0.5677 -0.0919 -0.8181
vn -0.5544 -0.0731 -0.8290
vn -0.4538 -0.0674 -0.8885
vn -0.4560 -0.0814 -0.8863
vn -0.5421 -0.0456 -0.8390
vn -0.4529 -0.0407 -0.8906
vn -0.3656 -0.0754 -0.9277
vn -0.3605 -0.0856 -0.9288
vn -0.3717 -0.0477 -0.9271
vn -0.7055 -0.1220 -0.6981
vn -0.6791 -0.0998 -0.7272
vn -0.6516 -0.0706 -0.7553
vn -0.2893 -0.0602 -0.9553
vn -0.2798 -0.0899 -0.9558
vn -0.2708 -0.0980 -0.9576
vn -0.1825 -0.1139 -0.9766
vn -0.1936 -0.1060 -0.9753
vn -0.1083 -0.1221 -0.9866
vn -0.0950 -0.1310 -0.9868
vn -0.2051 -0.0738 -0.9760
vn -0.1220 -0.0873 -0.9887
vn -0.0227 -0.1387 -0.9901
vn -0.0058 -0.1495 -0.9887
vn -0.0397 -0.1018 -0.9940
vn 0.0440 -0.1190 -0.9919
vn 0.0667 -0.1578 -0.9852
vn 0.0899 -0.1710 -0.9812
vn 0.1997 -0.1982 -0.9596
vn 0.1656 -0.1827 -0.9691
vn 0.2795 -0.2174 -0.9352
vn 0.3301 -0.2337 -0.9146
vn 0.1326 -0.1421 -0.9809
vn 0.2300 -0.1749 -0.9573
vn 0.4103 -0.2643 -0.8728
vn 0.4798 -0.2776 -0.8323
vn 0.3394 -0.2208 -0.9143
vn -0.8679 -0.1019 -0.4861
vn -0.7369 -0.0489 -0.6742
vn -0.7802 -0.0803 -0.6203
vn -0.9060 -0.1458 -0.3975
vn -0.6292 -0.0092 -0.7772
vn -0.6616 -0.0281 -0.7493
vn -0.8288 -0.1162 -0.5474
vn -0.9395 -0.1893 -0.2855
vn -0.7010 -0.0534 -0.7112
vn -0.9664 -0.1565 -0.2039
vn -0.7437 -0.0861 -0.6630
vn -0.8753 -0.1556 -0.4579
vn -0.9604 -0.2295 -0.1580
vn -0.9681 -0.2486 0.0313
vn -0.9741 -0.2057 -0.0943
vn 0.2101 0.9454 0.2490
vn 0.1168 0.8707 0.4777
vn 0.0346 0.8908 0.4531
vn 0.0844 0.9766 0.1979
vn 0.0527 0.7680 0.6382
vn 0.0194 0.7695 0.6384
vn -0.0657 0.8988 0.4334
vn -0.0352 0.9869 0.1573
vn -0.0514 0.7677 0.6388
vn 0.9826 0.0856 -0.1647
vn 0.9898 0.0243 -0.1404
vn 0.9958 0.0266 0.0875
vn 0.9935 0.0991 0.0568
vn 0.9913 -0.0293 -0.1285
vn 0.9938 -0.0324 0.1067
vn 0.9476 0.0440 0.3164
vn 0.9524 0.1260 0.2776
vn 0.9385 -0.0202 0.3446
vn -0.3701 0.2103 0.9049
vn -0.3684 0.1093 0.9232
vn -0.3669 0.0823 0.9266
vn -0.3688 0.1902 0.9098
vn -0.3481 0.0014 0.9375
vn -0.3474 -0.0306 0.9372
vn -0.3115 0.0359 0.9496
vn -0.3104 0.1400 0.9402
vn -0.3029 -0.0673 0.9506
vn -0.3099 -0.1129 0.9440
vn -0.3056 -0.1492 0.9404
vn -0.2694 -0.1805 0.9460
vn -0.2106 -0.1993 0.9570
vn -0.2059 -0.1269 0.9703
vn -0.2023 -0.0397 0.9785
vn -0.1977 0.0551 0.9787
vn 0.6932 0.2079 -0.6901
vn 0.6873 0.1002 -0.7194
vn 0.7329 0.1043 -0.6723
vn 0.7641 0.1824 -0.6188
vn 0.7192 -0.0079 -0.6948
vn 0.7320 0.0287 -0.6807
vn 0.7322 0.1031 -0.6732
vn 0.7861 0.1555 -0.5982
vn 0.7074 0.0478 -0.7052
vn 0.7653 -0.1155 -0.6332
vn 0.7482 -0.0510 -0.6615
vn 0.7002 -0.0163 -0.7138
vn -0.7178 -0.2011 0.6666
vn -0.6706 -0.2451 0.7002
vn -0.5950 -0.2149 0.7744
vn -0.6347 -0.1682 0.7543
vn -0.6102 -0.2882 0.7380
vn -0.5397 -0.2625 0.7999
vn -0.4891 -0.1546 0.8584
vn -0.5131 -0.1019 0.8522
vn -0.4527 -0.2126 0.8660
vn -0.7834 -0.2129 0.5839
vn -0.7538 -0.1584 0.6378
vn -0.7358 -0.2568 0.6266
vn -0.6767 -0.2997 0.6725
vn -0.5368 -0.3264 0.7780
vn -0.4655 -0.3021 0.8319
vn -0.3874 -0.2619 0.8839
vn -0.3047 -0.2043 0.9303
vn -0.3149 -0.1396 0.9388
vn -0.3240 -0.0652 0.9438
vn -0.3298 -0.0040 0.9440
vn -0.5255 -0.0608 0.8486
vn -0.3293 0.0331 0.9436
vn -0.6622 -0.1261 0.7387
vn -0.2520 -0.2305 0.9399
vn -0.1669 -0.3406 0.9253
vn -0.1362 -0.3937 0.9091
vn -0.2366 -0.2728 0.9325
vn -0.0447 -0.4307 0.9014
vn -0.0063 -0.5000 0.8660
vn -0.0798 -0.4205 0.9038
vn -0.1911 -0.3024 0.9338
vn 0.0505 -0.5269 0.8484
vn -0.2378 -0.1876 0.9530
vn -0.1743 -0.2801 0.9440
vn -0.0746 -0.3446 0.9358
vn 0.1112 -0.5069 0.8548
vn 0.1397 -0.5824 0.8008
vn 0.1847 -0.6076 0.7725
vn 0.1197 -0.5075 0.8533
vn -0.0080 -0.4021 0.9156
vn -0.1241 -0.2914 0.9485
vn 0.7007 -0.0995 -0.7065
vn 0.7659 -0.1419 -0.6271
vn 0.7748 -0.2457 -0.5825
vn 0.7042 -0.2090 -0.6786
vn 0.8039 -0.2116 -0.5559
vn 0.8253 -0.2956 -0.4811
vn 0.7720 -0.3598 -0.5241
vn 0.7105 -0.3371 -0.6177
vn 0.8205 -0.3800 -0.4270
vn 0.8217 -0.3114 -0.4773
vn 0.8482 -0.3633 -0.3855
vn 0.8467 -0.4139 -0.3344
vn 0.8320 -0.4637 -0.3046
vn 0.8033 -0.4693 -0.3667
vn 0.7645 -0.4706 -0.4406
vn 0.7214 -0.4595 -0.5182
vn -0.8490 -0.2151 0.4827
vn -0.9201 -0.2114 0.3297
vn -0.8792 -0.2566 0.4015
vn -0.8037 -0.2596 0.5354
vn -0.9760 -0.1947 0.0978
vn -0.9503 -0.2421 0.1957
vn -0.8276 -0.2970 0.4763
vn -0.7480 -0.3022 0.5909
vn -0.9114 -0.2818 0.2999
vn -0.1685 0.2828 0.9443
vn -0.1240 0.3114 0.9422
vn -0.0488 0.2505 0.9669
vn -0.0840 0.2286 0.9699
vn -0.0783 0.3191 0.9445
vn -0.0152 0.2596 0.9656
vn 0.0072 0.2108 0.9775
vn -0.0152 0.1919 0.9813
vn 0.0288 0.2230 0.9744
vn 0.0563 0.2022 0.9777
vn 0.0442 0.1903 0.9807
vn 0.0337 0.1744 0.9841
vn 0.0451 0.1692 0.9845
vn 0.0483 0.1799 0.9825
vn 0.0012 0.1649 0.9863
vn -0.0020 0.1597 0.9872
vn 0.0557 0.1877 0.9807
vn 0.0100 0.1673 0.9859
vn -0.1147 0.1287 0.9850
vn -0.1239 0.1249 0.9844
vn -0.0994 0.1284 0.9867
vn 0.0458 0.1530 0.9872
vn -0.2878 0.0632 0.9556
vn -0.3086 0.0614 0.9492
vn -0.3219 0.0523 0.9453
vn -0.1286 0.1135 0.9852
vn -0.0008 0.1484 0.9889
vn -0.5279 -0.0327 0.8487
vn -0.5219 -0.0169 0.8529
vn -0.6862 -0.0734 0.7237
vn -0.6789 -0.0933 0.7283
vn -0.5066 -0.0118 0.8621
vn -0.6846 -0.0667 0.7259
vn -0.7962 -0.0996 0.5968
vn -0.7795 -0.1226 0.6144
vn -0.8051 -0.0916 0.5860
vn -0.0124 0.2934 0.9559
vn -0.0224 0.2158 0.9762
vn 0.0956 0.0764 0.9925
vn 0.0945 0.1722 0.9805
vn -0.0358 0.1275 0.9912
vn 0.0922 -0.0173 0.9956
vn 0.2070 -0.0840 0.9747
vn 0.1892 0.0269 0.9816
vn 0.2144 -0.1771 0.9605
vn -0.0487 0.0334 0.9983
vn 0.0873 -0.1060 0.9905
vn 0.2173 -0.2554 0.9421
vn 0.3312 -0.3426 0.8792
vn 0.3162 -0.2624 0.9117
vn 0.2856 -0.1522 0.9462
vn -0.0567 -0.0590 0.9966
vn -0.0640 -0.1455 0.9873
vn 0.0752 -0.2674 0.9607
vn 0.0839 -0.1888 0.9784
vn -0.0793 -0.2270 0.9707
vn 0.0485 -0.3425 0.9383
vn 0.2076 -0.3908 0.8967
vn 0.2175 -0.3248 0.9204
vn 0.1771 -0.4547 0.8729
vn 0.6196 -0.6798 0.3923
vn 0.6033 -0.6764 0.4225
vn 0.5105 -0.5799 0.6349
vn 0.5287 -0.6061 0.5942
vn 0.5882 -0.6616 0.4651
vn 0.4870 -0.5407 0.6859
vn 0.4171 -0.4361 0.7974
vn 0.4354 -0.4912 0.7545
vn 0.3866 -0.3570 0.8503
vn 0.3123 -0.6589 0.6843
vn 0.2841 -0.6330 0.7201
vn 0.4241 -0.6600 0.6201
vn 0.4349 -0.6880 0.5809
vn 0.2797 -0.5558 0.7828
vn 0.4455 -0.5781 0.6836
vn 0.5621 -0.6780 0.4736
vn 0.5571 -0.7035 0.4414
vn 0.6037 -0.6049 0.5193
vn 0.7347 -0.6264 0.2604
vn 0.6825 -0.6845 0.2564
vn 0.6694 -0.7004 0.2477
vn 0.8478 -0.4728 -0.2401
vn 0.8467 -0.4433 -0.2941
vn 0.8306 -0.5278 -0.1775
vn 0.8286 -0.5451 -0.1276
vn 0.8225 -0.4262 -0.3766
vn 0.8111 -0.5314 -0.2446
vn 0.7958 -0.6054 -0.0135
vn 0.7879 -0.6152 0.0276
vn 0.7862 -0.6148 -0.0623
vn 0.8247 -0.5168 -0.2297
vn 0.7643 -0.6434 0.0444
vn 0.8059 -0.5809 -0.1138
vn 0.7910 -0.5496 -0.2688
vn 0.7772 -0.6140 -0.1375
vn 0.7616 -0.6225 -0.1801
vn 0.7617 -0.5593 -0.3271
vn 0.7434 -0.6678 0.0365
vn 0.7470 -0.6647 0.0155
vn 0.7622 -0.6048 -0.2310
vn 0.7386 -0.5507 -0.3889
vn 0.7800 -0.6255 -0.0184
vn -0.9664 -0.2557 -0.0275
vn -0.9140 -0.1905 -0.3583
vn -0.9422 -0.2108 -0.2603
vn -0.9623 -0.2567 0.0897
vn -0.7858 -0.1210 -0.6065
vn -0.8240 -0.1499 -0.5465
vn -0.9609 -0.2134 -0.1766
vn -0.9559 -0.2324 0.1798
vn -0.8557 -0.1686 -0.4892
vn -0.2251 -0.2262 0.9477
vn -0.1698 -0.2233 0.9598
vn -0.1810 -0.2078 0.9613
vn -0.1958 -0.2159 0.9566
vn -0.1174 -0.2672 0.9565
vn -0.1741 -0.2307 0.9573
vn -0.1823 -0.1473 0.9721
vn -0.1627 -0.1604 0.9735
vn -0.2091 -0.1570 0.9652
vn -0.2422 -0.1650 0.9561
vn -0.2841 -0.2581 0.9234
vn -0.1494 -0.1802 0.9722
vn -0.0505 -0.2399 0.9695
vn -0.1567 -0.1910 0.9690
vn -0.2200 -0.2464 0.9439
vn 0.0712 0.0118 0.9974
vn 0.0447 -0.0637 0.9970
vn -0.0897 -0.0219 0.9957
vn -0.0642 0.0392 0.9972
vn 0.0034 -0.1553 0.9879
vn -0.1210 -0.1008 0.9875
vn -0.2121 0.0142 0.9771
vn -0.1915 0.0655 0.9793
vn -0.2337 -0.0651 0.9701
vn -0.3552 -0.0422 0.9339
vn -0.3359 0.0425 0.9409
vn -0.3194 0.0872 0.9436
vn -0.4618 -0.3472 0.8162
vn -0.3970 -0.3402 0.8525
vn -0.3151 -0.3103 0.8969
vn -0.3852 -0.3193 0.8659
vn -0.3411 -0.3030 0.8899
vn -0.2595 -0.2827 0.9234
vn -0.2266 -0.2564 0.9396
vn -0.3005 -0.2736 0.9137
vn -0.1762 -0.2267 0.9579
vn -0.0878 -0.1386 0.9864
vn -0.1329 -0.1689 0.9766
vn -0.2130 -0.1928 0.9579
vn -0.1580 -0.0852 0.9838
vn -0.0553 -0.0580 0.9968
vn -0.0129 0.0449 0.9989
vn -0.1383 0.0105 0.9903
vn -0.0121 -0.0352 0.9993
vn 0.0315 0.0559 0.9979
vn -0.0001 0.1154 0.9933
vn -0.1312 0.0800 0.9881
vn 0.0455 0.1192 0.9918
vn -0.4484 0.1001 0.8882
vn -0.4584 0.0619 0.8866
vn -0.5791 0.0646 0.8127
vn -0.5800 0.0988 0.8086
vn -0.4747 -0.0190 0.8800
vn -0.5842 -0.0069 0.8116
vn -0.7106 0.0425 0.7023
vn -0.7210 0.0792 0.6884
vn -0.7056 -0.0252 0.7082
vn -0.9801 0.0617 0.1887
vn -0.9947 0.0480 -0.0909
vn -0.9950 0.0653 -0.0754
vn -0.9799 0.0744 0.1849
vn -0.9346 0.0457 -0.3527
vn -0.9447 0.0650 -0.3214
vn -0.9957 0.0741 -0.0555
vn -0.9791 0.0807 0.1864
vn -0.9551 0.0752 -0.2867
vn -0.9599 0.0786 -0.2692
vn -0.9960 0.0770 -0.0459
vn -0.9788 0.0826 0.1872
vt 0.197044 0.282055
vt 0.210772 0.283710
vt 0.209293 0.295822
vt 0.195574 0.295060
vt 0.224155 0.284862
vt 0.222654 0.296850
vt 0.207692 0.308893
vt 0.194100 0.308618
vt 0.220922 0.309690
vt 0.184288 0.264070
vt 0.199313 0.270416
vt 0.183068 0.281001
vt 0.212135 0.273120
vt 0.224732 0.274001
vt 0.238475 0.273011
vt 0.237006 0.286144
vt 0.235345 0.298273
vt 0.233528 0.310969
vt 0.231494 0.324564
vt 0.219039 0.323417
vt 0.205991 0.322788
vt 0.192569 0.322717
vt 0.180403 0.308980
vt 0.178993 0.323245
vt 0.181791 0.295013
vt 0.166795 0.310064
vt 0.153215 0.311771
vt 0.154614 0.297854
vt 0.168162 0.296077
vt 0.139535 0.313978
vt 0.140983 0.299934
vt 0.155868 0.284671
vt 0.169272 0.282555
vt 0.142464 0.286253
vt 0.165432 0.324387
vt 0.151858 0.326070
vt 0.138192 0.328200
vt 0.124356 0.330678
vt 0.125618 0.316656
vt 0.127027 0.302656
vt 0.128458 0.288482
vt 0.129717 0.271526
vt 0.144438 0.273739
vt 0.156710 0.273111
vt 0.169098 0.270392
vt 0.111440 0.319746
vt 0.097440 0.322972
vt 0.098324 0.310254
vt 0.112640 0.306310
vt 0.084171 0.326026
vt 0.084725 0.313759
vt 0.099163 0.298304
vt 0.113725 0.293308
vt 0.085313 0.302017
vt 0.110367 0.333392
vt 0.096624 0.336152
vt 0.083624 0.338751
vt 0.071862 0.340982
vt 0.072180 0.328671
vt 0.072451 0.316702
vt 0.072653 0.304751
vt 0.073018 0.291089
vt 0.086578 0.291195
vt 0.099760 0.287948
vt 0.113547 0.282044
vt 0.110645 0.274678
vt 0.099965 0.279821
vt 0.099869 0.273279
vt 0.107344 0.269444
vt 0.089361 0.282080
vt 0.092151 0.274596
vt 0.099582 0.267373
vt 0.104834 0.264692
vt 0.094011 0.268178
vt 0.119047 0.266956
vt 0.080448 0.280344
vt 0.085587 0.272636
vt 0.089263 0.266413
vt 0.091457 0.262103
vt 0.094742 0.262040
vt 0.099028 0.261221
vt 0.103079 0.259565
vt 0.108613 0.260307
vt 0.105899 0.257804
vt 0.112937 0.263499
vt 0.610734 0.405254
vt 0.611800 0.400335
vt 0.623585 0.399882
vt 0.622519 0.405450
vt 0.612732 0.395189
vt 0.624363 0.393961
vt 0.635336 0.400084
vt 0.634218 0.406241
vt 0.636005 0.393492
vt 0.597733 0.409574
vt 0.598864 0.405348
vt 0.609777 0.410092
vt 0.599996 0.401122
vt 0.601127 0.396895
vt 0.602258 0.392669
vt 0.613357 0.389410
vt 0.624667 0.387473
vt 0.636039 0.386364
vt 0.647436 0.386146
vt 0.647630 0.393977
vt 0.647046 0.401222
vt 0.645866 0.407941
vt 0.632843 0.412055
vt 0.644274 0.414195
vt 0.621373 0.410793
vt 0.210157 0.402855
vt 0.209345 0.419526
vt 0.198171 0.418847
vt 0.198743 0.402074
vt 0.208979 0.435720
vt 0.197931 0.435169
vt 0.186352 0.418461
vt 0.186720 0.401690
vt 0.186226 0.434805
vt 0.222427 0.387414
vt 0.220822 0.404026
vt 0.211404 0.386088
vt 0.219747 0.420445
vt 0.219268 0.436371
vt 0.219448 0.451508
vt 0.209071 0.451057
vt 0.197998 0.450617
vt 0.186289 0.450278
vt 0.174006 0.450126
vt 0.173962 0.434715
vt 0.174012 0.418419
vt 0.174229 0.401709
vt 0.187384 0.384938
vt 0.174688 0.385054
vt 0.199672 0.385273
vt 0.161395 0.402119
vt 0.161267 0.418745
vt 0.148190 0.419333
vt 0.148283 0.402846
vt 0.161238 0.434946
vt 0.148138 0.435368
vt 0.134846 0.420051
vt 0.134941 0.403796
vt 0.134745 0.435811
vt 0.161717 0.385586
vt 0.161216 0.450207
vt 0.148019 0.450381
vt 0.134521 0.450465
vt 0.120826 0.450276
vt 0.121139 0.436104
vt 0.121299 0.420763
vt 0.121419 0.404876
vt 0.135145 0.387654
vt 0.121612 0.389064
vt 0.148525 0.386473
vt 0.107829 0.405987
vt 0.107674 0.421346
vt 0.094343 0.421720
vt 0.094532 0.406991
vt 0.107462 0.436107
vt 0.094093 0.435802
vt 0.081741 0.421814
vt 0.081953 0.407747
vt 0.081471 0.435202
vt 0.108025 0.390618
vt 0.107096 0.449677
vt 0.093706 0.448709
vt 0.081086 0.447462
vt 0.069667 0.446025
vt 0.070035 0.434322
vt 0.070302 0.421559
vt 0.070517 0.408109
vt 0.082165 0.393451
vt 0.070727 0.394346
vt 0.094737 0.392144
vt 0.296829 0.364039
vt 0.303981 0.363585
vt 0.305516 0.375515
vt 0.297543 0.377337
vt 0.311063 0.362625
vt 0.313220 0.373091
vt 0.307713 0.387453
vt 0.298680 0.391095
vt 0.316114 0.383555
vt 0.289567 0.350627
vt 0.296158 0.351164
vt 0.290349 0.363200
vt 0.302750 0.351701
vt 0.309341 0.352238
vt 0.315932 0.352775
vt 0.317474 0.361229
vt 0.320036 0.370464
vt 0.323340 0.379859
vt 0.327507 0.389222
vt 0.320017 0.393830
vt 0.311156 0.399024
vt 0.301364 0.404643
vt 0.289797 0.393062
vt 0.290114 0.411237
vt 0.290074 0.377632
vt 0.295506 0.194931
vt 0.291991 0.206253
vt 0.284980 0.203216
vt 0.288470 0.192718
vt 0.288504 0.217642
vt 0.281512 0.213824
vt 0.278171 0.200123
vt 0.281749 0.190081
vt 0.274588 0.210287
vt 0.306429 0.184147
vt 0.302765 0.196704
vt 0.298619 0.185017
vt 0.299101 0.209261
vt 0.295436 0.221818
vt 0.291772 0.234375
vt 0.285567 0.227798
vt 0.278465 0.223486
vt 0.271331 0.219675
vt 0.264487 0.215840
vt 0.267942 0.206775
vt 0.271681 0.196954
vt 0.275383 0.187229
vt 0.284993 0.181057
vt 0.278728 0.178453
vt 0.291611 0.183398
vt 0.571051 0.296059
vt 0.578689 0.300812
vt 0.575563 0.306127
vt 0.567999 0.301069
vt 0.586385 0.305827
vt 0.583146 0.311399
vt 0.572226 0.311369
vt 0.564480 0.305772
vt 0.579969 0.317096
vt 0.566563 0.287042
vt 0.573646 0.290856
vt 0.564132 0.292054
vt 0.581490 0.295403
vt 0.589438 0.300240
vt 0.596832 0.304926
vt 0.593477 0.310625
vt 0.590001 0.316309
vt 0.586806 0.322250
vt 0.585165 0.329364
vt 0.576975 0.322968
vt 0.568785 0.316572
vt 0.560594 0.310175
vt 0.557581 0.301107
vt 0.552404 0.303779
vt 0.561187 0.296832
vt 0.631380 0.417590
vt 0.629912 0.422824
vt 0.619371 0.421011
vt 0.620319 0.415992
vt 0.628502 0.427710
vt 0.618512 0.425780
vt 0.608844 0.419741
vt 0.609207 0.414943
vt 0.608558 0.424400
vt 0.642442 0.420029
vt 0.640498 0.425440
vt 0.638558 0.430407
vt 0.636738 0.434913
vt 0.627218 0.432200
vt 0.617772 0.430208
vt 0.608361 0.428773
vt 0.598907 0.427912
vt 0.598614 0.423328
vt 0.598320 0.418743
vt 0.598027 0.414159
vt 0.322681 0.359202
vt 0.327250 0.356788
vt 0.330391 0.364974
vt 0.325598 0.367815
vt 0.331809 0.353969
vt 0.335124 0.361625
vt 0.333953 0.373267
vt 0.329098 0.376542
vt 0.338685 0.369559
vt 0.320125 0.350723
vt 0.324317 0.348671
vt 0.328510 0.346618
vt 0.332702 0.344566
vt 0.337092 0.350004
vt 0.340541 0.357224
vt 0.344081 0.364915
vt 0.348136 0.372715
vt 0.342810 0.377586
vt 0.338165 0.381590
vt 0.333347 0.385284
vt 0.626106 0.436326
vt 0.625116 0.440448
vt 0.616692 0.438335
vt 0.617178 0.434285
vt 0.624173 0.445010
vt 0.616273 0.442797
vt 0.608308 0.436539
vt 0.608293 0.432712
vt 0.608376 0.440653
vt 0.635115 0.439019
vt 0.633614 0.443103
vt 0.632121 0.447620
vt 0.630521 0.453028
vt 0.623206 0.450470
vt 0.615901 0.448227
vt 0.608551 0.445821
vt 0.600975 0.441876
vt 0.600458 0.438385
vt 0.599941 0.434894
vt 0.599424 0.431403
vt 0.663555 0.452246
vt 0.660443 0.455968
vt 0.651136 0.450776
vt 0.653688 0.446917
vt 0.657101 0.460037
vt 0.648458 0.455044
vt 0.642243 0.446512
vt 0.644262 0.442525
vt 0.640176 0.450927
vt 0.677618 0.454631
vt 0.674026 0.458564
vt 0.666671 0.448358
vt 0.670316 0.462160
vt 0.666237 0.465974
vt 0.661539 0.470557
vt 0.653296 0.464970
vt 0.645456 0.460210
vt 0.637903 0.456242
vt 0.646390 0.438497
vt 0.656315 0.442979
vt 0.347709 0.385572
vt 0.353110 0.393651
vt 0.348885 0.398091
vt 0.343188 0.389863
vt 0.358635 0.402006
vt 0.355044 0.406303
vt 0.344489 0.402374
vt 0.338476 0.393932
vt 0.351342 0.410505
vt 0.352939 0.380438
vt 0.358161 0.388283
vt 0.363250 0.396626
vt 0.366664 0.406843
vt 0.364050 0.410675
vt 0.361435 0.414508
vt 0.358821 0.418340
vt 0.356206 0.422172
vt 0.346300 0.415504
vt 0.338890 0.407234
vt 0.332671 0.398399
vt 0.710446 0.521410
vt 0.708354 0.513311
vt 0.714837 0.512303
vt 0.715741 0.520750
vt 0.705407 0.505137
vt 0.712578 0.503629
vt 0.721196 0.511533
vt 0.720914 0.520289
vt 0.719820 0.502188
vt 0.708624 0.529863
vt 0.703916 0.522250
vt 0.712309 0.529463
vt 0.700873 0.514582
vt 0.697483 0.506892
vt 0.692865 0.499185
vt 0.700782 0.496881
vt 0.708038 0.494803
vt 0.715515 0.492420
vt 0.725259 0.488440
vt 0.727913 0.501178
vt 0.728236 0.511223
vt 0.727035 0.520278
vt 0.719680 0.528664
vt 0.723365 0.528264
vt 0.715995 0.529064
vt 0.261725 0.203107
vt 0.255815 0.199468
vt 0.259841 0.190397
vt 0.265592 0.193699
vt 0.250030 0.196115
vt 0.254323 0.187088
vt 0.263798 0.181298
vt 0.269399 0.184328
vt 0.258566 0.178006
vt 0.258125 0.211701
vt 0.252093 0.207537
vt 0.246121 0.203872
vt 0.239556 0.202463
vt 0.244240 0.193121
vt 0.248925 0.183780
vt 0.253609 0.174438
vt 0.258293 0.165096
vt 0.262249 0.169877
vt 0.267293 0.173080
vt 0.272816 0.175838
vt 0.611937 0.237385
vt 0.615391 0.236459
vt 0.617615 0.242237
vt 0.613210 0.243045
vt 0.618341 0.235159
vt 0.621328 0.240792
vt 0.619631 0.248373
vt 0.614519 0.249039
vt 0.624091 0.246855
vt 0.608655 0.233044
vt 0.610866 0.231956
vt 0.607204 0.237733
vt 0.613078 0.230867
vt 0.615289 0.229779
vt 0.617500 0.228690
vt 0.620876 0.233390
vt 0.624626 0.238662
vt 0.628263 0.244396
vt 0.631567 0.250692
vt 0.626417 0.253488
vt 0.621215 0.254992
vt 0.615527 0.255408
vt 0.608359 0.248931
vt 0.608922 0.254939
vt 0.607621 0.243173
vt 0.287657 0.173721
vt 0.289815 0.167836
vt 0.296158 0.170215
vt 0.294135 0.176031
vt 0.291622 0.162943
vt 0.297874 0.165314
vt 0.302674 0.172513
vt 0.300892 0.177953
vt 0.304255 0.167694
vt 0.281474 0.171267
vt 0.283696 0.165466
vt 0.285550 0.160631
vt 0.287189 0.156345
vt 0.293223 0.158614
vt 0.299413 0.160923
vt 0.305720 0.163221
vt 0.312132 0.165365
vt 0.310706 0.170061
vt 0.309281 0.174756
vt 0.307855 0.179452
vt 0.552414 0.298257
vt 0.548261 0.296410
vt 0.551170 0.291795
vt 0.555659 0.293845
vt 0.544529 0.294885
vt 0.547322 0.290213
vt 0.553772 0.287094
vt 0.558426 0.289140
vt 0.549846 0.285550
vt 0.548796 0.302377
vt 0.545189 0.300974
vt 0.541581 0.299572
vt 0.537973 0.298169
vt 0.541082 0.293398
vt 0.543859 0.288759
vt 0.546346 0.284162
vt 0.548467 0.279588
vt 0.552015 0.280886
vt 0.555995 0.282333
vt 0.560734 0.284271
vt 0.264810 0.163709
vt 0.266739 0.158706
vt 0.272191 0.160961
vt 0.270037 0.166397
vt 0.268438 0.154180
vt 0.274004 0.156279
vt 0.277828 0.163192
vt 0.275595 0.168862
vt 0.279689 0.158418
vt 0.259839 0.160763
vt 0.261386 0.156430
vt 0.262932 0.152096
vt 0.264478 0.147763
vt 0.270040 0.149893
vt 0.275642 0.152005
vt 0.281341 0.154146
vt 0.571683 0.243144
vt 0.566930 0.242319
vt 0.567237 0.237527
vt 0.571832 0.238271
vt 0.562868 0.241654
vt 0.563246 0.236913
vt 0.567307 0.232576
vt 0.571553 0.233236
vt 0.563455 0.232000
vt 0.577145 0.249015
vt 0.571161 0.247804
vt 0.577559 0.244209
vt 0.566341 0.246890
vt 0.562250 0.246167
vt 0.558452 0.245528
vt 0.559086 0.241075
vt 0.559491 0.236395
vt 0.559741 0.231528
vt 0.559910 0.226426
vt 0.563580 0.226985
vt 0.567249 0.227545
vt 0.570919 0.228104
vt 0.576874 0.234051
vt 0.574588 0.228663
vt 0.577532 0.239213
vt 0.294747 0.154454
vt 0.296277 0.150168
vt 0.302338 0.152417
vt 0.300878 0.156713
vt 0.297880 0.145489
vt 0.303858 0.147759
vt 0.308473 0.154723
vt 0.307106 0.158972
vt 0.309877 0.150229
vt 0.288756 0.152215
vt 0.290333 0.147954
vt 0.291994 0.143302
vt 0.293808 0.137998
vt 0.299626 0.140133
vt 0.305513 0.142371
vt 0.311408 0.144951
vt 0.317158 0.148764
vt 0.315902 0.152914
vt 0.314645 0.157065
vt 0.313389 0.161215
vt 0.537885 0.291750
vt 0.534726 0.289964
vt 0.537222 0.285413
vt 0.540565 0.287175
vt 0.531379 0.288055
vt 0.533595 0.283469
vt 0.539524 0.280931
vt 0.542983 0.282643
vt 0.535746 0.279016
vt 0.535055 0.296361
vt 0.532136 0.294552
vt 0.529218 0.292744
vt 0.526299 0.290935
vt 0.527426 0.285892
vt 0.529389 0.281288
vt 0.531418 0.276886
vt 0.533237 0.272658
vt 0.537637 0.274693
vt 0.541500 0.276524
vt 0.545039 0.278154
vt 0.271624 0.145695
vt 0.273226 0.141444
vt 0.278849 0.143573
vt 0.277233 0.147844
vt 0.274891 0.136974
vt 0.280552 0.138970
vt 0.284535 0.145750
vt 0.282928 0.150013
vt 0.286233 0.141109
vt 0.266056 0.143553
vt 0.267635 0.139344
vt 0.269213 0.135134
vt 0.270791 0.130924
vt 0.276744 0.131876
vt 0.282433 0.133735
vt 0.288094 0.135836
vt 0.555228 0.240516
vt 0.551151 0.239942
vt 0.551695 0.235505
vt 0.555682 0.235941
vt 0.546766 0.239329
vt 0.547430 0.235035
vt 0.552165 0.230953
vt 0.556003 0.231210
vt 0.548143 0.230672
vt 0.554569 0.244881
vt 0.550460 0.244199
vt 0.546042 0.243469
vt 0.541230 0.242679
vt 0.541973 0.238652
vt 0.542723 0.234467
vt 0.543643 0.230245
vt 0.545297 0.226262
vt 0.548950 0.226303
vt 0.552604 0.226344
vt 0.556257 0.226385
vt 0.301547 0.133962
vt 0.303528 0.127415
vt 0.309241 0.129232
vt 0.307342 0.136036
vt 0.305414 0.121082
vt 0.311064 0.122625
vt 0.314995 0.130950
vt 0.313156 0.138267
vt 0.316788 0.123770
vt 0.295809 0.131917
vt 0.297871 0.125485
vt 0.299829 0.119264
vt 0.301519 0.113816
vt 0.307051 0.115557
vt 0.312654 0.116941
vt 0.318368 0.117675
vt 0.324382 0.116468
vt 0.322576 0.124542
vt 0.320770 0.132616
vt 0.318964 0.140690
vt 0.522391 0.283306
vt 0.516867 0.280549
vt 0.519096 0.276321
vt 0.524428 0.278852
vt 0.511445 0.277872
vt 0.513919 0.273910
vt 0.521128 0.272181
vt 0.526424 0.274559
vt 0.516013 0.269935
vt 0.520419 0.287877
vt 0.514539 0.284820
vt 0.508659 0.281762
vt 0.502779 0.278704
vt 0.506822 0.275618
vt 0.509462 0.271860
vt 0.511565 0.268005
vt 0.513300 0.264242
vt 0.517762 0.266066
vt 0.522886 0.268190
vt 0.528201 0.270443
vt 0.278932 0.125686
vt 0.281259 0.119008
vt 0.286746 0.121268
vt 0.284543 0.127695
vt 0.283527 0.112461
vt 0.288857 0.115031
vt 0.292279 0.123433
vt 0.290153 0.129806
vt 0.294301 0.117268
vt 0.273294 0.123811
vt 0.275797 0.116698
vt 0.278300 0.109584
vt 0.280803 0.102471
vt 0.285476 0.106824
vt 0.290671 0.109615
vt 0.296045 0.111869
vt 0.536754 0.237893
vt 0.531414 0.237083
vt 0.532059 0.232956
vt 0.537492 0.233758
vt 0.526340 0.236264
vt 0.526859 0.232131
vt 0.532643 0.228655
vt 0.538313 0.229522
vt 0.527125 0.227765
vt 0.536017 0.241826
vt 0.530704 0.240941
vt 0.525665 0.240065
vt 0.521277 0.239238
vt 0.521927 0.235473
vt 0.522374 0.231338
vt 0.522399 0.226929
vt 0.521091 0.222272
vt 0.527143 0.223270
vt 0.533194 0.224267
vt 0.539246 0.225265
vt 0.234253 0.492076
vt 0.232274 0.479334
vt 0.242651 0.479755
vt 0.245722 0.492981
vt 0.230392 0.465968
vt 0.239892 0.466143
vt 0.252530 0.479921
vt 0.257200 0.493960
vt 0.248752 0.466036
vt 0.223767 0.503409
vt 0.222784 0.491399
vt 0.235797 0.504247
vt 0.221511 0.478872
vt 0.220287 0.465639
vt 0.229088 0.451890
vt 0.238036 0.452147
vt 0.246355 0.452232
vt 0.254111 0.452098
vt 0.256890 0.465480
vt 0.261414 0.479300
vt 0.267620 0.493943
vt 0.261200 0.507443
vt 0.277355 0.511457
vt 0.248128 0.505534
vt 0.159980 0.511641
vt 0.159322 0.523565
vt 0.145104 0.521330
vt 0.145845 0.509693
vt 0.158231 0.536943
vt 0.143928 0.534538
vt 0.130798 0.518586
vt 0.131587 0.507263
vt 0.129566 0.531624
vt 0.173997 0.501452
vt 0.173725 0.513042
vt 0.160391 0.500338
vt 0.173162 0.525192
vt 0.172162 0.538720
vt 0.170576 0.554443
vt 0.156524 0.552613
vt 0.142092 0.550175
vt 0.127625 0.547261
vt 0.113469 0.544007
vt 0.115457 0.528320
vt 0.116691 0.515430
vt 0.117473 0.504417
vt 0.132201 0.496773
vt 0.118105 0.494362
vt 0.146378 0.498772
vt 0.103761 0.501247
vt 0.103048 0.511981
vt 0.090038 0.508438
vt 0.090661 0.497947
vt 0.101874 0.524760
vt 0.088942 0.521131
vt 0.077807 0.505017
vt 0.078377 0.494737
vt 0.076749 0.517634
vt 0.104335 0.491590
vt 0.099916 0.540550
vt 0.087042 0.537048
vt 0.074868 0.533664
vt 0.063416 0.530559
vt 0.065379 0.514471
vt 0.066500 0.501939
vt 0.067108 0.491837
vt 0.078792 0.485714
vt 0.067531 0.483035
vt 0.091145 0.488636
vt 0.325133 0.403740
vt 0.331390 0.413215
vt 0.322626 0.420113
vt 0.316270 0.409877
vt 0.338635 0.422230
vt 0.329636 0.429943
vt 0.313614 0.427596
vt 0.306849 0.416686
vt 0.320523 0.438021
vt 0.346576 0.430872
vt 0.336945 0.439572
vt 0.327315 0.448271
vt 0.317684 0.456971
vt 0.312312 0.446190
vt 0.305525 0.435571
vt 0.298242 0.424581
vt 0.308323 0.111279
vt 0.309278 0.108064
vt 0.314856 0.109614
vt 0.313899 0.112708
vt 0.310004 0.105572
vt 0.315619 0.107183
vt 0.320502 0.110979
vt 0.319557 0.113722
vt 0.321323 0.108686
vt 0.302819 0.109560
vt 0.303780 0.106331
vt 0.304493 0.103824
vt 0.305053 0.101730
vt 0.310583 0.103491
vt 0.316241 0.105111
vt 0.322019 0.106621
vt 0.327985 0.108012
vt 0.327084 0.110126
vt 0.326184 0.112240
vt 0.325283 0.114354
vt 0.503763 0.274179
vt 0.501599 0.273201
vt 0.503692 0.269267
vt 0.506133 0.270350
vt 0.499779 0.272402
vt 0.501765 0.268443
vt 0.505586 0.265437
vt 0.508144 0.266527
vt 0.503604 0.264624
vt 0.501090 0.277944
vt 0.499400 0.277183
vt 0.497711 0.276423
vt 0.496021 0.275662
vt 0.498132 0.271720
vt 0.500103 0.267782
vt 0.501923 0.263984
vt 0.503540 0.260421
vt 0.505242 0.261031
vt 0.507253 0.261803
vt 0.509847 0.262839
vt 0.286817 0.102966
vt 0.287801 0.100133
vt 0.293043 0.102369
vt 0.292039 0.105481
vt 0.288625 0.097707
vt 0.293812 0.099872
vt 0.298367 0.104436
vt 0.297382 0.107649
vt 0.299098 0.101919
vt 0.281704 0.100138
vt 0.282604 0.097804
vt 0.283505 0.095471
vt 0.284405 0.093137
vt 0.289291 0.095525
vt 0.294412 0.097729
vt 0.299665 0.099804
vt 0.518462 0.234743
vt 0.515795 0.234082
vt 0.516372 0.229967
vt 0.518955 0.230616
vt 0.513674 0.233494
vt 0.514282 0.229393
vt 0.516848 0.225594
vt 0.519191 0.226221
vt 0.514837 0.225023
vt 0.517813 0.238493
vt 0.515138 0.237827
vt 0.513012 0.237231
vt 0.511196 0.236696
vt 0.511859 0.232984
vt 0.512468 0.228926
vt 0.513017 0.224585
vt 0.513440 0.219905
vt 0.515353 0.220497
vt 0.517266 0.221089
vt 0.519178 0.221680
vt 0.311092 0.101536
vt 0.311597 0.099537
vt 0.317277 0.101156
vt 0.316772 0.103155
vt 0.312156 0.097350
vt 0.317826 0.098951
vt 0.323038 0.102718
vt 0.322559 0.104673
vt 0.323545 0.100603
vt 0.305547 0.099770
vt 0.306042 0.097783
vt 0.306605 0.095636
vt 0.307296 0.093195
vt 0.312834 0.094819
vt 0.318501 0.096289
vt 0.324198 0.097897
vt 0.329691 0.100503
vt 0.329265 0.102380
vt 0.328838 0.104258
vt 0.328412 0.106135
vt 0.496572 0.271136
vt 0.494981 0.270564
vt 0.496808 0.266602
vt 0.498502 0.267200
vt 0.493232 0.269896
vt 0.494871 0.265876
vt 0.498545 0.262827
vt 0.500295 0.263418
vt 0.496516 0.262115
vt 0.494566 0.275143
vt 0.493112 0.274624
vt 0.491657 0.274104
vt 0.490202 0.273585
vt 0.491033 0.268872
vt 0.492487 0.264862
vt 0.494044 0.261177
vt 0.495536 0.257774
vt 0.498052 0.258634
vt 0.500117 0.259307
vt 0.501892 0.259875
vt 0.289757 0.093522
vt 0.290152 0.091558
vt 0.295365 0.093735
vt 0.294899 0.095732
vt 0.290609 0.089490
vt 0.295912 0.091594
vt 0.300644 0.095833
vt 0.300154 0.097828
vt 0.301213 0.093688
vt 0.284688 0.091241
vt 0.284971 0.089346
vt 0.285253 0.087450
vt 0.285536 0.085554
vt 0.291356 0.087003
vt 0.296679 0.089111
vt 0.301942 0.091251
vt 0.510132 0.232548
vt 0.508330 0.232125
vt 0.508985 0.228291
vt 0.510752 0.228582
vt 0.506303 0.231644
vt 0.507016 0.227956
vt 0.509648 0.224284
vt 0.511331 0.224384
vt 0.507830 0.224160
vt 0.509467 0.236202
vt 0.507659 0.235699
vt 0.505620 0.235125
vt 0.503200 0.234420
vt 0.503895 0.231031
vt 0.504642 0.227480
vt 0.505576 0.223879
vt 0.507197 0.220478
vt 0.508758 0.220335
vt 0.510319 0.220192
vt 0.511879 0.220048
vt 0.313661 0.091843
vt 0.314556 0.088565
vt 0.320252 0.089295
vt 0.319345 0.092997
vt 0.315401 0.085184
vt 0.321048 0.085494
vt 0.326155 0.089675
vt 0.325124 0.094065
vt 0.327068 0.085209
vt 0.308157 0.090378
vt 0.309129 0.087302
vt 0.310127 0.084135
vt 0.311070 0.081046
vt 0.316068 0.081894
vt 0.321456 0.081855
vt 0.327290 0.080979
vt 0.334638 0.079256
vt 0.333401 0.084568
vt 0.332165 0.089880
vt 0.330928 0.095191
vt 0.488034 0.267163
vt 0.484579 0.265047
vt 0.486076 0.261618
vt 0.489510 0.263429
vt 0.480942 0.262711
vt 0.482376 0.259487
vt 0.487545 0.258340
vt 0.491019 0.259925
vt 0.483778 0.256417
vt 0.486638 0.271072
vt 0.483073 0.268558
vt 0.479509 0.266045
vt 0.475944 0.263531
vt 0.477169 0.260066
vt 0.478524 0.257010
vt 0.479867 0.254142
vt 0.481138 0.251433
vt 0.485104 0.253507
vt 0.488930 0.255239
vt 0.492461 0.256654
vt 0.292673 0.083724
vt 0.294296 0.080061
vt 0.299087 0.082908
vt 0.297763 0.086154
vt 0.296056 0.076396
vt 0.300557 0.079638
vt 0.303999 0.085379
vt 0.302886 0.088438
vt 0.305208 0.082261
vt 0.287549 0.081289
vt 0.289562 0.077024
vt 0.291575 0.072758
vt 0.293588 0.068493
vt 0.298156 0.073154
vt 0.302187 0.076625
vt 0.306459 0.079271
vt 0.500985 0.230242
vt 0.497596 0.229343
vt 0.498274 0.225996
vt 0.501705 0.226799
vt 0.493783 0.228430
vt 0.494446 0.225187
vt 0.498973 0.222565
vt 0.502519 0.223296
vt 0.495155 0.221834
vt 0.500281 0.233547
vt 0.496890 0.232563
vt 0.493088 0.231549
vt 0.488934 0.230585
vt 0.489589 0.227598
vt 0.490213 0.224491
vt 0.490937 0.221246
vt 0.492186 0.217708
vt 0.495939 0.218401
vt 0.499692 0.219093
vt 0.503444 0.219786
vt 0.473266 0.256959
vt 0.469416 0.253606
vt 0.470964 0.251139
vt 0.474646 0.254177
vt 0.465845 0.250164
vt 0.467743 0.248053
vt 0.472392 0.248845
vt 0.475980 0.251544
vt 0.469396 0.246262
vt 0.471878 0.259852
vt 0.467811 0.256174
vt 0.463745 0.252495
vt 0.459678 0.248816
vt 0.463036 0.246589
vt 0.465312 0.244926
vt 0.467269 0.243782
vt 0.468730 0.243190
vt 0.470642 0.244578
vt 0.473618 0.246660
vt 0.477217 0.249056
vt 0.485115 0.226935
vt 0.480717 0.226495
vt 0.480908 0.223793
vt 0.485601 0.224010
vt 0.476784 0.226352
vt 0.476486 0.223908
vt 0.481048 0.220930
vt 0.486109 0.220969
vt 0.476114 0.221136
vt 0.484555 0.229740
vt 0.480340 0.229040
vt 0.476740 0.228506
vt 0.474365 0.228194
vt 0.473560 0.226726
vt 0.472638 0.224569
vt 0.471704 0.221906
vt 0.470165 0.218250
vt 0.475670 0.218115
vt 0.481176 0.217979
vt 0.486681 0.217844
vt 0.693911 0.488590
vt 0.685332 0.480493
vt 0.691131 0.477396
vt 0.700607 0.485970
vt 0.675851 0.472864
vt 0.680751 0.469371
vt 0.696389 0.474067
vt 0.707044 0.482951
vt 0.685133 0.465883
vt 0.686471 0.491500
vt 0.678697 0.484020
vt 0.670175 0.476966
vt 0.689218 0.461774
vt 0.701138 0.469673
vt 0.712996 0.478258
vt 0.343838 0.343973
vt 0.351310 0.336949
vt 0.354448 0.344788
vt 0.347146 0.351410
vt 0.358731 0.329950
vt 0.361702 0.338207
vt 0.357980 0.352462
vt 0.350673 0.359036
vt 0.365265 0.345944
vt 0.340536 0.336797
vt 0.348370 0.329028
vt 0.356204 0.321259
vt 0.364038 0.313490
vt 0.365205 0.324015
vt 0.368120 0.332523
vt 0.371785 0.340236
vt 0.376048 0.347377
vt 0.369442 0.353222
vt 0.362080 0.359893
vt 0.354724 0.366640
vt 0.622150 0.457097
vt 0.620966 0.464367
vt 0.615141 0.462468
vt 0.615553 0.454979
vt 0.619615 0.471561
vt 0.614550 0.469862
vt 0.609323 0.460944
vt 0.608918 0.452924
vt 0.609593 0.468885
vt 0.628727 0.459590
vt 0.626762 0.466801
vt 0.624676 0.473963
vt 0.622517 0.480375
vt 0.618055 0.477953
vt 0.613596 0.476281
vt 0.609352 0.475603
vt 0.606049 0.477343
vt 0.604781 0.468476
vt 0.603512 0.459610
vt 0.602244 0.450743
vt 0.648899 0.471077
vt 0.644188 0.477865
vt 0.638290 0.473599
vt 0.642005 0.466564
vt 0.639545 0.484636
vt 0.634570 0.480610
vt 0.632513 0.469888
vt 0.635316 0.462731
vt 0.629643 0.477014
vt 0.656099 0.476260
vt 0.650301 0.482620
vt 0.644656 0.488974
vt 0.639675 0.494656
vt 0.635351 0.490694
vt 0.631105 0.486894
vt 0.626854 0.483405
vt 0.359492 0.374074
vt 0.366859 0.367026
vt 0.372190 0.373901
vt 0.364716 0.381492
vt 0.374245 0.360081
vt 0.379685 0.366426
vt 0.377890 0.380585
vt 0.370031 0.389112
vt 0.385762 0.372150
vt 0.380859 0.354028
vt 0.386304 0.360032
vt 0.392582 0.365064
vt 0.400884 0.367498
vt 0.392329 0.377334
vt 0.383774 0.387171
vt 0.375219 0.397007
vt 0.694993 0.523291
vt 0.684992 0.524465
vt 0.682026 0.517980
vt 0.691835 0.516170
vt 0.675212 0.525714
vt 0.672581 0.519895
vt 0.678510 0.511569
vt 0.688283 0.509079
vt 0.669174 0.514159
vt 0.698152 0.530423
vt 0.687680 0.530983
vt 0.677207 0.531543
vt 0.666735 0.532103
vt 0.667103 0.527088
vt 0.664681 0.521826
vt 0.661291 0.516649
vt 0.657334 0.511710
vt 0.665062 0.508608
vt 0.674196 0.505286
vt 0.683782 0.502045
vt 0.677936 0.495114
vt 0.668939 0.499191
vt 0.662978 0.493343
vt 0.671052 0.488411
vt 0.660356 0.503325
vt 0.655247 0.498307
vt 0.656653 0.487800
vt 0.663612 0.482078
vt 0.649944 0.493531
vt 0.653066 0.507108
vt 0.648627 0.502793
vt 0.644126 0.498672
vt 0.238422 0.257167
vt 0.233212 0.250244
vt 0.236615 0.243726
vt 0.242396 0.250288
vt 0.229139 0.244223
vt 0.231706 0.237454
vt 0.239231 0.236506
vt 0.245297 0.243266
vt 0.233826 0.229321
vt 0.232368 0.262638
vt 0.245296 0.263931
vt 0.228425 0.255047
vt 0.225709 0.248841
vt 0.224115 0.244582
vt 0.225643 0.239910
vt 0.227460 0.232570
vt 0.229141 0.223222
vt 0.230017 0.210180
vt 0.235790 0.221542
vt 0.241508 0.229702
vt 0.247685 0.236653
vt 0.252189 0.249103
vt 0.254561 0.242448
vt 0.249277 0.256268
vt 0.254181 0.269002
vt 0.257365 0.261043
vt 0.266272 0.264754
vt 0.263720 0.272733
vt 0.260037 0.253765
vt 0.268693 0.257393
vt 0.275548 0.267743
vt 0.273148 0.275659
vt 0.277943 0.260237
vt 0.250983 0.278079
vt 0.262299 0.247053
vt 0.270819 0.250621
vt 0.280010 0.253314
vt 0.290121 0.254855
vt 0.287549 0.262612
vt 0.284977 0.270369
vt 0.282405 0.278126
vt 0.271108 0.284277
vt 0.279833 0.285883
vt 0.261424 0.281577
vt 0.203467 0.261775
vt 0.207530 0.255127
vt 0.214550 0.257320
vt 0.213394 0.264489
vt 0.210615 0.249303
vt 0.215636 0.250871
vt 0.221919 0.257367
vt 0.223482 0.264900
vt 0.220994 0.250840
vt 0.195725 0.256124
vt 0.202310 0.250542
vt 0.207023 0.245843
vt 0.209998 0.242457
vt 0.212828 0.243502
vt 0.216820 0.244356
vt 0.220973 0.244651
vt 0.222039 0.237885
vt 0.218269 0.237096
vt 0.220016 0.228874
vt 0.223656 0.229888
vt 0.214446 0.236803
vt 0.216205 0.228848
vt 0.222034 0.219699
vt 0.225398 0.220493
vt 0.218516 0.219731
vt 0.210415 0.237485
vt 0.211727 0.229891
vt 0.214053 0.220749
vt 0.218384 0.209811
vt 0.221292 0.209903
vt 0.224201 0.209996
vt 0.227109 0.210088
vt 0.193395 0.227340
vt 0.200615 0.225635
vt 0.199749 0.234775
vt 0.192751 0.237046
vt 0.207743 0.223141
vt 0.206186 0.232089
vt 0.199955 0.243455
vt 0.192920 0.247104
vt 0.205726 0.239939
vt 0.187121 0.218822
vt 0.194320 0.218518
vt 0.186333 0.227775
vt 0.201811 0.217043
vt 0.209591 0.214485
vt 0.185023 0.248990
vt 0.185639 0.237828
vt 0.177544 0.246488
vt 0.171345 0.242315
vt 0.172626 0.233516
vt 0.178843 0.236384
vt 0.166493 0.238449
vt 0.167183 0.230376
vt 0.173179 0.224285
vt 0.179583 0.226653
vt 0.167186 0.221194
vt 0.174050 0.255566
vt 0.168422 0.249535
vt 0.164583 0.244558
vt 0.162299 0.241053
vt 0.162621 0.235870
vt 0.162624 0.227973
vt 0.162062 0.218436
vt 0.159943 0.206698
vt 0.167058 0.212390
vt 0.173595 0.215677
vt 0.180238 0.217841
vt 0.151886 0.249671
vt 0.156425 0.249840
vt 0.156766 0.256422
vt 0.150285 0.256178
vt 0.160981 0.248197
vt 0.163249 0.254240
vt 0.156947 0.263883
vt 0.147604 0.263872
vt 0.166347 0.261257
vt 0.150085 0.243178
vt 0.152605 0.243465
vt 0.148255 0.247237
vt 0.156093 0.243209
vt 0.159649 0.242229
vt 0.139973 0.260387
vt 0.145049 0.253080
vt 0.133848 0.233859
vt 0.139608 0.229888
vt 0.140391 0.238706
vt 0.134831 0.243076
vt 0.145042 0.225234
vt 0.145235 0.234209
vt 0.141932 0.246895
vt 0.136376 0.252511
vt 0.146160 0.241876
vt 0.126942 0.228244
vt 0.133077 0.225529
vt 0.127788 0.236697
vt 0.139061 0.221676
vt 0.145029 0.216656
vt 0.151660 0.208918
vt 0.149751 0.220978
vt 0.149327 0.230521
vt 0.149539 0.238245
vt 0.129464 0.256917
vt 0.128684 0.246250
vt 0.159177 0.235296
vt 0.155885 0.235745
vt 0.155792 0.227257
vt 0.158945 0.227028
vt 0.152690 0.236529
vt 0.152729 0.228302
vt 0.155778 0.217799
vt 0.158531 0.217530
vt 0.153079 0.218761
vt 0.153731 0.208363
vt 0.155802 0.207808
vt 0.157872 0.207253
vt 0.122063 0.257326
vt 0.115451 0.255845
vt 0.115704 0.247206
vt 0.122164 0.247451
vt 0.110056 0.254073
vt 0.109762 0.246341
vt 0.114923 0.238389
vt 0.121435 0.238142
vt 0.108477 0.237769
vt 0.105676 0.252923
vt 0.104647 0.245565
vt 0.102742 0.236858
vt 0.099096 0.227039
vt 0.107075 0.229583
vt 0.113966 0.230205
vt 0.120575 0.229775
vt 0.101853 0.253186
vt 0.098116 0.254102
vt 0.096871 0.245889
vt 0.100494 0.245420
vt 0.094268 0.255175
vt 0.093225 0.246975
vt 0.095363 0.236687
vt 0.098653 0.236522
vt 0.092085 0.237397
vt 0.090332 0.257177
vt 0.089095 0.249325
vt 0.088103 0.239519
vt 0.088339 0.226858
vt 0.091028 0.226903
vt 0.093718 0.226949
vt 0.096407 0.226994
vt 0.086148 0.261264
vt 0.081148 0.266954
vt 0.078358 0.258714
vt 0.084132 0.253454
vt 0.074999 0.273518
vt 0.071894 0.264176
vt 0.076424 0.249461
vt 0.082656 0.244116
vt 0.069862 0.254404
vt 0.067670 0.279760
vt 0.064896 0.268959
vt 0.063072 0.258508
vt 0.061658 0.249011
vt 0.068252 0.245297
vt 0.074748 0.240661
vt 0.081228 0.235053
vt 0.061853 0.330743
vt 0.052921 0.332276
vt 0.052863 0.321056
vt 0.061924 0.319118
vt 0.044950 0.333364
vt 0.044798 0.322597
vt 0.052642 0.309869
vt 0.061822 0.307492
vt 0.044544 0.311848
vt 0.061686 0.342682
vt 0.052842 0.343862
vt 0.044943 0.344546
vt 0.037730 0.344406
vt 0.037483 0.334167
vt 0.037236 0.323928
vt 0.036988 0.313688
vt 0.036741 0.303449
vt 0.044124 0.300669
vt 0.052112 0.298422
vt 0.061151 0.295667
vt 0.059374 0.283902
vt 0.051178 0.286569
vt 0.050062 0.274700
vt 0.057540 0.272406
vt 0.043457 0.288597
vt 0.042658 0.276231
vt 0.049016 0.263387
vt 0.056107 0.261504
vt 0.041839 0.264241
vt 0.036029 0.290415
vt 0.035318 0.277382
vt 0.034606 0.264348
vt 0.033894 0.251314
vt 0.041094 0.253762
vt 0.048076 0.253388
vt 0.054932 0.251736
vt 0.639801 0.232024
vt 0.636339 0.236752
vt 0.630473 0.232402
vt 0.632938 0.228599
vt 0.632402 0.240961
vt 0.627680 0.235816
vt 0.624611 0.228168
vt 0.626154 0.225130
vt 0.622895 0.230983
vt 0.650381 0.229252
vt 0.646848 0.235358
vt 0.642513 0.227029
vt 0.642204 0.241252
vt 0.636944 0.246506
vt 0.618125 0.226343
vt 0.618750 0.223996
vt 0.619375 0.221649
vt 0.627623 0.221912
vt 0.620000 0.219302
vt 0.634993 0.224545
vt 0.476013 0.230498
vt 0.479671 0.231452
vt 0.478826 0.233766
vt 0.475002 0.232491
vt 0.483843 0.232428
vt 0.483011 0.235005
vt 0.477947 0.236013
vt 0.474056 0.234524
vt 0.482111 0.237480
vt 0.473130 0.229396
vt 0.488163 0.233458
vt 0.487288 0.236223
vt 0.486345 0.238884
vt 0.485370 0.241449
vt 0.481186 0.239857
vt 0.477080 0.238190
vt 0.473214 0.236562
vt 0.470633 0.233050
vt 0.469749 0.235087
vt 0.471757 0.231116
vt 0.490461 0.240189
vt 0.491409 0.237416
vt 0.495247 0.238556
vt 0.494328 0.241375
vt 0.492294 0.234541
vt 0.496106 0.235628
vt 0.498705 0.239605
vt 0.497831 0.242433
vt 0.499524 0.236659
vt 0.489476 0.242874
vt 0.502469 0.237572
vt 0.501687 0.240527
vt 0.500853 0.243350
vt 0.496910 0.245192
vt 0.499970 0.246105
vt 0.493367 0.244118
vt 0.503329 0.244120
vt 0.504140 0.241299
vt 0.506186 0.241947
vt 0.505380 0.244771
vt 0.504904 0.238327
vt 0.506946 0.238953
vt 0.507989 0.242511
vt 0.507178 0.245334
vt 0.508752 0.239500
vt 0.502468 0.246869
vt 0.510480 0.240018
vt 0.509713 0.243029
vt 0.508896 0.245841
vt 0.506322 0.248067
vt 0.508031 0.248565
vt 0.504527 0.247512
vt 0.510713 0.246334
vt 0.511533 0.243543
vt 0.513667 0.244106
vt 0.512847 0.246881
vt 0.512298 0.240551
vt 0.514428 0.241135
vt 0.516343 0.244772
vt 0.515522 0.247561
vt 0.517104 0.241800
vt 0.509838 0.249048
vt 0.520558 0.242576
vt 0.519791 0.245596
vt 0.518966 0.248450
vt 0.514632 0.250317
vt 0.518077 0.251291
vt 0.511962 0.249601
vt 0.523304 0.249595
vt 0.524138 0.246609
vt 0.529114 0.247753
vt 0.528260 0.250917
vt 0.524925 0.243479
vt 0.529933 0.244469
vt 0.534350 0.248946
vt 0.533461 0.252308
vt 0.535212 0.245487
vt 0.522423 0.252579
vt 0.540390 0.246477
vt 0.539475 0.250106
vt 0.538532 0.253658
vt 0.532577 0.255680
vt 0.537611 0.257225
vt 0.527385 0.254087
vt 0.543178 0.254877
vt 0.544196 0.251168
vt 0.548531 0.252126
vt 0.547431 0.255962
vt 0.545173 0.247395
vt 0.549568 0.248237
vt 0.552575 0.252994
vt 0.551400 0.256927
vt 0.553662 0.249014
vt 0.542188 0.258614
vt 0.557540 0.249733
vt 0.556423 0.253781
vt 0.555199 0.257789
vt 0.550235 0.260922
vt 0.553969 0.261875
vt 0.546352 0.259841
vt 0.558991 0.258596
vt 0.560228 0.254528
vt 0.564370 0.255382
vt 0.563148 0.259527
vt 0.561347 0.250427
vt 0.565465 0.251212
vt 0.569288 0.256518
vt 0.568095 0.260791
vt 0.570336 0.252230
vt 0.557732 0.262757
vt 0.576404 0.253620
vt 0.575418 0.258112
vt 0.574259 0.262601
vt 0.566839 0.265173
vt 0.572999 0.267199
vt 0.561886 0.263775
vt 0.583916 0.255451
vt 0.592335 0.257508
vt 0.591528 0.262740
vt 0.583006 0.260259
vt 0.600933 0.259505
vt 0.600267 0.265257
vt 0.590431 0.268002
vt 0.581875 0.265079
vt 0.599226 0.271058
vt 0.584534 0.250568
vt 0.592785 0.252253
vt 0.601160 0.253801
vt 0.608978 0.261155
vt 0.608505 0.267511
vt 0.607558 0.273936
vt 0.606193 0.280358
vt 0.597876 0.276910
vt 0.589113 0.273348
vt 0.580592 0.270002
vt 0.466184 0.241238
vt 0.463909 0.241749
vt 0.463349 0.238594
vt 0.465866 0.238669
vt 0.461572 0.242768
vt 0.460923 0.238873
vt 0.463399 0.235551
vt 0.466100 0.236194
vt 0.460725 0.235057
vt 0.468568 0.241463
vt 0.459104 0.244072
vt 0.458529 0.239327
vt 0.457955 0.234583
vt 0.457380 0.229838
vt 0.461247 0.231535
vt 0.464051 0.232709
vt 0.466768 0.233836
vt 0.469061 0.237162
vt 0.468644 0.239296
vt 0.305778 0.066925
vt 0.307664 0.069149
vt 0.305848 0.071671
vt 0.303535 0.068872
vt 0.310351 0.070911
vt 0.308995 0.073825
vt 0.303988 0.074049
vt 0.300905 0.070798
vt 0.307713 0.076522
vt 0.306727 0.063270
vt 0.307715 0.064583
vt 0.305034 0.064251
vt 0.309480 0.066156
vt 0.311846 0.067519
vt 0.314636 0.068473
vt 0.313582 0.072087
vt 0.312707 0.075227
vt 0.311905 0.078134
vt 0.299288 0.066889
vt 0.302556 0.065512
vt 0.323653 0.071264
vt 0.324695 0.074146
vt 0.320873 0.075443
vt 0.320569 0.072293
vt 0.326120 0.077294
vt 0.321297 0.078552
vt 0.316760 0.075781
vt 0.317096 0.072557
vt 0.316477 0.078814
vt 0.324927 0.067592
vt 0.325979 0.069287
vt 0.323184 0.068260
vt 0.327653 0.071673
vt 0.330036 0.074657
vt 0.317643 0.068895
vt 0.320594 0.068797
vt 0.313623 0.050233
vt 0.312920 0.048998
vt 0.315535 0.047778
vt 0.315889 0.049338
vt 0.311772 0.048037
vt 0.314784 0.046610
vt 0.318091 0.047215
vt 0.318113 0.049066
vt 0.317757 0.045663
vt 0.312029 0.052696
vt 0.311395 0.051875
vt 0.313619 0.052038
vt 0.310254 0.051063
vt 0.308724 0.050283
vt 0.306963 0.048607
vt 0.310399 0.047117
vt 0.313835 0.045627
vt 0.317271 0.044137
vt 0.320707 0.042647
vt 0.320687 0.045519
vt 0.320598 0.047333
vt 0.320296 0.049299
vt 0.317657 0.051604
vt 0.319661 0.051932
vt 0.315634 0.051600
vt 0.324528 0.057328
vt 0.323947 0.060902
vt 0.321797 0.060529
vt 0.322651 0.056553
vt 0.323407 0.064723
vt 0.321051 0.064765
vt 0.319557 0.060207
vt 0.320656 0.055986
vt 0.318500 0.064663
vt 0.326331 0.055801
vt 0.326262 0.058090
vt 0.325204 0.054539
vt 0.325978 0.061460
vt 0.325472 0.064992
vt 0.315926 0.064262
vt 0.317317 0.059795
vt 0.318623 0.055532
vt 0.321652 0.052463
vt 0.323544 0.053303
vt 0.316622 0.055088
vt 0.315164 0.059206
vt 0.313119 0.058551
vt 0.314641 0.054771
vt 0.313504 0.063503
vt 0.311338 0.062506
vt 0.311167 0.057987
vt 0.312679 0.054692
vt 0.309472 0.061476
vt 0.307714 0.060839
vt 0.309247 0.057639
vt 0.310860 0.054669
vt 0.305693 0.061035
vt 0.303259 0.061715
vt 0.305148 0.057788
vt 0.307278 0.057593
vt 0.300326 0.062573
vt 0.302782 0.058133
vt 0.307591 0.054099
vt 0.309263 0.054404
vt 0.305679 0.053858
vt 0.296932 0.063522
vt 0.300276 0.058550
vt 0.303619 0.053579
vt 0.327315 0.066128
vt 0.327906 0.062310
vt 0.329876 0.063452
vt 0.329293 0.067927
vt 0.327945 0.058528
vt 0.329755 0.058926
vt 0.332015 0.064838
vt 0.331670 0.070188
vt 0.331806 0.059426
vt 0.327398 0.055291
vt 0.328937 0.054933
vt 0.330892 0.054664
vt 0.333888 0.053453
vt 0.334076 0.059904
vt 0.334263 0.066355
vt 0.334451 0.072805
vt 0.641244 0.252621
vt 0.648135 0.246017
vt 0.654498 0.251518
vt 0.645480 0.259842
vt 0.654297 0.238616
vt 0.662810 0.242060
vt 0.661679 0.258419
vt 0.650018 0.268735
vt 0.673016 0.246335
vt 0.634397 0.257731
vt 0.658896 0.231132
vt 0.668812 0.232680
vt 0.681310 0.233937
vt 0.702106 0.234778
vt 0.684378 0.254051
vt 0.669839 0.267818
vt 0.655997 0.279425
vt 0.639070 0.275894
vt 0.641412 0.289644
vt 0.636844 0.265938
vt 0.737148 0.156518
vt 0.741560 0.165749
vt 0.737046 0.166806
vt 0.733889 0.157053
vt 0.745994 0.174804
vt 0.739992 0.176323
vt 0.732318 0.167283
vt 0.730505 0.157264
vt 0.733712 0.177055
vt 0.734858 0.147340
vt 0.740216 0.155413
vt 0.732743 0.147263
vt 0.745642 0.164043
vt 0.751271 0.172559
vt 0.757214 0.180670
vt 0.750467 0.183470
vt 0.742607 0.185460
vt 0.734418 0.186481
vt 0.726683 0.186376
vt 0.727599 0.176936
vt 0.727566 0.167202
vt 0.726976 0.157239
vt 0.728514 0.147110
vt 0.726399 0.147033
vt 0.730629 0.147187
vt 0.044681 0.356550
vt 0.052633 0.356060
vt 0.052346 0.368729
vt 0.044295 0.369021
vt 0.061456 0.355170
vt 0.061196 0.368115
vt 0.052048 0.381640
vt 0.043901 0.381647
vt 0.060934 0.381346
vt 0.037187 0.356778
vt 0.071545 0.353796
vt 0.071244 0.367045
vt 0.070969 0.380603
vt 0.060700 0.394698
vt 0.051805 0.394612
vt 0.043610 0.394264
vt 0.036101 0.381521
vt 0.035558 0.393893
vt 0.036644 0.369150
vt 0.083149 0.351907
vt 0.095952 0.349648
vt 0.095425 0.363458
vt 0.082752 0.365445
vt 0.109498 0.347210
vt 0.108832 0.361281
vt 0.095025 0.377612
vt 0.082426 0.379310
vt 0.108348 0.375713
vt 0.123329 0.344784
vt 0.122542 0.359111
vt 0.121975 0.373818
vt 0.137073 0.342543
vt 0.150683 0.340596
vt 0.149727 0.355419
vt 0.136196 0.357125
vt 0.164197 0.339036
vt 0.163142 0.354069
vt 0.149004 0.370669
vt 0.135555 0.372109
vt 0.162304 0.369561
vt 0.177652 0.337955
vt 0.176448 0.353151
vt 0.175440 0.368846
vt 0.925618 0.335163
vt 0.921013 0.335228
vt 0.920308 0.325387
vt 0.925216 0.325992
vt 0.916014 0.334968
vt 0.915172 0.324627
vt 0.920005 0.315412
vt 0.925083 0.316734
vt 0.914766 0.314134
vt 0.929913 0.343269
vt 0.926455 0.344453
vt 0.929958 0.334896
vt 0.922094 0.345043
vt 0.917157 0.345184
vt 0.911594 0.344790
vt 0.910552 0.334291
vt 0.909747 0.323617
vt 0.909348 0.312790
vt 0.909526 0.301829
vt 0.914941 0.303463
vt 0.920223 0.305168
vt 0.925343 0.307088
vt 0.930049 0.318149
vt 0.930094 0.309775
vt 0.930004 0.326522
vt 0.926172 0.296723
vt 0.921047 0.294622
vt 0.922342 0.284202
vt 0.927361 0.286194
vt 0.915790 0.292673
vt 0.917178 0.282185
vt 0.923924 0.274484
vt 0.928726 0.276114
vt 0.918919 0.272514
vt 0.931200 0.298969
vt 0.910392 0.290832
vt 0.911822 0.280206
vt 0.913633 0.270436
vt 0.915643 0.262006
vt 0.920827 0.264192
vt 0.925654 0.266181
vt 0.930213 0.267528
vt 0.933411 0.277358
vt 0.934517 0.266552
vt 0.932306 0.288164
vt 0.931571 0.373689
vt 0.926371 0.374710
vt 0.925017 0.364809
vt 0.929819 0.363874
vt 0.920741 0.375305
vt 0.919721 0.365330
vt 0.923504 0.354909
vt 0.927995 0.354084
vt 0.918457 0.355297
vt 0.938829 0.382194
vt 0.932961 0.383484
vt 0.936600 0.372463
vt 0.927321 0.384609
vt 0.921317 0.385249
vt 0.914611 0.385134
vt 0.914390 0.375250
vt 0.913693 0.365249
vt 0.912700 0.355104
vt 0.932142 0.353000
vt 0.934371 0.362732
vt 0.862028 0.194640
vt 0.856212 0.191307
vt 0.858921 0.182523
vt 0.863110 0.185385
vt 0.850664 0.187525
vt 0.854942 0.179364
vt 0.861783 0.173442
vt 0.864377 0.175880
vt 0.859310 0.170855
vt 0.868529 0.206331
vt 0.861343 0.203524
vt 0.867703 0.197207
vt 0.853741 0.199644
vt 0.846442 0.195147
vt 0.840165 0.190488
vt 0.845797 0.183609
vt 0.851313 0.176098
vt 0.856855 0.168185
vt 0.862810 0.160147
vt 0.863765 0.162180
vt 0.864719 0.164213
vt 0.865674 0.166245
vt 0.867258 0.178092
vt 0.866628 0.168278
vt 0.867386 0.187761
vt 0.604985 0.341556
vt 0.611198 0.337592
vt 0.614458 0.343621
vt 0.607495 0.347346
vt 0.617438 0.333239
vt 0.621523 0.339649
vt 0.617458 0.350227
vt 0.609813 0.353512
vt 0.625350 0.346738
vt 0.597054 0.339532
vt 0.602240 0.336497
vt 0.598822 0.345235
vt 0.607749 0.332343
vt 0.613248 0.327660
vt 0.618610 0.322513
vt 0.623648 0.328483
vt 0.628687 0.335382
vt 0.633488 0.343051
vt 0.637811 0.351331
vt 0.628757 0.354371
vt 0.620032 0.357344
vt 0.611683 0.360141
vt 0.602358 0.356640
vt 0.604126 0.362342
vt 0.600590 0.350937
vt 0.629836 0.323245
vt 0.636292 0.317145
vt 0.643751 0.325515
vt 0.635998 0.330752
vt 0.643492 0.309759
vt 0.652351 0.319421
vt 0.650832 0.334888
vt 0.641907 0.339151
vt 0.660539 0.330085
vt 0.623784 0.316835
vt 0.628984 0.310192
vt 0.634532 0.301925
vt 0.652566 0.300977
vt 0.662404 0.312355
vt 0.671330 0.324582
vt 0.678983 0.337546
vt 0.667629 0.341533
vt 0.657094 0.345053
vt 0.647211 0.348265
vt 0.664760 0.291295
vt 0.678931 0.280485
vt 0.688278 0.295459
vt 0.674412 0.304294
vt 0.694618 0.268619
vt 0.703866 0.286294
vt 0.697100 0.311493
vt 0.683475 0.318304
vt 0.712309 0.304492
vt 0.712834 0.257645
vt 0.721493 0.277890
vt 0.729260 0.297727
vt 0.736036 0.316931
vt 0.719676 0.322533
vt 0.704831 0.327930
vt 0.691325 0.332982
vt 0.730620 0.217222
vt 0.732857 0.205513
vt 0.747020 0.203581
vt 0.749523 0.214517
vt 0.734187 0.195663
vt 0.744851 0.194264
vt 0.760721 0.200252
vt 0.767859 0.210166
vt 0.755134 0.191713
vt 0.714139 0.217010
vt 0.729847 0.232201
vt 0.720454 0.205443
vt 0.724437 0.195620
vt 0.763731 0.188266
vt 0.771681 0.195842
vt 0.782341 0.204177
vt 0.775446 0.223457
vt 0.801127 0.216023
vt 0.752874 0.228414
vt 0.243042 0.209031
vt 0.248942 0.213919
vt 0.246243 0.219156
vt 0.240435 0.212853
vt 0.255037 0.218872
vt 0.252376 0.225002
vt 0.243799 0.224113
vt 0.238015 0.216551
vt 0.249977 0.230717
vt 0.237171 0.204392
vt 0.261553 0.223529
vt 0.259042 0.230159
vt 0.256772 0.236282
vt 0.232402 0.208251
vt 0.234787 0.206322
vt 0.268640 0.227635
vt 0.276123 0.231451
vt 0.274278 0.238171
vt 0.266386 0.234484
vt 0.283752 0.235345
vt 0.282525 0.241483
vt 0.272608 0.244365
vt 0.264345 0.240777
vt 0.281406 0.247261
vt 0.291359 0.239495
vt 0.290947 0.244615
vt 0.290534 0.249735
vt 0.599106 0.332635
vt 0.595644 0.329366
vt 0.600141 0.324196
vt 0.604116 0.327996
vt 0.591762 0.326116
vt 0.595577 0.320467
vt 0.604540 0.318849
vt 0.609027 0.322971
vt 0.599470 0.314875
vt 0.594082 0.336990
vt 0.591110 0.334448
vt 0.588137 0.331906
vt 0.603186 0.309162
vt 0.608691 0.313225
vt 0.613712 0.317535
vt 0.471325 0.242652
vt 0.471838 0.240597
vt 0.475423 0.242389
vt 0.474591 0.244510
vt 0.472464 0.238573
vt 0.476241 0.240299
vt 0.479318 0.244408
vt 0.478319 0.246692
vt 0.480262 0.242149
vt 0.484386 0.243932
vt 0.483374 0.246384
vt 0.482302 0.248865
vt 0.486315 0.250751
vt 0.487428 0.248099
vt 0.491322 0.249532
vt 0.490184 0.252319
vt 0.488472 0.245493
vt 0.492373 0.246819
vt 0.494900 0.250715
vt 0.493751 0.253601
vt 0.495942 0.247933
vt 0.499032 0.248858
vt 0.498006 0.251677
vt 0.496854 0.254627
vt 0.499387 0.255433
vt 0.500538 0.252452
vt 0.502614 0.253088
vt 0.501464 0.256079
vt 0.501550 0.249622
vt 0.503619 0.250258
vt 0.504407 0.253635
vt 0.503251 0.256632
vt 0.505413 0.250807
vt 0.507110 0.251305
vt 0.506090 0.254144
vt 0.504918 0.257157
vt 0.506646 0.257728
vt 0.507848 0.254674
vt 0.509921 0.255320
vt 0.508687 0.258440
vt 0.508896 0.251803
vt 0.510999 0.252391
vt 0.512561 0.256186
vt 0.511305 0.259396
vt 0.513657 0.253173
vt 0.517108 0.254250
vt 0.516020 0.257377
vt 0.514766 0.260698
vt 0.519216 0.262405
vt 0.520436 0.258951
vt 0.525492 0.260797
vt 0.524321 0.264398
vt 0.521484 0.255684
vt 0.526486 0.257367
vt 0.530756 0.262756
vt 0.529625 0.266514
vt 0.531704 0.259151
vt 0.536732 0.260887
vt 0.535796 0.264671
vt 0.534674 0.268590
vt 0.539122 0.270493
vt 0.540282 0.266414
vt 0.544288 0.267964
vt 0.543056 0.272197
vt 0.541257 0.262455
vt 0.545339 0.263840
vt 0.547993 0.269333
vt 0.546676 0.273709
vt 0.549133 0.265060
vt 0.552792 0.266128
vt 0.551573 0.270530
vt 0.550176 0.275032
vt 0.553781 0.276225
vt 0.555237 0.271613
vt 0.559322 0.272838
vt 0.557814 0.277562
vt 0.556511 0.267104
vt 0.560639 0.268221
vt 0.564200 0.274510
vt 0.562626 0.279369
vt 0.565567 0.269757
vt 0.571683 0.271989
vt 0.570239 0.276935
vt 0.568566 0.281974
vt 0.579200 0.275089
vt 0.587618 0.278810
vt 0.585898 0.284348
vt 0.577637 0.280302
vt 0.596261 0.282802
vt 0.594351 0.288691
vt 0.583879 0.289899
vt 0.575815 0.285580
vt 0.592093 0.294521
vt 0.604453 0.286712
vt 0.602327 0.292951
vt 0.599794 0.299036
vt 0.471105 0.227874
vt 0.469217 0.229581
vt 0.467188 0.227871
vt 0.469575 0.225945
vt 0.467794 0.231607
vt 0.465334 0.230141
vt 0.465421 0.226001
vt 0.468254 0.223671
vt 0.462984 0.228590
vt 0.460576 0.226941
vt 0.463773 0.224044
vt 0.466969 0.221147
vt 0.326168 0.052852
vt 0.324443 0.051102
vt 0.325363 0.049711
vt 0.327404 0.051898
vt 0.322439 0.049953
vt 0.323050 0.048182
vt 0.326319 0.048774
vt 0.328893 0.051291
vt 0.323551 0.046744
vt 0.324002 0.045349
vt 0.327298 0.048050
vt 0.330593 0.050752
vt 0.600221 0.237210
vt 0.600535 0.242609
vt 0.592589 0.241583
vt 0.592151 0.236219
vt 0.600945 0.248155
vt 0.592839 0.246938
vt 0.584647 0.240374
vt 0.584057 0.235101
vt 0.584794 0.245539
vt 0.600138 0.231949
vt 0.583105 0.229758
vt 0.591622 0.230854
vt 0.618082 0.311615
vt 0.612455 0.307218
vt 0.615820 0.300713
vt 0.622229 0.304910
vt 0.606500 0.303171
vt 0.609363 0.296875
vt 0.618743 0.293621
vt 0.626170 0.297090
vt 0.611762 0.290281
vt 0.613652 0.283414
vt 0.620929 0.285985
vt 0.629148 0.288039
vt 0.629847 0.278305
vt 0.622120 0.277940
vt 0.622464 0.269874
vt 0.629287 0.269078
vt 0.614988 0.276327
vt 0.615757 0.269183
vt 0.622161 0.262177
vt 0.628137 0.260837
vt 0.615948 0.262160
vt 0.216271 0.149677
vt 0.215016 0.162807
vt 0.208068 0.162893
vt 0.209358 0.150543
vt 0.213756 0.176018
vt 0.206759 0.175391
vt 0.201194 0.162839
vt 0.202568 0.150733
vt 0.199789 0.175140
vt 0.224532 0.133716
vt 0.223267 0.148184
vt 0.217377 0.138379
vt 0.222002 0.162652
vt 0.220737 0.177119
vt 0.219472 0.191587
vt 0.212650 0.187563
vt 0.205556 0.186594
vt 0.198458 0.186368
vt 0.191456 0.186224
vt 0.192911 0.174923
vt 0.194436 0.162577
vt 0.195921 0.150444
vt 0.203807 0.140093
vt 0.197259 0.139784
vt 0.210512 0.139787
vt 0.628618 0.169766
vt 0.633564 0.180474
vt 0.627730 0.182104
vt 0.622938 0.171571
vt 0.638189 0.191402
vt 0.632192 0.192783
vt 0.622043 0.183714
vt 0.617064 0.172896
vt 0.626784 0.194600
vt 0.629189 0.158012
vt 0.634183 0.167693
vt 0.623981 0.160428
vt 0.639560 0.178806
vt 0.644673 0.190200
vt 0.648873 0.200718
vt 0.641851 0.201398
vt 0.635538 0.202313
vt 0.630202 0.203998
vt 0.627326 0.208473
vt 0.621882 0.196893
vt 0.616438 0.185314
vt 0.610994 0.173734
vt 0.612597 0.163673
vt 0.605550 0.162154
vt 0.618500 0.162470
vt 0.186171 0.174500
vt 0.179512 0.174150
vt 0.181326 0.161336
vt 0.187821 0.162060
vt 0.172858 0.174247
vt 0.174910 0.160471
vt 0.183107 0.148671
vt 0.189433 0.149817
vt 0.176943 0.146776
vt 0.184605 0.185822
vt 0.177833 0.185557
vt 0.171016 0.186165
vt 0.163795 0.190256
vt 0.166165 0.174896
vt 0.168534 0.159536
vt 0.170904 0.144176
vt 0.173273 0.128816
vt 0.178723 0.135109
vt 0.184688 0.137714
vt 0.190880 0.139085
vt 0.714609 0.154974
vt 0.719136 0.156387
vt 0.717993 0.164970
vt 0.712483 0.162183
vt 0.723191 0.157020
vt 0.722882 0.166518
vt 0.716304 0.173578
vt 0.710164 0.169792
vt 0.721927 0.175861
vt 0.713641 0.148626
vt 0.716831 0.148228
vt 0.708745 0.151674
vt 0.720020 0.147830
vt 0.723210 0.147431
vt 0.719930 0.184978
vt 0.713677 0.182088
vt 0.707190 0.177500
vt 0.702915 0.164176
vt 0.699733 0.171010
vt 0.705726 0.157545
vt 0.204829 0.131859
vt 0.205647 0.125663
vt 0.212180 0.125644
vt 0.211443 0.131673
vt 0.206297 0.120813
vt 0.212775 0.120817
vt 0.218815 0.125287
vt 0.218186 0.130775
vt 0.219352 0.120600
vt 0.198366 0.131533
vt 0.199251 0.125335
vt 0.199951 0.120516
vt 0.200499 0.116398
vt 0.206810 0.116657
vt 0.213248 0.116597
vt 0.219792 0.116298
vt 0.226473 0.115770
vt 0.225988 0.120257
vt 0.225503 0.124743
vt 0.225017 0.129230
vt 0.609364 0.157651
vt 0.606863 0.153471
vt 0.612064 0.150848
vt 0.614916 0.155728
vt 0.604681 0.149985
vt 0.609697 0.147035
vt 0.617056 0.148068
vt 0.620145 0.153311
vt 0.614532 0.144061
vt 0.603550 0.159077
vt 0.601550 0.156000
vt 0.599549 0.152923
vt 0.597549 0.149846
vt 0.602778 0.146775
vt 0.607686 0.143729
vt 0.612401 0.140680
vt 0.616911 0.137616
vt 0.619147 0.141060
vt 0.621803 0.145183
vt 0.625082 0.150622
vt 0.179989 0.127555
vt 0.180956 0.122321
vt 0.186924 0.123675
vt 0.185944 0.129590
vt 0.181783 0.117911
vt 0.187708 0.118989
vt 0.193014 0.124681
vt 0.192069 0.130838
vt 0.193757 0.119888
vt 0.174163 0.124795
vt 0.175053 0.120774
vt 0.175942 0.116753
vt 0.176832 0.112732
vt 0.182438 0.113778
vt 0.188313 0.114854
vt 0.194334 0.115769
vt 0.661876 0.125647
vt 0.657637 0.121239
vt 0.661845 0.117450
vt 0.665768 0.121498
vt 0.654464 0.117840
vt 0.658843 0.114253
vt 0.666055 0.113259
vt 0.669316 0.116741
vt 0.663389 0.110321
vt 0.663924 0.135558
vt 0.657886 0.129215
vt 0.667773 0.131575
vt 0.653538 0.124523
vt 0.650311 0.120942
vt 0.647632 0.117931
vt 0.651791 0.114959
vt 0.656218 0.111488
vt 0.660870 0.107660
vt 0.665815 0.103555
vt 0.668035 0.106205
vt 0.670254 0.108855
vt 0.672474 0.111505
vt 0.674214 0.121584
vt 0.674693 0.114155
vt 0.671347 0.126988
vt 0.207224 0.112625
vt 0.207602 0.108443
vt 0.213963 0.108337
vt 0.213624 0.112517
vt 0.208014 0.103909
vt 0.214337 0.103860
vt 0.220380 0.108016
vt 0.220111 0.112166
vt 0.220675 0.103680
vt 0.200937 0.112384
vt 0.201333 0.108195
vt 0.201758 0.103633
vt 0.202287 0.098499
vt 0.208534 0.098815
vt 0.214832 0.098836
vt 0.221111 0.098819
vt 0.227176 0.099413
vt 0.227000 0.103502
vt 0.226825 0.107592
vt 0.226649 0.111681
vt 0.601202 0.143584
vt 0.599781 0.140342
vt 0.604311 0.137204
vt 0.605930 0.140499
vt 0.598369 0.136986
vt 0.602709 0.133760
vt 0.608743 0.134090
vt 0.610510 0.137411
vt 0.606996 0.130639
vt 0.596375 0.146672
vt 0.595201 0.143498
vt 0.594027 0.140323
vt 0.592853 0.137149
vt 0.596816 0.133272
vt 0.601002 0.130027
vt 0.605166 0.126972
vt 0.609206 0.123999
vt 0.611158 0.127567
vt 0.613026 0.130983
vt 0.614910 0.134311
vt 0.182839 0.109568
vt 0.183127 0.105213
vt 0.189123 0.106458
vt 0.188757 0.110747
vt 0.183428 0.100642
vt 0.189509 0.101839
vt 0.195180 0.107499
vt 0.194784 0.111728
vt 0.195601 0.102899
vt 0.176997 0.108302
vt 0.177163 0.103872
vt 0.177328 0.099441
vt 0.177493 0.095011
vt 0.183877 0.095554
vt 0.190017 0.096668
vt 0.196128 0.097734
vt 0.649142 0.112186
vt 0.646377 0.109400
vt 0.650739 0.106187
vt 0.653550 0.108837
vt 0.643439 0.106555
vt 0.647747 0.103475
vt 0.655329 0.102658
vt 0.658174 0.105142
vt 0.652348 0.100132
vt 0.645016 0.115035
vt 0.642316 0.112133
vt 0.639472 0.109189
vt 0.636422 0.106168
vt 0.640264 0.103602
vt 0.644466 0.100624
vt 0.649032 0.097435
vt 0.654257 0.094393
vt 0.657147 0.096684
vt 0.660036 0.098974
vt 0.662926 0.101265
vt 0.209204 0.093069
vt 0.209951 0.087036
vt 0.216265 0.087098
vt 0.215503 0.093127
vt 0.210671 0.081204
vt 0.216997 0.081255
vt 0.222638 0.086912
vt 0.221814 0.093063
vt 0.223440 0.080889
vt 0.202963 0.092708
vt 0.203720 0.086632
vt 0.204460 0.080756
vt 0.205085 0.075565
vt 0.211259 0.076064
vt 0.217567 0.076155
vt 0.224042 0.075681
vt 0.230908 0.073782
vt 0.229975 0.080190
vt 0.229042 0.086598
vt 0.228109 0.093005
vt 0.594967 0.128905
vt 0.592990 0.124268
vt 0.597142 0.121681
vt 0.599113 0.125925
vt 0.591048 0.119747
vt 0.595234 0.117609
vt 0.601157 0.119086
vt 0.603188 0.123057
vt 0.599211 0.115305
vt 0.590811 0.131999
vt 0.588769 0.126849
vt 0.586726 0.121699
vt 0.584684 0.116549
vt 0.589323 0.115862
vt 0.593540 0.114067
vt 0.597485 0.111968
vt 0.601133 0.109783
vt 0.602930 0.112942
vt 0.604970 0.116502
vt 0.607109 0.120256
vt 0.184624 0.089605
vt 0.185516 0.083279
vt 0.191528 0.084677
vt 0.190715 0.090827
vt 0.186418 0.077082
vt 0.192347 0.078712
vt 0.197586 0.085826
vt 0.196812 0.091921
vt 0.198356 0.079931
vt 0.178510 0.088383
vt 0.179528 0.081755
vt 0.180545 0.075126
vt 0.181562 0.068498
vt 0.187224 0.071683
vt 0.193072 0.073481
vt 0.199026 0.074725
vt 0.636836 0.100523
vt 0.633355 0.097424
vt 0.637103 0.094490
vt 0.640844 0.097590
vt 0.630077 0.094445
vt 0.633549 0.091485
vt 0.640994 0.091289
vt 0.645130 0.094426
vt 0.636985 0.088210
vt 0.633153 0.103061
vt 0.629849 0.099966
vt 0.626742 0.097008
vt 0.624063 0.094315
vt 0.627261 0.091725
vt 0.630534 0.088750
vt 0.633613 0.085417
vt 0.635651 0.081515
vt 0.640303 0.084735
vt 0.644954 0.087954
vt 0.649606 0.091174
vt 0.211640 0.071981
vt 0.211848 0.068804
vt 0.217999 0.069180
vt 0.217880 0.072208
vt 0.211947 0.066255
vt 0.218020 0.066705
vt 0.224229 0.069349
vt 0.224244 0.072058
vt 0.224148 0.067004
vt 0.205523 0.071422
vt 0.205801 0.068187
vt 0.205966 0.065599
vt 0.206069 0.063394
vt 0.211997 0.064075
vt 0.218015 0.064545
vt 0.224075 0.064858
vt 0.230091 0.065032
vt 0.230295 0.067220
vt 0.230500 0.069407
vt 0.230704 0.071595
vt 0.588008 0.113213
vt 0.586927 0.111252
vt 0.591033 0.109174
vt 0.592165 0.111313
vt 0.585929 0.109544
vt 0.590028 0.107395
vt 0.594921 0.107085
vt 0.596077 0.109260
vt 0.593914 0.105283
vt 0.583697 0.114934
vt 0.582710 0.113318
vt 0.581723 0.111703
vt 0.580736 0.110087
vt 0.584958 0.107983
vt 0.589065 0.105826
vt 0.592956 0.103705
vt 0.596527 0.101668
vt 0.597484 0.103250
vt 0.598498 0.105041
vt 0.599678 0.107175
vt 0.187829 0.067832
vt 0.188307 0.064882
vt 0.194049 0.066204
vt 0.193632 0.069386
vt 0.188713 0.062303
vt 0.194361 0.063585
vt 0.199872 0.067317
vt 0.199525 0.070569
vt 0.200106 0.064699
vt 0.182085 0.065972
vt 0.182607 0.063447
vt 0.183130 0.060921
vt 0.183652 0.058395
vt 0.189012 0.059969
vt 0.194579 0.061309
vt 0.200263 0.062463
vt 0.625095 0.089371
vt 0.623461 0.087341
vt 0.626690 0.084410
vt 0.628311 0.086413
vt 0.622171 0.085561
vt 0.625393 0.082641
vt 0.629993 0.081246
vt 0.631466 0.083169
vt 0.628743 0.079484
vt 0.621979 0.091979
vt 0.620391 0.089957
vt 0.619136 0.088177
vt 0.618049 0.086562
vt 0.621047 0.083965
vt 0.624231 0.081071
vt 0.627553 0.077918
vt 0.631000 0.074408
vt 0.632163 0.076185
vt 0.633326 0.077962
vt 0.634488 0.079738
vt 0.212053 0.062021
vt 0.212148 0.059914
vt 0.218110 0.060398
vt 0.218039 0.062497
vt 0.212310 0.057588
vt 0.218244 0.058068
vt 0.224124 0.060779
vt 0.224074 0.062825
vt 0.224218 0.058557
vt 0.206158 0.061328
vt 0.206274 0.059224
vt 0.206460 0.056923
vt 0.206754 0.054266
vt 0.212570 0.054863
vt 0.218473 0.055235
vt 0.224405 0.055705
vt 0.230234 0.057198
vt 0.230198 0.059157
vt 0.230163 0.061115
vt 0.230127 0.063074
vt 0.583977 0.106526
vt 0.582952 0.105037
vt 0.586990 0.102746
vt 0.588071 0.104334
vt 0.581850 0.103343
vt 0.585770 0.100860
vt 0.590833 0.100570
vt 0.591954 0.102197
vt 0.589525 0.098622
vt 0.579776 0.108739
vt 0.578817 0.107390
vt 0.577857 0.106042
vt 0.576897 0.104693
vt 0.580611 0.101012
vt 0.584349 0.098391
vt 0.587960 0.096143
vt 0.591345 0.094116
vt 0.593014 0.096572
vt 0.594377 0.098519
vt 0.595521 0.100152
vt 0.189145 0.057841
vt 0.189217 0.055755
vt 0.194841 0.057062
vt 0.194717 0.059190
vt 0.189339 0.053532
vt 0.195035 0.054745
vt 0.200514 0.058251
vt 0.200382 0.060372
vt 0.200719 0.055935
vt 0.183634 0.056395
vt 0.183616 0.054395
vt 0.183598 0.052395
vt 0.183580 0.050395
vt 0.189691 0.050773
vt 0.195404 0.051992
vt 0.201054 0.053254
vt 0.619929 0.082470
vt 0.618707 0.080916
vt 0.621779 0.078228
vt 0.623055 0.079652
vt 0.617285 0.079121
vt 0.620318 0.076604
vt 0.624985 0.075416
vt 0.626308 0.076628
vt 0.623535 0.074079
vt 0.616977 0.085022
vt 0.615807 0.083397
vt 0.614436 0.081512
vt 0.612761 0.079189
vt 0.615562 0.076902
vt 0.618537 0.074550
vt 0.621745 0.072302
vt 0.625523 0.070682
vt 0.626892 0.071614
vt 0.628262 0.072545
vt 0.629631 0.073477
vt 0.212937 0.051629
vt 0.213337 0.048047
vt 0.219162 0.047742
vt 0.218810 0.051711
vt 0.213666 0.044350
vt 0.219384 0.043674
vt 0.225128 0.047020
vt 0.224746 0.051658
vt 0.225380 0.042313
vt 0.207179 0.051152
vt 0.207683 0.047722
vt 0.208195 0.044176
vt 0.208645 0.040713
vt 0.213812 0.040765
vt 0.219217 0.039819
vt 0.224932 0.037939
vt 0.232106 0.034978
vt 0.231638 0.040533
vt 0.231170 0.046088
vt 0.230702 0.051643
vt 0.579177 0.097512
vt 0.577643 0.093334
vt 0.580913 0.091207
vt 0.582697 0.095124
vt 0.576104 0.088843
vt 0.579127 0.086843
vt 0.584091 0.089210
vt 0.586107 0.092978
vt 0.582074 0.084979
vt 0.575612 0.100114
vt 0.574327 0.095536
vt 0.573042 0.090957
vt 0.571757 0.086378
vt 0.574629 0.083990
vt 0.577459 0.082108
vt 0.580219 0.080405
vt 0.582874 0.078812
vt 0.584908 0.083226
vt 0.587125 0.087337
vt 0.589334 0.091012
vt 0.190493 0.046999
vt 0.191544 0.042724
vt 0.196849 0.044888
vt 0.196027 0.048632
vt 0.192728 0.038413
vt 0.197809 0.041078
vt 0.202207 0.046623
vt 0.201563 0.050098
vt 0.202934 0.043052
vt 0.184921 0.045370
vt 0.186262 0.040344
vt 0.187603 0.035319
vt 0.188944 0.030293
vt 0.194305 0.034492
vt 0.198954 0.037510
vt 0.203705 0.039606
vt 0.613453 0.074134
vt 0.610971 0.070941
vt 0.613723 0.068822
vt 0.616325 0.071906
vt 0.608143 0.067505
vt 0.610787 0.065508
vt 0.616558 0.066695
vt 0.619342 0.069723
vt 0.613538 0.063506
vt 0.610704 0.076313
vt 0.608286 0.073010
vt 0.605553 0.069467
vt 0.602549 0.065869
vt 0.604989 0.064001
vt 0.607472 0.062106
vt 0.610117 0.060222
vt 0.613357 0.058458
vt 0.616399 0.061514
vt 0.619440 0.064570
vt 0.622482 0.067626
vt 0.573282 0.078625
vt 0.572112 0.073082
vt 0.574884 0.072046
vt 0.576021 0.077085
vt 0.571219 0.067665
vt 0.574151 0.067289
vt 0.577456 0.071051
vt 0.578663 0.075651
vt 0.576653 0.066948
vt 0.570494 0.080265
vt 0.569231 0.074153
vt 0.567967 0.068040
vt 0.566704 0.061927
vt 0.571016 0.062700
vt 0.574066 0.063050
vt 0.576472 0.063508
vt 0.578069 0.064011
vt 0.578738 0.066383
vt 0.579803 0.069996
vt 0.581173 0.074278
vt 0.601567 0.060610
vt 0.598121 0.057552
vt 0.599876 0.055638
vt 0.603766 0.058752
vt 0.594903 0.055064
vt 0.596036 0.052995
vt 0.601662 0.053603
vt 0.606044 0.056867
vt 0.597257 0.050631
vt 0.599367 0.062407
vt 0.596285 0.059287
vt 0.593621 0.056727
vt 0.591827 0.055082
vt 0.591977 0.053428
vt 0.592368 0.051141
vt 0.592981 0.048427
vt 0.593598 0.044555
vt 0.598538 0.048031
vt 0.603478 0.051507
vt 0.608417 0.054982
vt 0.591841 0.057901
vt 0.594266 0.060817
vt 0.592143 0.062221
vt 0.589805 0.058942
vt 0.597102 0.064115
vt 0.594795 0.065740
vt 0.590020 0.063589
vt 0.587784 0.060074
vt 0.592486 0.067293
vt 0.590100 0.055322
vt 0.600082 0.067681
vt 0.597594 0.069431
vt 0.595110 0.071115
vt 0.592658 0.072729
vt 0.590213 0.068776
vt 0.587944 0.064924
vt 0.585840 0.061281
vt 0.585848 0.056812
vt 0.583890 0.057955
vt 0.587941 0.055904
vt 0.597809 0.074965
vt 0.600381 0.073198
vt 0.603038 0.076877
vt 0.600452 0.078691
vt 0.602965 0.071366
vt 0.605646 0.074988
vt 0.605458 0.080290
vt 0.602902 0.082125
vt 0.608049 0.078362
vt 0.595260 0.076667
vt 0.610100 0.081302
vt 0.607534 0.083257
vt 0.605018 0.085099
vt 0.600354 0.083897
vt 0.602507 0.086876
vt 0.597882 0.080442
vt 0.606704 0.087504
vt 0.609197 0.085658
vt 0.610527 0.087608
vt 0.608040 0.089452
vt 0.611756 0.083681
vt 0.613096 0.085613
vt 0.611641 0.089277
vt 0.609147 0.091117
vt 0.614230 0.087272
vt 0.604221 0.089277
vt 0.615268 0.088831
vt 0.612657 0.090838
vt 0.610150 0.092669
vt 0.606685 0.092873
vt 0.607683 0.094413
vt 0.605573 0.091219
vt 0.611174 0.094263
vt 0.613696 0.092446
vt 0.614896 0.094193
vt 0.612350 0.095990
vt 0.616326 0.090449
vt 0.617551 0.092217
vt 0.616399 0.096152
vt 0.613814 0.097923
vt 0.619094 0.094209
vt 0.608692 0.095995
vt 0.621106 0.096503
vt 0.618349 0.098396
vt 0.615700 0.100135
vt 0.611255 0.099641
vt 0.613067 0.101858
vt 0.609840 0.097712
vt 0.618086 0.102673
vt 0.620827 0.100973
vt 0.623685 0.103815
vt 0.620829 0.105479
vt 0.623678 0.099142
vt 0.626653 0.102046
vt 0.626713 0.106828
vt 0.623727 0.108468
vt 0.629812 0.105105
vt 0.615350 0.104411
vt 0.632938 0.108209
vt 0.629702 0.109916
vt 0.626579 0.111555
vt 0.620724 0.110266
vt 0.623432 0.113395
vt 0.617966 0.107243
vt 0.629231 0.114672
vt 0.632490 0.113003
vt 0.635103 0.116091
vt 0.631719 0.117818
vt 0.635858 0.111270
vt 0.638592 0.114292
vt 0.637615 0.119199
vt 0.634122 0.121009
vt 0.641205 0.117302
vt 0.625946 0.116559
vt 0.643764 0.120327
vt 0.640100 0.122347
vt 0.636523 0.124263
vt 0.630600 0.123016
vt 0.632918 0.126344
vt 0.628305 0.119761
vt 0.639071 0.127701
vt 0.642706 0.125656
vt 0.645895 0.129650
vt 0.642197 0.131876
vt 0.646417 0.123485
vt 0.649644 0.127271
vt 0.650203 0.134955
vt 0.646401 0.137445
vt 0.654003 0.132268
vt 0.635406 0.129871
vt 0.660057 0.139063
vt 0.656167 0.142198
vt 0.652180 0.145067
vt 0.642511 0.139907
vt 0.648023 0.147771
vt 0.638455 0.134167
vt 0.668106 0.147955
vt 0.677409 0.158101
vt 0.673169 0.162589
vt 0.664069 0.151704
vt 0.686967 0.168372
vt 0.682472 0.173671
vt 0.668505 0.166585
vt 0.659790 0.155084
vt 0.677353 0.178339
vt 0.671963 0.143822
vt 0.681272 0.153202
vt 0.690859 0.162623
vt 0.695778 0.177639
vt 0.690983 0.183766
vt 0.685364 0.189119
vt 0.678938 0.193429
vt 0.671592 0.182196
vt 0.663374 0.170007
vt 0.655209 0.158115
vt 0.577155 0.060708
vt 0.574818 0.059487
vt 0.576219 0.056521
vt 0.578451 0.058390
vt 0.572040 0.058539
vt 0.573757 0.054912
vt 0.578039 0.054056
vt 0.580116 0.056500
vt 0.575796 0.051660
vt 0.579030 0.062499
vt 0.568937 0.057674
vt 0.571170 0.053420
vt 0.573403 0.049167
vt 0.575636 0.044913
vt 0.578285 0.049152
vt 0.580248 0.052166
vt 0.582063 0.054988
vt 0.582079 0.059255
vt 0.580440 0.060765
vt 0.200754 0.026391
vt 0.203041 0.028485
vt 0.201732 0.031491
vt 0.198906 0.028858
vt 0.206036 0.029971
vt 0.205269 0.033303
vt 0.200314 0.034388
vt 0.196642 0.031417
vt 0.204489 0.036422
vt 0.200977 0.022346
vt 0.202196 0.023599
vt 0.199503 0.023648
vt 0.204222 0.025023
vt 0.206803 0.026143
vt 0.209743 0.026767
vt 0.209476 0.030746
vt 0.209240 0.034222
vt 0.208982 0.037457
vt 0.194295 0.027477
vt 0.197289 0.025406
vt 0.219372 0.028389
vt 0.221026 0.031244
vt 0.217470 0.033180
vt 0.216513 0.029916
vt 0.223082 0.034308
vt 0.218486 0.036383
vt 0.213411 0.034175
vt 0.213086 0.030716
vt 0.213695 0.037435
vt 0.219801 0.024398
vt 0.221233 0.026014
vt 0.218224 0.025327
vt 0.223419 0.028260
vt 0.226435 0.031000
vt 0.212826 0.026781
vt 0.215757 0.026252
vt 0.205190 0.007648
vt 0.204356 0.006398
vt 0.206762 0.004973
vt 0.207232 0.006524
vt 0.203139 0.005425
vt 0.206031 0.003884
vt 0.209209 0.004266
vt 0.209329 0.006070
vt 0.208954 0.002868
vt 0.204071 0.010412
vt 0.203320 0.009598
vt 0.205473 0.009552
vt 0.202073 0.008805
vt 0.200413 0.007979
vt 0.198230 0.005911
vt 0.201699 0.004462
vt 0.205168 0.003012
vt 0.208637 0.001563
vt 0.212106 0.000113
vt 0.211852 0.002616
vt 0.211660 0.004239
vt 0.211449 0.006139
vt 0.209231 0.008703
vt 0.211184 0.008849
vt 0.207314 0.008894
vt 0.216961 0.013879
vt 0.217231 0.017615
vt 0.215015 0.017492
vt 0.214948 0.013287
vt 0.217609 0.021629
vt 0.215271 0.021986
vt 0.212734 0.017436
vt 0.212888 0.012924
vt 0.212708 0.022227
vt 0.218379 0.012157
vt 0.218841 0.014485
vt 0.217001 0.010977
vt 0.219369 0.017956
vt 0.219721 0.021644
vt 0.210082 0.022152
vt 0.210463 0.017286
vt 0.210845 0.012680
vt 0.213169 0.009202
vt 0.215140 0.009877
vt 0.208861 0.012440
vt 0.208279 0.016931
vt 0.206206 0.016491
vt 0.206931 0.012328
vt 0.207569 0.021670
vt 0.205284 0.020897
vt 0.204240 0.016135
vt 0.205057 0.012464
vt 0.203290 0.020054
vt 0.201466 0.019618
vt 0.202331 0.016007
vt 0.203315 0.012644
vt 0.199522 0.020113
vt 0.197238 0.021207
vt 0.198329 0.016687
vt 0.200401 0.016209
vt 0.194476 0.022604
vt 0.196027 0.017349
vt 0.200017 0.012371
vt 0.201721 0.012541
vt 0.198054 0.012231
vt 0.191266 0.024198
vt 0.193587 0.018102
vt 0.195909 0.012007
vt 0.221800 0.022596
vt 0.221459 0.018630
vt 0.223637 0.019611
vt 0.224151 0.024216
vt 0.220591 0.014789
vt 0.222435 0.015062
vt 0.226019 0.020831
vt 0.226992 0.026248
vt 0.224503 0.015434
vt 0.219319 0.011571
vt 0.220754 0.011132
vt 0.222565 0.010770
vt 0.224949 0.009372
vt 0.226738 0.015774
vt 0.228528 0.022175
vt 0.230317 0.028577
vt 0.169638 0.194173
vt 0.176416 0.194469
vt 0.175243 0.201669
vt 0.168536 0.200146
vt 0.183224 0.195089
vt 0.182040 0.202881
vt 0.174280 0.208375
vt 0.167601 0.205779
vt 0.181043 0.210152
vt 0.162832 0.194367
vt 0.190156 0.195581
vt 0.189014 0.203534
vt 0.188009 0.210981
vt 0.160906 0.202588
vt 0.161869 0.198477
vt 0.197281 0.195619
vt 0.204547 0.195490
vt 0.203671 0.202800
vt 0.196235 0.203450
vt 0.211873 0.195610
vt 0.211261 0.201826
vt 0.202815 0.209649
vt 0.195268 0.210781
vt 0.210628 0.207728
vt 0.219200 0.196143
vt 0.218928 0.200699
vt 0.218656 0.205255
vt 0.629129 0.218475
vt 0.630386 0.214692
vt 0.637351 0.215492
vt 0.636534 0.220276
vt 0.631039 0.210241
vt 0.637167 0.209740
vt 0.644776 0.216249
vt 0.644222 0.221893
vt 0.644037 0.209595
vt 0.621832 0.216595
vt 0.623663 0.213888
vt 0.625495 0.211180
vt 0.651621 0.209492
vt 0.652797 0.216798
vt 0.652388 0.223198
vt 0.580515 0.065230
vt 0.582224 0.063840
vt 0.583950 0.067505
vt 0.581939 0.068791
vt 0.583990 0.062522
vt 0.585932 0.066220
vt 0.585783 0.071565
vt 0.583531 0.072922
vt 0.587992 0.070192
vt 0.590249 0.074275
vt 0.587847 0.075782
vt 0.585405 0.077283
vt 0.587607 0.081554
vt 0.590201 0.079928
vt 0.592693 0.083841
vt 0.589982 0.085559
vt 0.592736 0.078311
vt 0.595310 0.082148
vt 0.595122 0.087379
vt 0.592327 0.089159
vt 0.597778 0.085637
vt 0.599951 0.088631
vt 0.597285 0.090400
vt 0.594440 0.092217
vt 0.596165 0.094649
vt 0.599030 0.092814
vt 0.600417 0.094750
vt 0.597553 0.096588
vt 0.601689 0.091035
vt 0.603060 0.092971
vt 0.601556 0.096389
vt 0.598700 0.098224
vt 0.604185 0.094617
vt 0.605184 0.096148
vt 0.602558 0.097914
vt 0.599706 0.099744
vt 0.600670 0.101325
vt 0.603535 0.099492
vt 0.604607 0.101236
vt 0.601707 0.103093
vt 0.606177 0.097725
vt 0.607288 0.099450
vt 0.605893 0.103245
vt 0.602932 0.105165
vt 0.608641 0.101406
vt 0.610361 0.103680
vt 0.607514 0.105615
vt 0.604460 0.107653
vt 0.606363 0.110626
vt 0.609543 0.108408
vt 0.611860 0.111529
vt 0.608531 0.113963
vt 0.612522 0.106324
vt 0.614993 0.109267
vt 0.614298 0.114848
vt 0.610811 0.117496
vt 0.617595 0.112406
vt 0.620148 0.115638
vt 0.616691 0.118231
vt 0.613049 0.121057
vt 0.615133 0.124513
vt 0.618916 0.121575
vt 0.621026 0.124888
vt 0.617120 0.127880
vt 0.622517 0.118881
vt 0.624751 0.122138
vt 0.623116 0.128208
vt 0.619110 0.131208
vt 0.626942 0.125435
vt 0.629184 0.128796
vt 0.625285 0.131569
vt 0.621201 0.134548
vt 0.623518 0.138051
vt 0.627666 0.135116
vt 0.630538 0.139417
vt 0.626289 0.142274
vt 0.631619 0.132357
vt 0.634583 0.136689
vt 0.634218 0.145146
vt 0.629766 0.147875
vt 0.638460 0.142476
vt 0.643636 0.150400
vt 0.639024 0.152977
vt 0.634202 0.155512
vt 0.650289 0.160822
vt 0.657767 0.172814
vt 0.651816 0.175116
vt 0.645088 0.163270
vt 0.665215 0.185128
vt 0.658431 0.187290
vt 0.645691 0.177063
vt 0.639692 0.165535
vt 0.651498 0.188907
vt 0.671775 0.196515
vt 0.664154 0.198570
vt 0.656410 0.199877
vt 0.589240 0.052860
vt 0.586645 0.053072
vt 0.585775 0.050323
vt 0.588947 0.050314
vt 0.584245 0.053821
vt 0.582851 0.050936
vt 0.585141 0.047544
vt 0.588960 0.047578
vt 0.581509 0.047963
vt 0.580127 0.044824
vt 0.584617 0.044734
vt 0.589108 0.044645
vt 0.217628 0.009222
vt 0.215660 0.007610
vt 0.216455 0.006233
vt 0.218717 0.008235
vt 0.213575 0.006624
vt 0.214086 0.004905
vt 0.217443 0.005367
vt 0.220128 0.007612
vt 0.214678 0.003615
vt 0.215317 0.002428
vt 0.218528 0.004743
vt 0.221738 0.007057
vt 0.700506 0.145130
vt 0.697331 0.150698
vt 0.688080 0.142541
vt 0.691170 0.136991
vt 0.694221 0.156630
vt 0.684806 0.147979
vt 0.679050 0.134269
vt 0.681967 0.128737
vt 0.675659 0.139279
vt 0.703904 0.140008
vt 0.684430 0.122773
vt 0.694167 0.131391
vt 0.661265 0.224048
vt 0.661489 0.216926
vt 0.670773 0.216359
vt 0.671250 0.224277
vt 0.659817 0.209094
vt 0.668328 0.208082
vt 0.680402 0.214719
vt 0.682620 0.223515
vt 0.676790 0.206128
vt 0.684776 0.202861
vt 0.689629 0.211279
vt 0.694458 0.220162
vt 0.704145 0.212213
vt 0.697714 0.205542
vt 0.704443 0.198263
vt 0.711354 0.202906
vt 0.691906 0.198034
vt 0.698057 0.191940
vt 0.709758 0.190355
vt 0.716508 0.193880
vt 0.703168 0.184987
vt 0.138819 0.158862
vt 0.139629 0.170942
vt 0.133969 0.172431
vt 0.133125 0.160890
vt 0.140501 0.183063
vt 0.134892 0.184058
vt 0.128266 0.173777
vt 0.127378 0.162255
vt 0.129220 0.185420
vt 0.143665 0.143064
vt 0.144466 0.156222
vt 0.138178 0.148522
vt 0.145266 0.169381
vt 0.146067 0.182539
vt 0.146867 0.195697
vt 0.141425 0.193511
vt 0.135829 0.194363
vt 0.130139 0.195954
vt 0.124352 0.197627
vt 0.123476 0.186807
vt 0.122516 0.174903
vt 0.121593 0.163140
vt 0.126660 0.152085
vt 0.120832 0.152742
vt 0.132456 0.150836
vt 0.772967 0.122814
vt 0.770353 0.133094
vt 0.764351 0.129325
vt 0.767356 0.119883
vt 0.767484 0.143476
vt 0.761113 0.138821
vt 0.758280 0.125342
vt 0.761800 0.116446
vt 0.754608 0.134257
vt 0.780285 0.115507
vt 0.778467 0.125305
vt 0.775088 0.113819
vt 0.776227 0.136535
vt 0.773758 0.147918
vt 0.771253 0.158174
vt 0.764595 0.152777
vt 0.757945 0.147193
vt 0.751163 0.141936
vt 0.743782 0.138600
vt 0.747980 0.129927
vt 0.752178 0.121254
vt 0.756376 0.112580
vt 0.764650 0.108780
vt 0.760574 0.103907
vt 0.769781 0.111664
vt 0.117668 0.187980
vt 0.111854 0.189222
vt 0.110904 0.176388
vt 0.116723 0.175758
vt 0.106103 0.190915
vt 0.105079 0.176865
vt 0.109933 0.163665
vt 0.115783 0.163673
vt 0.104027 0.162879
vt 0.118474 0.199048
vt 0.112591 0.200616
vt 0.106829 0.203074
vt 0.101620 0.209067
vt 0.100436 0.193166
vt 0.099252 0.177264
vt 0.098067 0.161363
vt 0.096883 0.145461
vt 0.103137 0.150943
vt 0.109107 0.152615
vt 0.114989 0.153018
vt 0.849026 0.158405
vt 0.851643 0.162302
vt 0.845274 0.168925
vt 0.842566 0.163871
vt 0.854255 0.165411
vt 0.848127 0.172777
vt 0.838756 0.175193
vt 0.836031 0.169329
vt 0.841898 0.179695
vt 0.853076 0.150889
vt 0.855510 0.153204
vt 0.846109 0.152452
vt 0.857943 0.155518
vt 0.860377 0.157833
vt 0.835432 0.185907
vt 0.831960 0.180781
vt 0.829267 0.174269
vt 0.833369 0.161292
vt 0.826870 0.165534
vt 0.839718 0.156678
vt 0.126188 0.144181
vt 0.125914 0.138193
vt 0.131798 0.137690
vt 0.132033 0.143281
vt 0.125765 0.133461
vt 0.131663 0.133201
vt 0.137670 0.136933
vt 0.137837 0.141721
vt 0.137563 0.132870
vt 0.120321 0.144624
vt 0.120020 0.138457
vt 0.119858 0.133602
vt 0.119761 0.129419
vt 0.125665 0.129359
vt 0.131555 0.129207
vt 0.137451 0.129034
vt 0.143404 0.129003
vt 0.143469 0.132518
vt 0.143535 0.136034
vt 0.143600 0.139549
vt 0.766230 0.103576
vt 0.767105 0.099841
vt 0.772336 0.101008
vt 0.771377 0.105512
vt 0.767725 0.096686
vt 0.772934 0.097453
vt 0.777451 0.101967
vt 0.776544 0.106984
vt 0.777989 0.098127
vt 0.761199 0.101234
vt 0.761823 0.098560
vt 0.762448 0.095887
vt 0.763072 0.093213
vt 0.768211 0.093700
vt 0.773340 0.094300
vt 0.778327 0.094840
vt 0.783077 0.095232
vt 0.782794 0.098643
vt 0.782332 0.102700
vt 0.781544 0.108092
vt 0.102592 0.143195
vt 0.102251 0.137794
vt 0.108197 0.138299
vt 0.108544 0.144364
vt 0.102003 0.133221
vt 0.107984 0.133450
vt 0.114117 0.138510
vt 0.114446 0.144754
vt 0.113934 0.133591
vt 0.096587 0.141292
vt 0.096292 0.137123
vt 0.095996 0.132954
vt 0.095700 0.128785
vt 0.101843 0.128941
vt 0.107861 0.129164
vt 0.113830 0.129343
vt 0.821431 0.107864
vt 0.820580 0.102121
vt 0.825100 0.101184
vt 0.826016 0.106458
vt 0.820114 0.097804
vt 0.824570 0.097104
vt 0.829616 0.100002
vt 0.830426 0.104455
vt 0.829082 0.096301
vt 0.817983 0.117219
vt 0.816807 0.108827
vt 0.822864 0.115824
vt 0.816122 0.102812
vt 0.815767 0.098352
vt 0.815581 0.094626
vt 0.819853 0.094150
vt 0.824245 0.093545
vt 0.828698 0.092869
vt 0.833104 0.092220
vt 0.833614 0.095451
vt 0.834124 0.098682
vt 0.834634 0.101913
vt 0.832009 0.110836
vt 0.835144 0.105144
vt 0.827617 0.113818
vt 0.125553 0.125330
vt 0.125410 0.121068
vt 0.131240 0.121010
vt 0.131417 0.125224
vt 0.125229 0.116327
vt 0.131022 0.116360
vt 0.137058 0.120924
vt 0.137276 0.125073
vt 0.136810 0.116481
vt 0.119668 0.125333
vt 0.119556 0.121024
vt 0.119414 0.116238
vt 0.119229 0.110717
vt 0.125000 0.110847
vt 0.130748 0.110956
vt 0.136502 0.111288
vt 0.142337 0.112661
vt 0.142604 0.116747
vt 0.142871 0.120832
vt 0.143137 0.124918
vt 0.768609 0.090571
vt 0.768978 0.087281
vt 0.774007 0.087736
vt 0.773679 0.091112
vt 0.769363 0.083785
vt 0.774358 0.084070
vt 0.778882 0.088124
vt 0.778607 0.091572
vt 0.779185 0.084380
vt 0.763472 0.090006
vt 0.763873 0.086798
vt 0.764273 0.083591
vt 0.764673 0.080383
vt 0.769818 0.079765
vt 0.774775 0.079924
vt 0.779546 0.080211
vt 0.784075 0.080416
vt 0.783777 0.084580
vt 0.783530 0.088362
vt 0.783306 0.091875
vt 0.101797 0.124616
vt 0.101799 0.120146
vt 0.107743 0.120500
vt 0.107792 0.124931
vt 0.101798 0.115407
vt 0.107685 0.115662
vt 0.113665 0.120817
vt 0.113749 0.125188
vt 0.113562 0.115984
vt 0.095772 0.124282
vt 0.095843 0.119780
vt 0.095915 0.115277
vt 0.095986 0.110774
vt 0.101756 0.109980
vt 0.107589 0.110111
vt 0.113421 0.110432
vt 0.819642 0.090517
vt 0.819416 0.086713
vt 0.823740 0.086257
vt 0.823991 0.089982
vt 0.819133 0.082659
vt 0.823440 0.082285
vt 0.828167 0.085780
vt 0.828418 0.089383
vt 0.827886 0.081999
vt 0.815425 0.090936
vt 0.815243 0.087090
vt 0.815001 0.083020
vt 0.814666 0.078658
vt 0.818750 0.078267
vt 0.823031 0.077899
vt 0.827487 0.077730
vt 0.832190 0.078372
vt 0.832419 0.081834
vt 0.832647 0.085296
vt 0.832876 0.088758
vt 0.124720 0.104509
vt 0.124417 0.097783
vt 0.130046 0.097827
vt 0.130412 0.104618
vt 0.124127 0.091284
vt 0.129693 0.091243
vt 0.135644 0.097762
vt 0.136095 0.104813
vt 0.135204 0.090852
vt 0.118999 0.104351
vt 0.118746 0.097606
vt 0.118504 0.091091
vt 0.118306 0.085417
vt 0.123885 0.085635
vt 0.129403 0.085583
vt 0.134846 0.084972
vt 0.140118 0.082615
vt 0.140673 0.090127
vt 0.141228 0.097638
vt 0.141782 0.105150
vt 0.770403 0.074827
vt 0.771051 0.069491
vt 0.775841 0.070199
vt 0.775282 0.075193
vt 0.771695 0.064274
vt 0.776396 0.065385
vt 0.780467 0.070755
vt 0.779985 0.075572
vt 0.780946 0.066140
vt 0.765426 0.074543
vt 0.766179 0.068703
vt 0.766931 0.062863
vt 0.767684 0.057023
vt 0.772264 0.059828
vt 0.776889 0.061234
vt 0.781374 0.062111
vt 0.785603 0.062630
vt 0.785248 0.066588
vt 0.784847 0.071106
vt 0.784441 0.075833
vt 0.101633 0.103380
vt 0.101473 0.096259
vt 0.107264 0.096827
vt 0.107440 0.103679
vt 0.101321 0.089285
vt 0.107099 0.090189
vt 0.113026 0.097284
vt 0.113234 0.104045
vt 0.112828 0.090754
vt 0.095827 0.103202
vt 0.095668 0.095631
vt 0.095508 0.088059
vt 0.095349 0.080487
vt 0.101234 0.083311
vt 0.106985 0.084458
vt 0.112673 0.085069
vt 0.818242 0.073515
vt 0.817667 0.068661
vt 0.821837 0.067919
vt 0.822475 0.073012
vt 0.817101 0.064036
vt 0.821205 0.063024
vt 0.826152 0.067078
vt 0.826871 0.072587
vt 0.825437 0.061697
vt 0.814221 0.073998
vt 0.813716 0.069278
vt 0.813219 0.064797
vt 0.812800 0.060854
vt 0.816621 0.059975
vt 0.820671 0.058774
vt 0.824832 0.057071
vt 0.828889 0.053999
vt 0.829714 0.060092
vt 0.830540 0.066186
vt 0.831365 0.072279
vt 0.123718 0.081298
vt 0.123615 0.078076
vt 0.129100 0.078297
vt 0.129213 0.081368
vt 0.123555 0.075613
vt 0.129032 0.075901
vt 0.134559 0.078400
vt 0.134657 0.081108
vt 0.134494 0.076139
vt 0.118174 0.081036
vt 0.118099 0.077767
vt 0.118060 0.075273
vt 0.118037 0.073215
vt 0.123519 0.073573
vt 0.128992 0.073868
vt 0.134453 0.074105
vt 0.139888 0.074256
vt 0.139946 0.076346
vt 0.140003 0.078436
vt 0.140061 0.080525
vt 0.772678 0.056885
vt 0.773002 0.054785
vt 0.777580 0.055747
vt 0.777279 0.058097
vt 0.773287 0.052990
vt 0.777823 0.053843
vt 0.781973 0.056509
vt 0.781714 0.058948
vt 0.782168 0.054549
vt 0.768008 0.055368
vt 0.768332 0.053714
vt 0.768655 0.052059
vt 0.768979 0.050404
vt 0.773541 0.051344
vt 0.778023 0.052163
vt 0.782314 0.052838
vt 0.786314 0.053316
vt 0.786221 0.055053
vt 0.786080 0.057036
vt 0.785879 0.059488
vt 0.101276 0.079287
vt 0.101386 0.076386
vt 0.106978 0.076953
vt 0.106953 0.080143
vt 0.101510 0.073930
vt 0.107026 0.074434
vt 0.112551 0.077403
vt 0.112586 0.080683
vt 0.112547 0.074881
vt 0.095567 0.078120
vt 0.095785 0.075753
vt 0.096003 0.073385
vt 0.096221 0.071018
vt 0.101601 0.071719
vt 0.107064 0.072288
vt 0.112548 0.072786
vt 0.816280 0.056722
vt 0.816037 0.054152
vt 0.820024 0.052959
vt 0.820294 0.055489
vt 0.815827 0.052047
vt 0.819779 0.050870
vt 0.824176 0.051572
vt 0.824446 0.053911
vt 0.823920 0.049539
vt 0.812505 0.057667
vt 0.812300 0.055123
vt 0.812130 0.053028
vt 0.811941 0.051187
vt 0.815586 0.050209
vt 0.819479 0.049035
vt 0.823578 0.047699
vt 0.827935 0.046157
vt 0.828174 0.048117
vt 0.828412 0.050078
vt 0.828651 0.052039
vt 0.123491 0.071656
vt 0.123464 0.069674
vt 0.128943 0.069962
vt 0.128966 0.071945
vt 0.123432 0.067469
vt 0.128908 0.067744
vt 0.134430 0.070234
vt 0.134437 0.072179
vt 0.134412 0.068110
vt 0.118015 0.071287
vt 0.117994 0.069309
vt 0.117978 0.067131
vt 0.117970 0.064606
vt 0.123387 0.064870
vt 0.128841 0.065025
vt 0.134341 0.065358
vt 0.139955 0.066750
vt 0.139938 0.068627
vt 0.139922 0.070503
vt 0.139905 0.072380
vt 0.773769 0.049761
vt 0.773996 0.048128
vt 0.778367 0.048772
vt 0.778194 0.050525
vt 0.774262 0.046306
vt 0.778582 0.046734
vt 0.782536 0.049340
vt 0.782428 0.051162
vt 0.782667 0.047199
vt 0.769250 0.048927
vt 0.769522 0.047451
vt 0.769793 0.045974
vt 0.770064 0.044497
vt 0.774700 0.043948
vt 0.778907 0.044176
vt 0.782853 0.044557
vt 0.786519 0.044899
vt 0.786460 0.047577
vt 0.786417 0.049756
vt 0.786374 0.051611
vt 0.101615 0.069661
vt 0.101598 0.067621
vt 0.107066 0.068236
vt 0.107071 0.070275
vt 0.101602 0.065448
vt 0.107085 0.066014
vt 0.112530 0.068816
vt 0.112539 0.070823
vt 0.112536 0.066618
vt 0.096174 0.069005
vt 0.096128 0.066992
vt 0.096081 0.064979
vt 0.096034 0.062966
vt 0.101717 0.062795
vt 0.107175 0.063389
vt 0.112576 0.064071
vt 0.815265 0.048447
vt 0.814879 0.046591
vt 0.818569 0.045509
vt 0.819067 0.047301
vt 0.814456 0.044475
vt 0.818032 0.043490
vt 0.822401 0.044351
vt 0.823042 0.046019
vt 0.821730 0.042533
vt 0.811691 0.049412
vt 0.811389 0.047531
vt 0.811058 0.045376
vt 0.810720 0.042782
vt 0.814025 0.041925
vt 0.817482 0.041022
vt 0.821045 0.040248
vt 0.824674 0.040158
vt 0.825489 0.041658
vt 0.826305 0.043158
vt 0.827120 0.044657
vt 0.123319 0.061771
vt 0.123200 0.058341
vt 0.128508 0.057789
vt 0.128716 0.061623
vt 0.122996 0.054819
vt 0.128160 0.053880
vt 0.133894 0.056895
vt 0.134161 0.061418
vt 0.133493 0.052323
vt 0.117971 0.061642
vt 0.117972 0.058381
vt 0.117959 0.055021
vt 0.117920 0.051761
vt 0.122658 0.051437
vt 0.127507 0.050230
vt 0.132528 0.048157
vt 0.138695 0.044909
vt 0.139010 0.050369
vt 0.139325 0.055830
vt 0.139640 0.061290
vt 0.775484 0.040627
vt 0.776465 0.036753
vt 0.780058 0.037135
vt 0.779404 0.040927
vt 0.777542 0.032643
vt 0.780852 0.033001
vt 0.783518 0.037502
vt 0.783127 0.041291
vt 0.784057 0.033349
vt 0.771434 0.040434
vt 0.772803 0.036370
vt 0.774173 0.032307
vt 0.775542 0.028243
vt 0.778723 0.028310
vt 0.781800 0.028633
vt 0.784775 0.028978
vt 0.787619 0.029260
vt 0.787116 0.033625
vt 0.786800 0.037792
vt 0.786617 0.041603
vt 0.102061 0.059240
vt 0.102540 0.055239
vt 0.107676 0.056689
vt 0.107374 0.060214
vt 0.103129 0.051201
vt 0.108087 0.053103
vt 0.112809 0.057793
vt 0.112666 0.061079
vt 0.113008 0.054421
vt 0.096717 0.058290
vt 0.097399 0.053615
vt 0.098082 0.048939
vt 0.098764 0.044263
vt 0.104133 0.047480
vt 0.108708 0.049727
vt 0.113279 0.051172
vt 0.813597 0.038819
vt 0.813121 0.035236
vt 0.816327 0.034374
vt 0.816930 0.037944
vt 0.812529 0.031307
vt 0.815606 0.030484
vt 0.819611 0.033483
vt 0.820345 0.037112
vt 0.818790 0.029633
vt 0.810385 0.039631
vt 0.810009 0.036005
vt 0.809537 0.032035
vt 0.808914 0.027851
vt 0.811748 0.027150
vt 0.814658 0.026357
vt 0.817712 0.025563
vt 0.821196 0.025006
vt 0.822066 0.028794
vt 0.822935 0.032582
vt 0.823805 0.036370
vt 0.780046 0.023700
vt 0.781489 0.019059
vt 0.784197 0.019780
vt 0.782920 0.024144
vt 0.783080 0.014645
vt 0.785643 0.015821
vt 0.786725 0.020407
vt 0.785688 0.024564
vt 0.787837 0.016826
vt 0.777111 0.023271
vt 0.778681 0.018299
vt 0.780250 0.013326
vt 0.781819 0.008354
vt 0.785064 0.010885
vt 0.787405 0.012564
vt 0.789169 0.014061
vt 0.790258 0.015231
vt 0.789786 0.017440
vt 0.789094 0.020831
vt 0.788321 0.024889
vt 0.810731 0.022917
vt 0.809539 0.018918
vt 0.811882 0.017934
vt 0.813400 0.022089
vt 0.808229 0.015485
vt 0.810155 0.014188
vt 0.814314 0.016833
vt 0.816158 0.021214
vt 0.812296 0.012686
vt 0.808112 0.023623
vt 0.807226 0.019674
vt 0.806382 0.016365
vt 0.805761 0.014209
vt 0.806697 0.012894
vt 0.808131 0.011177
vt 0.809955 0.009230
vt 0.812411 0.006353
vt 0.814607 0.011016
vt 0.816804 0.015680
vt 0.819000 0.020343
vt 0.804378 0.016592
vt 0.804880 0.020124
vt 0.802517 0.020377
vt 0.802228 0.016571
vt 0.805507 0.024147
vt 0.802928 0.024515
vt 0.800178 0.020562
vt 0.800035 0.016611
vt 0.800397 0.024772
vt 0.804245 0.013668
vt 0.806117 0.028398
vt 0.803361 0.028802
vt 0.800659 0.029090
vt 0.798024 0.029289
vt 0.797936 0.024948
vt 0.797897 0.020714
vt 0.797869 0.016726
vt 0.800004 0.013061
vt 0.797813 0.013128
vt 0.802188 0.013221
vt 0.800938 0.033365
vt 0.803745 0.033047
vt 0.804074 0.037095
vt 0.801217 0.037447
vt 0.806611 0.032611
vt 0.806998 0.036622
vt 0.804361 0.040800
vt 0.801485 0.041185
vt 0.807315 0.040291
vt 0.798188 0.033592
vt 0.807597 0.043480
vt 0.804618 0.044019
vt 0.801729 0.044428
vt 0.798648 0.041471
vt 0.798875 0.044736
vt 0.798407 0.037704
vt 0.801941 0.047080
vt 0.804856 0.046658
vt 0.805072 0.048838
vt 0.802122 0.049262
vt 0.807873 0.046101
vt 0.808137 0.048273
vt 0.805261 0.050730
vt 0.802273 0.051152
vt 0.808375 0.050164
vt 0.799063 0.047400
vt 0.808572 0.051944
vt 0.805419 0.052509
vt 0.802399 0.052926
vt 0.799332 0.051471
vt 0.799428 0.053236
vt 0.799213 0.049585
vt 0.802504 0.054759
vt 0.805546 0.054348
vt 0.805665 0.056426
vt 0.802602 0.056829
vt 0.808725 0.053785
vt 0.808865 0.055870
vt 0.805804 0.058923
vt 0.802705 0.059314
vt 0.809036 0.058386
vt 0.799509 0.055059
vt 0.809280 0.061520
vt 0.805991 0.062020
vt 0.802829 0.062390
vt 0.799636 0.059594
vt 0.799688 0.062664
vt 0.799577 0.057118
vt 0.802982 0.066162
vt 0.806245 0.065822
vt 0.806537 0.070134
vt 0.803150 0.070436
vt 0.809623 0.065379
vt 0.810028 0.069760
vt 0.806829 0.074684
vt 0.803312 0.074944
vt 0.810437 0.074383
vt 0.799734 0.066434
vt 0.810796 0.078965
vt 0.807082 0.079204
vt 0.803450 0.079419
vt 0.799805 0.075204
vt 0.799825 0.079659
vt 0.799774 0.070705
vt 0.803545 0.083650
vt 0.807266 0.083477
vt 0.807386 0.087511
vt 0.803595 0.087647
vt 0.811063 0.083285
vt 0.811247 0.087344
vt 0.807452 0.091368
vt 0.803600 0.091478
vt 0.811374 0.091207
vt 0.799831 0.083854
vt 0.811466 0.094933
vt 0.807476 0.095110
vt 0.803561 0.095211
vt 0.799763 0.091595
vt 0.799670 0.095291
vt 0.799814 0.087808
vt 0.803487 0.099047
vt 0.807485 0.098934
vt 0.807565 0.103582
vt 0.803430 0.103730
vt 0.811565 0.098718
vt 0.811786 0.103288
vt 0.807814 0.109931
vt 0.803452 0.110136
vt 0.812262 0.109501
vt 0.799529 0.099104
vt 0.813126 0.118215
vt 0.808332 0.118856
vt 0.803614 0.119145
vt 0.799166 0.110136
vt 0.798985 0.119082
vt 0.799354 0.103764
vt 0.814463 0.129878
vt 0.816171 0.143284
vt 0.810327 0.144596
vt 0.809188 0.130817
vt 0.818100 0.156818
vt 0.811665 0.158561
vt 0.804495 0.145141
vt 0.803964 0.131215
vt 0.805185 0.159300
vt 0.819750 0.128413
vt 0.821960 0.141241
vt 0.824403 0.154136
vt 0.820100 0.168862
vt 0.813116 0.171078
vt 0.806014 0.172069
vt 0.798894 0.171723
vt 0.798749 0.158967
vt 0.798741 0.144883
vt 0.798831 0.131058
vt 0.790959 0.012213
vt 0.789604 0.010217
vt 0.792117 0.008623
vt 0.793076 0.011022
vt 0.787776 0.008283
vt 0.790869 0.006393
vt 0.794783 0.007581
vt 0.795342 0.010314
vt 0.794078 0.004914
vt 0.791703 0.014501
vt 0.785646 0.006294
vt 0.789473 0.004234
vt 0.793299 0.002173
vt 0.797126 0.000113
vt 0.797338 0.004117
vt 0.797535 0.007096
vt 0.797699 0.009989
vt 0.795686 0.013352
vt 0.793635 0.013795
vt 0.109271 0.039484
vt 0.111559 0.041129
vt 0.110621 0.043971
vt 0.107787 0.041897
vt 0.114445 0.042183
vt 0.114031 0.045266
vt 0.109608 0.046744
vt 0.105954 0.044450
vt 0.113631 0.048178
vt 0.109137 0.035846
vt 0.110373 0.036835
vt 0.107881 0.037169
vt 0.112371 0.037910
vt 0.114851 0.038677
vt 0.117608 0.038980
vt 0.117668 0.042580
vt 0.117755 0.045747
vt 0.117846 0.048726
vt 0.103428 0.041183
vt 0.105992 0.038992
vt 0.126528 0.039708
vt 0.128282 0.042198
vt 0.125191 0.044184
vt 0.124033 0.041281
vt 0.130448 0.044880
vt 0.126440 0.047064
vt 0.121566 0.045376
vt 0.120968 0.042259
vt 0.122159 0.048349
vt 0.126622 0.036085
vt 0.128060 0.037456
vt 0.125244 0.037022
vt 0.130250 0.039364
vt 0.133243 0.041679
vt 0.120430 0.038737
vt 0.123062 0.038032
vt 0.111881 0.022239
vt 0.110966 0.021162
vt 0.113139 0.019458
vt 0.113737 0.020935
vt 0.109702 0.020391
vt 0.112319 0.018384
vt 0.115412 0.018417
vt 0.115701 0.020245
vt 0.115011 0.016866
vt 0.111052 0.024890
vt 0.110267 0.024245
vt 0.112316 0.023952
vt 0.109009 0.023689
vt 0.107348 0.023203
vt 0.105052 0.021856
vt 0.108219 0.019678
vt 0.111386 0.017499
vt 0.114553 0.015321
vt 0.117720 0.013142
vt 0.117742 0.016209
vt 0.117735 0.018093
vt 0.117715 0.020077
vt 0.115830 0.022750
vt 0.117683 0.022686
vt 0.114019 0.023140
vt 0.123331 0.026835
vt 0.123811 0.030171
vt 0.121785 0.030226
vt 0.121453 0.026443
vt 0.124423 0.033745
vt 0.122319 0.034239
vt 0.119703 0.030362
vt 0.119546 0.026276
vt 0.120002 0.034663
vt 0.124539 0.025197
vt 0.125099 0.027263
vt 0.123196 0.024209
vt 0.125795 0.030339
vt 0.126358 0.033620
vt 0.117591 0.034819
vt 0.117608 0.030423
vt 0.117643 0.026232
vt 0.119554 0.022844
vt 0.121414 0.023322
vt 0.115766 0.026201
vt 0.115549 0.030300
vt 0.113567 0.030099
vt 0.113930 0.026294
vt 0.115230 0.034606
vt 0.113040 0.034122
vt 0.111685 0.029975
vt 0.112161 0.026615
vt 0.111107 0.033563
vt 0.109365 0.033367
vt 0.109875 0.030066
vt 0.110523 0.026969
vt 0.107598 0.034029
vt 0.105578 0.035276
vt 0.106193 0.031159
vt 0.108084 0.030472
vt 0.103152 0.036856
vt 0.104109 0.032055
vt 0.107388 0.027139
vt 0.109008 0.027065
vt 0.105526 0.027308
vt 0.100336 0.038661
vt 0.101908 0.033060
vt 0.103480 0.027458
vt 0.128349 0.034360
vt 0.127783 0.030834
vt 0.129897 0.031626
vt 0.130653 0.035704
vt 0.126752 0.027444
vt 0.128518 0.027622
vt 0.132233 0.032644
vt 0.133444 0.037404
vt 0.130525 0.027918
vt 0.125386 0.024613
vt 0.126724 0.024150
vt 0.128449 0.023791
vt 0.130709 0.022649
vt 0.132706 0.028214
vt 0.134702 0.033779
vt 0.136699 0.039344
vt 0.106953 0.211270
vt 0.112985 0.209484
vt 0.113186 0.216603
vt 0.106795 0.217392
vt 0.119047 0.208042
vt 0.119486 0.215538
vt 0.113422 0.223170
vt 0.106677 0.223117
vt 0.119943 0.222475
vt 0.100989 0.213560
vt 0.125058 0.206494
vt 0.125658 0.213952
vt 0.126252 0.220902
vt 0.099727 0.222546
vt 0.100358 0.218053
vt 0.130951 0.204509
vt 0.136732 0.202368
vt 0.137591 0.208822
vt 0.131680 0.211664
vt 0.142426 0.200479
vt 0.143441 0.205646
vt 0.138390 0.214890
vt 0.132374 0.218360
vt 0.144396 0.210572
vt 0.148065 0.199002
vt 0.149264 0.202308
vt 0.150462 0.205613
vt 0.743051 0.153385
vt 0.745709 0.150613
vt 0.752202 0.158174
vt 0.749144 0.161581
vt 0.748312 0.147062
vt 0.755041 0.153550
vt 0.758908 0.165541
vt 0.755506 0.169573
vt 0.761822 0.160080
vt 0.737089 0.145155
vt 0.739320 0.142970
vt 0.741551 0.140785
vt 0.768789 0.166310
vt 0.765970 0.172479
vt 0.762282 0.177120
vt 0.791734 0.017406
vt 0.793739 0.017118
vt 0.793531 0.020933
vt 0.791347 0.020972
vt 0.795777 0.016886
vt 0.795696 0.020838
vt 0.793198 0.025113
vt 0.790808 0.025065
vt 0.795553 0.025066
vt 0.795455 0.029419
vt 0.792906 0.029470
vt 0.790314 0.029423
vt 0.790009 0.033778
vt 0.792779 0.033812
vt 0.792796 0.037970
vt 0.789877 0.037947
vt 0.795485 0.033744
vt 0.795619 0.037883
vt 0.792899 0.041782
vt 0.789858 0.041767
vt 0.795806 0.041676
vt 0.795998 0.044962
vt 0.793028 0.045086
vt 0.789893 0.045075
vt 0.789931 0.047766
vt 0.793136 0.047774
vt 0.793214 0.049970
vt 0.789958 0.049959
vt 0.796153 0.047640
vt 0.796271 0.049831
vt 0.793267 0.051850
vt 0.789968 0.051831
vt 0.796359 0.051714
vt 0.796423 0.053469
vt 0.793295 0.053592
vt 0.789955 0.053557
vt 0.789913 0.055320
vt 0.793301 0.055379
vt 0.793275 0.057403
vt 0.789831 0.057323
vt 0.796470 0.055276
vt 0.796497 0.057320
vt 0.793210 0.059862
vt 0.789696 0.059777
vt 0.796498 0.059787
vt 0.796468 0.062863
vt 0.793095 0.062954
vt 0.789496 0.062892
vt 0.789228 0.066787
vt 0.792926 0.066792
vt 0.792723 0.071154
vt 0.788919 0.071224
vt 0.796406 0.066657
vt 0.796321 0.070960
vt 0.792513 0.075733
vt 0.788605 0.075874
vt 0.796227 0.075485
vt 0.796136 0.079947
vt 0.792321 0.080223
vt 0.788320 0.080407
vt 0.788090 0.084567
vt 0.792164 0.084385
vt 0.792027 0.088247
vt 0.787899 0.088386
vt 0.796057 0.084120
vt 0.795978 0.088027
vt 0.791889 0.091905
vt 0.787720 0.091970
vt 0.795881 0.091755
vt 0.795749 0.095387
vt 0.791727 0.095453
vt 0.787528 0.095423
vt 0.787283 0.098958
vt 0.791510 0.099104
vt 0.791176 0.103537
vt 0.786886 0.103213
vt 0.795563 0.099135
vt 0.795299 0.103708
vt 0.790655 0.109548
vt 0.786228 0.108936
vt 0.794931 0.109943
vt 0.794436 0.118674
vt 0.789877 0.117933
vt 0.785197 0.116872
vt 0.793805 0.130343
vt 0.793106 0.143808
vt 0.787532 0.141992
vt 0.788806 0.129110
vt 0.792422 0.157533
vt 0.786180 0.155112
vt 0.781933 0.139535
vt 0.783728 0.127414
vt 0.779974 0.151857
vt 0.791839 0.169983
vt 0.784874 0.167005
vt 0.778009 0.162999
vt 0.804748 0.011283
vt 0.802493 0.010380
vt 0.803088 0.007881
vt 0.805739 0.009131
vt 0.800109 0.009987
vt 0.800326 0.007205
vt 0.803879 0.005527
vt 0.807060 0.007002
vt 0.800618 0.004479
vt 0.800947 0.001673
vt 0.804769 0.003233
vt 0.808590 0.004793
vt 0.123677 0.022551
vt 0.121748 0.021159
vt 0.122393 0.019733
vt 0.124644 0.021549
vt 0.119742 0.020362
vt 0.120073 0.018559
vt 0.123250 0.018718
vt 0.125951 0.020873
vt 0.120498 0.017036
vt 0.120967 0.015519
vt 0.124215 0.017896
vt 0.127462 0.020272
vt 0.842530 0.142965
vt 0.836526 0.146776
vt 0.833210 0.135299
vt 0.838685 0.131740
vt 0.830519 0.150652
vt 0.827641 0.138526
vt 0.830109 0.123803
vt 0.834985 0.120486
vt 0.824998 0.126417
vt 0.848593 0.139453
vt 0.839627 0.116580
vt 0.844110 0.128017
vt 0.769698 0.184053
vt 0.773528 0.178748
vt 0.781712 0.184197
vt 0.778295 0.190528
vt 0.776051 0.171897
vt 0.783591 0.176574
vt 0.790544 0.188562
vt 0.788577 0.196529
vt 0.791345 0.180079
vt 0.799198 0.182079
vt 0.799635 0.191032
vt 0.800181 0.200401
vt 0.811242 0.199290
vt 0.808533 0.190952
vt 0.816961 0.188837
vt 0.820633 0.195709
vt 0.807026 0.182325
vt 0.814713 0.180962
vt 0.824743 0.185375
vt 0.828513 0.191221
vt 0.822151 0.178220
vt 0.817832 0.208129
vt 0.834177 0.196618
vt 0.827109 0.202319
vt 0.064771 0.194896
vt 0.067016 0.201113
vt 0.061860 0.203683
vt 0.059689 0.197648
vt 0.069342 0.207468
vt 0.064130 0.209958
vt 0.056609 0.206190
vt 0.054482 0.200173
vt 0.058813 0.212513
vt 0.067391 0.185344
vt 0.069756 0.191927
vt 0.062764 0.189387
vt 0.072122 0.198509
vt 0.074487 0.205092
vt 0.076852 0.211674
vt 0.071735 0.213454
vt 0.066418 0.216054
vt 0.060974 0.218787
vt 0.055393 0.221427
vt 0.053369 0.215021
vt 0.051240 0.208612
vt 0.049151 0.202547
vt 0.052561 0.194825
vt 0.047248 0.197171
vt 0.057745 0.192291
vt 0.901724 0.193873
vt 0.896988 0.195626
vt 0.894508 0.189456
vt 0.899316 0.188236
vt 0.892071 0.197217
vt 0.889549 0.190480
vt 0.892155 0.183135
vt 0.897151 0.182472
vt 0.887069 0.183643
vt 0.908684 0.197087
vt 0.904350 0.199274
vt 0.906067 0.192114
vt 0.899652 0.201523
vt 0.894771 0.203680
vt 0.889889 0.205591
vt 0.887185 0.198483
vt 0.884720 0.191107
vt 0.882264 0.183707
vt 0.879224 0.176902
vt 0.884546 0.176823
vt 0.889868 0.176745
vt 0.895189 0.176666
vt 0.901633 0.181683
vt 0.900511 0.176587
vt 0.903678 0.186940
vt 0.047799 0.217395
vt 0.042179 0.219699
vt 0.040165 0.213163
vt 0.045748 0.210936
vt 0.036602 0.222026
vt 0.034532 0.215304
vt 0.038127 0.206929
vt 0.043700 0.204823
vt 0.032432 0.208776
vt 0.049681 0.223847
vt 0.043940 0.226144
vt 0.038325 0.228502
vt 0.033340 0.231449
vt 0.031108 0.224424
vt 0.028875 0.217398
vt 0.026643 0.210373
vt 0.024410 0.203347
vt 0.030538 0.203054
vt 0.036263 0.201446
vt 0.041821 0.199414
vt 0.935280 0.253414
vt 0.933510 0.257294
vt 0.929268 0.254842
vt 0.931225 0.250634
vt 0.931823 0.261658
vt 0.927430 0.259795
vt 0.924757 0.252338
vt 0.926886 0.247953
vt 0.922762 0.257580
vt 0.940714 0.252866
vt 0.939165 0.256288
vt 0.937265 0.249504
vt 0.937616 0.259709
vt 0.936066 0.263131
vt 0.917711 0.255244
vt 0.919866 0.249845
vt 0.922179 0.245345
vt 0.929228 0.243934
vt 0.924720 0.241282
vt 0.933395 0.246645
vt 0.050937 0.190398
vt 0.049559 0.186716
vt 0.054747 0.184300
vt 0.056122 0.187919
vt 0.048343 0.183499
vt 0.053510 0.181089
vt 0.059865 0.181788
vt 0.061191 0.185210
vt 0.058627 0.178634
vt 0.045639 0.192727
vt 0.044282 0.189042
vt 0.043094 0.185840
vt 0.041994 0.182845
vt 0.047205 0.180478
vt 0.052329 0.178034
vt 0.057406 0.175551
vt 0.062499 0.173102
vt 0.063722 0.176163
vt 0.064945 0.179223
vt 0.066168 0.182284
vt 0.905123 0.180721
vt 0.908058 0.179681
vt 0.910573 0.184356
vt 0.907382 0.185646
vt 0.910788 0.178603
vt 0.913461 0.183044
vt 0.913191 0.188898
vt 0.909862 0.190463
vt 0.916192 0.187358
vt 0.903056 0.175764
vt 0.905602 0.174942
vt 0.908147 0.174119
vt 0.910692 0.173296
vt 0.913407 0.177399
vt 0.916180 0.181642
vt 0.918992 0.185778
vt 0.921847 0.189677
vt 0.918994 0.191440
vt 0.915921 0.193218
vt 0.912521 0.195078
vt 0.029083 0.198840
vt 0.027883 0.195469
vt 0.033431 0.193431
vt 0.034719 0.197032
vt 0.026786 0.192397
vt 0.032296 0.190271
vt 0.038903 0.191285
vt 0.040236 0.194963
vt 0.037740 0.188092
vt 0.023353 0.200397
vt 0.022296 0.197448
vt 0.021238 0.194498
vt 0.020181 0.191548
vt 0.025749 0.189423
vt 0.031246 0.187291
vt 0.036669 0.185109
vt 0.942266 0.225912
vt 0.944345 0.223432
vt 0.947526 0.225504
vt 0.945634 0.227909
vt 0.946195 0.221167
vt 0.949230 0.223318
vt 0.950688 0.227311
vt 0.948996 0.229548
vt 0.952263 0.225237
vt 0.936268 0.226424
vt 0.938828 0.223547
vt 0.939927 0.228781
vt 0.941115 0.221009
vt 0.943148 0.218668
vt 0.944942 0.216383
vt 0.947844 0.218953
vt 0.950781 0.221178
vt 0.953747 0.223180
vt 0.956751 0.225107
vt 0.955296 0.227044
vt 0.953842 0.228981
vt 0.952387 0.230918
vt 0.947058 0.232348
vt 0.950932 0.232855
vt 0.943487 0.230788
vt 0.046062 0.177387
vt 0.044824 0.173966
vt 0.049842 0.171503
vt 0.051130 0.174909
vt 0.043398 0.169952
vt 0.048388 0.167581
vt 0.054811 0.169044
vt 0.056141 0.172386
vt 0.053371 0.165366
vt 0.040898 0.179781
vt 0.039710 0.176373
vt 0.038330 0.172342
vt 0.036658 0.167412
vt 0.041686 0.165067
vt 0.046651 0.162795
vt 0.051658 0.160840
vt 0.057013 0.160087
vt 0.058385 0.163341
vt 0.059756 0.166595
vt 0.061128 0.169848
vt 0.915965 0.175943
vt 0.918551 0.174317
vt 0.921560 0.178355
vt 0.918840 0.180085
vt 0.921284 0.172559
vt 0.924477 0.176435
vt 0.924495 0.182259
vt 0.921717 0.184095
vt 0.927459 0.180223
vt 0.913096 0.171755
vt 0.915500 0.170215
vt 0.917903 0.168674
vt 0.920307 0.167133
vt 0.924523 0.170539
vt 0.927804 0.174252
vt 0.930749 0.177932
vt 0.933482 0.181437
vt 0.930281 0.183812
vt 0.927362 0.185932
vt 0.924595 0.187864
vt 0.024753 0.186404
vt 0.023732 0.183210
vt 0.029124 0.180930
vt 0.030218 0.184257
vt 0.022604 0.179630
vt 0.027866 0.177030
vt 0.034465 0.178674
vt 0.035610 0.182063
vt 0.033134 0.174658
vt 0.019249 0.188530
vt 0.018318 0.185511
vt 0.017386 0.182493
vt 0.016454 0.179474
vt 0.021170 0.175002
vt 0.026307 0.172137
vt 0.031509 0.169712
vt 0.949351 0.216639
vt 0.950901 0.214107
vt 0.953734 0.216505
vt 0.952230 0.218941
vt 0.952713 0.211246
vt 0.955498 0.213752
vt 0.956603 0.218771
vt 0.955160 0.221040
vt 0.958230 0.216281
vt 0.946551 0.214019
vt 0.948165 0.211463
vt 0.950012 0.208604
vt 0.952317 0.205335
vt 0.955016 0.207932
vt 0.957802 0.210479
vt 0.960443 0.213205
vt 0.962218 0.216846
vt 0.960851 0.218911
vt 0.959485 0.220977
vt 0.958118 0.223042
vt 0.039642 0.159184
vt 0.037436 0.152781
vt 0.042305 0.150521
vt 0.044566 0.156943
vt 0.035291 0.146494
vt 0.040105 0.144207
vt 0.047100 0.148208
vt 0.049484 0.154864
vt 0.044761 0.141626
vt 0.034648 0.161461
vt 0.032471 0.154977
vt 0.030348 0.148603
vt 0.028502 0.142983
vt 0.033431 0.140960
vt 0.038225 0.138705
vt 0.042790 0.135959
vt 0.046702 0.131645
vt 0.049280 0.138756
vt 0.051858 0.145866
vt 0.054435 0.152977
vt 0.928697 0.168087
vt 0.933288 0.165452
vt 0.935795 0.169164
vt 0.931670 0.171773
vt 0.937798 0.162876
vt 0.939795 0.166649
vt 0.938276 0.172713
vt 0.934432 0.175374
vt 0.941974 0.170161
vt 0.925538 0.164395
vt 0.930769 0.161657
vt 0.935999 0.158919
vt 0.941230 0.156181
vt 0.941660 0.160663
vt 0.943258 0.164468
vt 0.945214 0.167927
vt 0.947327 0.171063
vt 0.944232 0.173382
vt 0.940705 0.176029
vt 0.937028 0.178786
vt 0.019203 0.168533
vt 0.016986 0.161194
vt 0.022224 0.159171
vt 0.024367 0.165997
vt 0.014800 0.153906
vt 0.020125 0.152429
vt 0.027394 0.157103
vt 0.029539 0.163692
vt 0.025299 0.150616
vt 0.014084 0.171333
vt 0.011715 0.163193
vt 0.009345 0.155052
vt 0.006975 0.146911
vt 0.012961 0.147641
vt 0.018330 0.146555
vt 0.023481 0.144900
vt 0.957943 0.204120
vt 0.961234 0.200077
vt 0.964279 0.202330
vt 0.960829 0.206568
vt 0.964530 0.196151
vt 0.967732 0.198187
vt 0.967501 0.204497
vt 0.963714 0.209088
vt 0.971287 0.199964
vt 0.955213 0.201619
vt 0.958453 0.197705
vt 0.961696 0.193915
vt 0.964600 0.190570
vt 0.967474 0.192689
vt 0.970763 0.194577
vt 0.974543 0.196065
vt 0.979407 0.196396
vt 0.975110 0.201509
vt 0.970813 0.206621
vt 0.966515 0.211734
vt 0.032026 0.136656
vt 0.031009 0.133424
vt 0.035888 0.131446
vt 0.036855 0.134537
vt 0.030257 0.130948
vt 0.035157 0.129021
vt 0.040719 0.129348
vt 0.041547 0.132121
vt 0.040046 0.127015
vt 0.027100 0.138602
vt 0.026084 0.135311
vt 0.025339 0.132805
vt 0.024751 0.130776
vt 0.029654 0.128932
vt 0.034546 0.127006
vt 0.039435 0.124979
vt 0.044340 0.122716
vt 0.044931 0.124948
vt 0.045521 0.127181
vt 0.046112 0.129413
vt 0.944240 0.159145
vt 0.946102 0.158023
vt 0.947869 0.161515
vt 0.945890 0.162794
vt 0.947692 0.157050
vt 0.949464 0.160461
vt 0.949738 0.164800
vt 0.947768 0.166167
vt 0.951308 0.163689
vt 0.942812 0.155303
vt 0.944394 0.154425
vt 0.945975 0.153546
vt 0.947557 0.152668
vt 0.949093 0.156141
vt 0.950825 0.159511
vt 0.952644 0.162702
vt 0.954536 0.165630
vt 0.953224 0.166649
vt 0.951695 0.167803
vt 0.949785 0.169229
vt 0.011814 0.143444
vt 0.011065 0.140440
vt 0.016119 0.138857
vt 0.017028 0.142123
vt 0.010471 0.137923
vt 0.015444 0.136308
vt 0.021124 0.137135
vt 0.022111 0.140462
vt 0.020401 0.134597
vt 0.006480 0.144427
vt 0.005984 0.141943
vt 0.005489 0.139459
vt 0.004993 0.136975
vt 0.009949 0.135760
vt 0.014895 0.134217
vt 0.019831 0.132544
vt 0.969790 0.189953
vt 0.971550 0.187840
vt 0.974752 0.189731
vt 0.973058 0.191817
vt 0.972906 0.186166
vt 0.976062 0.188052
vt 0.978216 0.191515
vt 0.976697 0.193431
vt 0.979467 0.189877
vt 0.966906 0.187911
vt 0.968678 0.185851
vt 0.970061 0.184218
vt 0.971201 0.182846
vt 0.973996 0.184758
vt 0.977095 0.186616
vt 0.980465 0.188414
vt 0.984230 0.190083
vt 0.983024 0.191661
vt 0.981819 0.193240
vt 0.980613 0.194818
vt 0.029100 0.127111
vt 0.028541 0.125321
vt 0.033373 0.123434
vt 0.033966 0.125197
vt 0.027940 0.123420
vt 0.032733 0.121560
vt 0.038199 0.121527
vt 0.038825 0.123209
vt 0.037537 0.119759
vt 0.024218 0.128947
vt 0.023689 0.127148
vt 0.023126 0.125237
vt 0.022492 0.123071
vt 0.027255 0.121263
vt 0.031987 0.119367
vt 0.036748 0.117580
vt 0.041708 0.116508
vt 0.042366 0.118060
vt 0.043024 0.119612
vt 0.043682 0.121164
vt 0.950304 0.155247
vt 0.951469 0.154327
vt 0.953338 0.157572
vt 0.952076 0.158570
vt 0.952731 0.153336
vt 0.954744 0.156453
vt 0.955204 0.160662
vt 0.953903 0.161722
vt 0.956661 0.159450
vt 0.948576 0.151837
vt 0.949596 0.151006
vt 0.950615 0.150175
vt 0.951634 0.149344
vt 0.954356 0.152189
vt 0.956463 0.155140
vt 0.958390 0.158008
vt 0.960249 0.160695
vt 0.958541 0.162236
vt 0.957087 0.163514
vt 0.955786 0.164617
vt 0.009455 0.133953
vt 0.008965 0.132265
vt 0.013891 0.130580
vt 0.014391 0.132372
vt 0.008460 0.130454
vt 0.013369 0.128636
vt 0.018803 0.128889
vt 0.019314 0.130702
vt 0.018265 0.126941
vt 0.004513 0.135463
vt 0.004032 0.133951
vt 0.003552 0.132438
vt 0.003071 0.130926
vt 0.007898 0.128054
vt 0.012788 0.126261
vt 0.017664 0.124687
vt 0.974954 0.183449
vt 0.975914 0.182097
vt 0.978742 0.183940
vt 0.977941 0.185291
vt 0.977008 0.180559
vt 0.979661 0.182416
vt 0.981700 0.185796
vt 0.981141 0.187096
vt 0.982336 0.184376
vt 0.972238 0.181570
vt 0.973296 0.180246
vt 0.974492 0.178737
vt 0.975944 0.176904
vt 0.978372 0.178686
vt 0.980885 0.180523
vt 0.983324 0.182545
vt 0.985211 0.185238
vt 0.984966 0.186449
vt 0.984721 0.187661
vt 0.984475 0.188872
vt 0.026452 0.118755
vt 0.025540 0.116011
vt 0.030053 0.113773
vt 0.031090 0.116714
vt 0.024533 0.113201
vt 0.028880 0.110794
vt 0.034540 0.111228
vt 0.035718 0.114599
vt 0.033236 0.107843
vt 0.021761 0.120557
vt 0.020957 0.117800
vt 0.020116 0.114952
vt 0.019275 0.112166
vt 0.023432 0.110494
vt 0.027476 0.108036
vt 0.031483 0.104839
vt 0.036328 0.100552
vt 0.037673 0.104541
vt 0.039018 0.108530
vt 0.040363 0.112519
vt 0.956664 0.150787
vt 0.959376 0.149231
vt 0.961176 0.151832
vt 0.958628 0.153579
vt 0.962298 0.147601
vt 0.964023 0.149975
vt 0.962928 0.154353
vt 0.960485 0.156287
vt 0.965681 0.152301
vt 0.954591 0.147969
vt 0.957547 0.146594
vt 0.960504 0.145219
vt 0.963460 0.143844
vt 0.965514 0.145875
vt 0.967168 0.148058
vt 0.968715 0.150219
vt 0.970233 0.152284
vt 0.967316 0.154518
vt 0.964658 0.156740
vt 0.962292 0.158836
vt 0.007237 0.124501
vt 0.006548 0.120377
vt 0.011452 0.119854
vt 0.012130 0.123261
vt 0.005946 0.116178
vt 0.010854 0.116350
vt 0.016261 0.119046
vt 0.016981 0.122012
vt 0.015568 0.115980
vt 0.002332 0.125842
vt 0.001592 0.120757
vt 0.000853 0.115673
vt 0.000113 0.110588
vt 0.005826 0.112243
vt 0.010512 0.113013
vt 0.014975 0.112996
vt 0.980097 0.176370
vt 0.982097 0.173655
vt 0.984516 0.175271
vt 0.982546 0.178112
vt 0.984239 0.170623
vt 0.986615 0.172130
vt 0.986993 0.176903
vt 0.984981 0.179947
vt 0.989092 0.173648
vt 0.977733 0.174648
vt 0.979784 0.172010
vt 0.981986 0.169074
vt 0.984224 0.165919
vt 0.986397 0.167347
vt 0.988697 0.168730
vt 0.991123 0.170151
vt 0.993780 0.171854
vt 0.991638 0.175200
vt 0.989496 0.178546
vt 0.987353 0.181892
vt 0.969180 0.144012
vt 0.973041 0.142175
vt 0.974127 0.144371
vt 0.970598 0.146141
vt 0.976883 0.140560
vt 0.977553 0.142944
vt 0.975190 0.146407
vt 0.971962 0.148206
vt 0.978156 0.144989
vt 0.967696 0.141869
vt 0.971932 0.139894
vt 0.976168 0.137918
vt 0.980404 0.135943
vt 0.980556 0.139601
vt 0.980753 0.142145
vt 0.980770 0.144206
vt 0.980641 0.145630
vt 0.978913 0.146648
vt 0.976327 0.148230
vt 0.973328 0.150150
vt 0.988441 0.163928
vt 0.990224 0.160593
vt 0.992308 0.161484
vt 0.990630 0.165123
vt 0.991587 0.157576
vt 0.993602 0.158007
vt 0.994534 0.162348
vt 0.992931 0.166313
vt 0.995879 0.158446
vt 0.986382 0.162663
vt 0.988320 0.159568
vt 0.989895 0.156934
vt 0.990890 0.155185
vt 0.992301 0.154969
vt 0.994277 0.154827
vt 0.996628 0.154791
vt 0.999887 0.154566
vt 0.998360 0.158888
vt 0.996834 0.163210
vt 0.995307 0.167532
vt 0.988537 0.155780
vt 0.986606 0.158321
vt 0.985014 0.156931
vt 0.987254 0.154372
vt 0.984462 0.161276
vt 0.982660 0.159793
vt 0.983469 0.155504
vt 0.985898 0.152968
vt 0.980952 0.158257
vt 0.990322 0.153872
vt 0.982180 0.164392
vt 0.980253 0.162781
vt 0.978424 0.161116
vt 0.976675 0.159428
vt 0.979317 0.156705
vt 0.981959 0.154080
vt 0.984486 0.151616
vt 0.988165 0.150761
vt 0.986778 0.149377
vt 0.989376 0.152270
vt 0.975965 0.163966
vt 0.977867 0.165728
vt 0.975581 0.168521
vt 0.973643 0.166696
vt 0.979867 0.167439
vt 0.977618 0.170298
vt 0.973475 0.171059
vt 0.971522 0.169194
vt 0.975531 0.172880
vt 0.974140 0.162176
vt 0.973704 0.175094
vt 0.971630 0.173241
vt 0.969668 0.171347
vt 0.969632 0.167291
vt 0.967762 0.169415
vt 0.971776 0.164838
vt 0.968117 0.173085
vt 0.970097 0.175005
vt 0.968803 0.176446
vt 0.966800 0.174497
vt 0.972200 0.176889
vt 0.970943 0.178363
vt 0.967648 0.177696
vt 0.965620 0.175712
vt 0.969824 0.179650
vt 0.966193 0.171129
vt 0.968736 0.180886
vt 0.966528 0.178887
vt 0.964479 0.176859
vt 0.963653 0.173703
vt 0.962493 0.174812
vt 0.964855 0.172517
vt 0.963272 0.178072
vt 0.965335 0.180157
vt 0.963926 0.181660
vt 0.961856 0.179503
vt 0.967563 0.182211
vt 0.966164 0.183783
vt 0.962152 0.183555
vt 0.960079 0.181306
vt 0.964391 0.185766
vt 0.961273 0.175974
vt 0.962096 0.188325
vt 0.959863 0.186002
vt 0.957791 0.183637
vt 0.958064 0.179048
vt 0.955769 0.181263
vt 0.959847 0.177336
vt 0.954917 0.186576
vt 0.956989 0.189084
vt 0.953770 0.192578
vt 0.951686 0.189908
vt 0.959212 0.191544
vt 0.955990 0.195193
vt 0.950525 0.196185
vt 0.948407 0.193345
vt 0.952759 0.198964
vt 0.952886 0.184061
vt 0.949851 0.202548
vt 0.947572 0.199607
vt 0.945384 0.196596
vt 0.946305 0.190506
vt 0.943196 0.193597
vt 0.949633 0.187235
vt 0.942838 0.199446
vt 0.945139 0.202618
vt 0.943089 0.205279
vt 0.940637 0.201971
vt 0.947502 0.205707
vt 0.945577 0.208489
vt 0.941197 0.207726
vt 0.938559 0.204320
vt 0.943845 0.211011
vt 0.940519 0.196301
vt 0.942078 0.213392
vt 0.939233 0.210092
vt 0.936387 0.206645
vt 0.935885 0.200952
vt 0.933516 0.203209
vt 0.938150 0.198701
vt 0.933936 0.209076
vt 0.937010 0.212503
vt 0.934489 0.215043
vt 0.931172 0.211676
vt 0.940084 0.215747
vt 0.937819 0.218188
vt 0.931673 0.217786
vt 0.928099 0.214491
vt 0.935278 0.220823
vt 0.930872 0.205605
vt 0.932453 0.223762
vt 0.928564 0.220807
vt 0.924719 0.217566
vt 0.924638 0.210993
vt 0.921037 0.214042
vt 0.927915 0.208191
vt 0.929365 0.227079
vt 0.926137 0.230718
vt 0.921667 0.227798
vt 0.925187 0.224158
vt 0.922918 0.234587
vt 0.918156 0.231666
vt 0.917247 0.224552
vt 0.921059 0.220930
vt 0.913432 0.228387
vt 0.933447 0.229736
vt 0.930483 0.233400
vt 0.927525 0.237291
vt 0.919858 0.238597
vt 0.914804 0.235700
vt 0.909765 0.232388
vt 0.904951 0.228459
vt 0.908937 0.224609
vt 0.913048 0.220891
vt 0.917131 0.217353
vt 0.983088 0.144280
vt 0.983647 0.142188
vt 0.986255 0.142892
vt 0.985195 0.144968
vt 0.983924 0.139825
vt 0.987062 0.140732
vt 0.988595 0.144022
vt 0.987088 0.146040
vt 0.989999 0.141959
vt 0.982010 0.146152
vt 0.984078 0.137232
vt 0.987752 0.138522
vt 0.991425 0.139811
vt 0.995099 0.141100
vt 0.992499 0.143610
vt 0.990602 0.145528
vt 0.988770 0.147388
vt 0.985287 0.148111
vt 0.983689 0.147014
vt 0.008446 0.103508
vt 0.010906 0.104394
vt 0.010762 0.107220
vt 0.007699 0.106092
vt 0.013766 0.104583
vt 0.014158 0.107479
vt 0.010548 0.110016
vt 0.006682 0.108909
vt 0.014529 0.110212
vt 0.007454 0.100246
vt 0.008799 0.100816
vt 0.006643 0.101781
vt 0.010853 0.101264
vt 0.013271 0.101304
vt 0.015829 0.100848
vt 0.016773 0.104083
vt 0.017636 0.106909
vt 0.018457 0.109534
vt 0.003604 0.106602
vt 0.005384 0.103936
vt 0.024043 0.099110
vt 0.026244 0.100870
vt 0.023953 0.103485
vt 0.022191 0.101200
vt 0.028851 0.102650
vt 0.025777 0.105667
vt 0.020981 0.105540
vt 0.019671 0.102908
vt 0.022241 0.107993
vt 0.023211 0.095817
vt 0.024850 0.096668
vt 0.022211 0.097032
vt 0.027299 0.097799
vt 0.030574 0.099074
vt 0.018309 0.099873
vt 0.020504 0.098530
vt 0.006652 0.087273
vt 0.005567 0.086583
vt 0.007029 0.084484
vt 0.007952 0.085619
vt 0.004246 0.086277
vt 0.005996 0.083782
vt 0.008733 0.082954
vt 0.009487 0.084493
vt 0.007929 0.081704
vt 0.006570 0.089857
vt 0.005718 0.089500
vt 0.007460 0.088679
vt 0.004467 0.089366
vt 0.002888 0.089425
vt 0.000596 0.088900
vt 0.002751 0.086093
vt 0.004905 0.083286
vt 0.007060 0.080478
vt 0.009214 0.077671
vt 0.010129 0.080385
vt 0.010669 0.082052
vt 0.011196 0.083819
vt 0.010244 0.086693
vt 0.011847 0.086159
vt 0.008758 0.087507
vt 0.017898 0.088380
vt 0.019183 0.091248
vt 0.017388 0.091843
vt 0.016129 0.088533
vt 0.020642 0.094299
vt 0.018881 0.095310
vt 0.015566 0.092523
vt 0.014396 0.088892
vt 0.016910 0.096314
vt 0.018542 0.086586
vt 0.019579 0.088289
vt 0.017095 0.086061
vt 0.020997 0.090866
vt 0.022344 0.093667
vt 0.014787 0.097097
vt 0.013716 0.093132
vt 0.012706 0.089352
vt 0.013527 0.085810
vt 0.015289 0.085743
vt 0.011045 0.089807
vt 0.011855 0.093556
vt 0.010044 0.093887
vt 0.009450 0.090361
vt 0.012619 0.097526
vt 0.010541 0.097661
vt 0.008339 0.094264
vt 0.007963 0.091109
vt 0.008676 0.097660
vt 0.007072 0.097942
vt 0.006750 0.094825
vt 0.006595 0.091863
vt 0.005648 0.099017
vt 0.004136 0.100693
vt 0.003725 0.096823
vt 0.005249 0.095678
vt 0.002336 0.102777
vt 0.002079 0.098217
vt 0.003851 0.092893
vt 0.005272 0.092366
vt 0.002243 0.093587
vt 0.000234 0.105166
vt 0.000355 0.099744
vt 0.000475 0.094322
vt 0.024315 0.093802
vt 0.022896 0.090781
vt 0.024982 0.090934
vt 0.026720 0.094400
vt 0.021092 0.088012
vt 0.022701 0.087704
vt 0.027323 0.091232
vt 0.029655 0.095190
vt 0.024553 0.087438
vt 0.019136 0.085837
vt 0.020192 0.085067
vt 0.021614 0.084286
vt 0.023302 0.082649
vt 0.026559 0.087125
vt 0.029815 0.091601
vt 0.033072 0.096076
vt 0.039341 0.234342
vt 0.045285 0.232270
vt 0.046319 0.238449
vt 0.039979 0.240023
vt 0.051269 0.230083
vt 0.052612 0.236466
vt 0.047209 0.245245
vt 0.040515 0.246128
vt 0.053803 0.243507
vt 0.033479 0.236415
vt 0.057199 0.227625
vt 0.058808 0.233962
vt 0.060276 0.240928
vt 0.033755 0.246348
vt 0.033617 0.241382
vt 0.062996 0.224794
vt 0.068663 0.221717
vt 0.070832 0.227313
vt 0.064872 0.230883
vt 0.074226 0.218571
vt 0.076729 0.223382
vt 0.072888 0.233398
vt 0.066621 0.237547
vt 0.079150 0.228518
vt 0.079724 0.215470
vt 0.082596 0.219266
vt 0.085467 0.223062
vt 0.870678 0.180019
vt 0.874352 0.181646
vt 0.875919 0.190615
vt 0.871658 0.189498
vt 0.878135 0.182945
vt 0.880217 0.191156
vt 0.877785 0.199404
vt 0.872926 0.198770
vt 0.882469 0.199260
vt 0.869777 0.170434
vt 0.872926 0.172590
vt 0.876075 0.174746
vt 0.885103 0.207081
vt 0.880166 0.207889
vt 0.874752 0.207733
vt 0.980135 0.147927
vt 0.981593 0.149098
vt 0.979035 0.151273
vt 0.977627 0.149824
vt 0.983052 0.150322
vt 0.980483 0.152677
vt 0.976218 0.153580
vt 0.974745 0.151929
vt 0.977741 0.155157
vt 0.974989 0.157736
vt 0.973359 0.156009
vt 0.971775 0.154206
vt 0.968968 0.156583
vt 0.970651 0.158520
vt 0.968162 0.161003
vt 0.966399 0.158947
vt 0.972372 0.160371
vt 0.969952 0.162951
vt 0.965928 0.163327
vt 0.964102 0.161173
vt 0.967770 0.165349
vt 0.965870 0.167436
vt 0.963986 0.165362
vt 0.962111 0.163135
vt 0.960436 0.164746
vt 0.962350 0.167020
vt 0.960950 0.168370
vt 0.959005 0.166068
vt 0.964272 0.169126
vt 0.962904 0.170495
vt 0.959692 0.169519
vt 0.957722 0.167198
vt 0.961676 0.171661
vt 0.960493 0.172742
vt 0.958484 0.170578
vt 0.956490 0.168236
vt 0.955203 0.169287
vt 0.957222 0.171661
vt 0.955760 0.172907
vt 0.953711 0.170484
vt 0.959254 0.173861
vt 0.957814 0.175161
vt 0.953939 0.174460
vt 0.951854 0.171970
vt 0.956017 0.176789
vt 0.953708 0.178896
vt 0.951602 0.176466
vt 0.949470 0.173884
vt 0.946470 0.176306
vt 0.948664 0.179003
vt 0.945327 0.181889
vt 0.943056 0.179067
vt 0.950805 0.181558
vt 0.947519 0.184583
vt 0.941867 0.184878
vt 0.939501 0.181935
vt 0.944132 0.187705
vt 0.940928 0.190662
vt 0.938558 0.187722
vt 0.936078 0.184680
vt 0.932992 0.187124
vt 0.935603 0.190235
vt 0.932912 0.192475
vt 0.930170 0.189307
vt 0.938112 0.193256
vt 0.935576 0.195564
vt 0.930324 0.194566
vt 0.927470 0.191322
vt 0.933136 0.197730
vt 0.930607 0.199897
vt 0.927677 0.196626
vt 0.924749 0.193263
vt 0.921876 0.195218
vt 0.924827 0.198765
vt 0.921704 0.201037
vt 0.918759 0.197248
vt 0.927831 0.202191
vt 0.924756 0.204659
vt 0.918256 0.203485
vt 0.915316 0.199413
vt 0.921357 0.207332
vt 0.917610 0.210239
vt 0.914431 0.206151
vt 0.911467 0.201770
vt 0.913519 0.213394
vt 0.909207 0.216744
vt 0.905720 0.212116
vt 0.910212 0.209054
vt 0.904827 0.220221
vt 0.901114 0.215240
vt 0.902549 0.207035
vt 0.907169 0.204344
vt 0.897771 0.209711
vt 0.900533 0.223759
vt 0.896549 0.218325
vt 0.893000 0.212241
vt 0.992162 0.152719
vt 0.991401 0.150717
vt 0.993399 0.149571
vt 0.994157 0.152030
vt 0.990233 0.148946
vt 0.992204 0.147393
vt 0.995433 0.148650
vt 0.996338 0.151573
vt 0.994206 0.145937
vt 0.996296 0.144467
vt 0.997493 0.147833
vt 0.998690 0.151200
vt 0.017081 0.084448
vt 0.015014 0.083718
vt 0.015192 0.082274
vt 0.017661 0.083295
vt 0.013042 0.083539
vt 0.012839 0.081845
vt 0.015655 0.081144
vt 0.018622 0.082344
vt 0.012774 0.080382
vt 0.012736 0.078916
vt 0.016258 0.080160
vt 0.019780 0.081405
vt 0.939627 0.245150
vt 0.935841 0.242505
vt 0.938446 0.238319
vt 0.942171 0.240616
vt 0.931828 0.239905
vt 0.934575 0.235923
vt 0.941050 0.234322
vt 0.944713 0.236205
vt 0.937324 0.232157
vt 0.943269 0.247863
vt 0.948378 0.237858
vt 0.945823 0.242861
vt 0.877383 0.216342
vt 0.883256 0.215954
vt 0.887082 0.223537
vt 0.880948 0.224775
vt 0.888293 0.214444
vt 0.892047 0.221216
vt 0.891630 0.230519
vt 0.885564 0.233137
vt 0.896330 0.227261
vt 0.870140 0.215142
vt 0.901106 0.232409
vt 0.896881 0.236483
vt 0.891484 0.240771
vt 0.876599 0.233749
vt 0.882627 0.245999
vt 0.872751 0.224074
vt 0.898753 0.246331
vt 0.902733 0.241087
vt 0.908757 0.244581
vt 0.905863 0.250130
vt 0.906305 0.236556
vt 0.911707 0.239907
vt 0.914518 0.247367
vt 0.912147 0.252903
vt 0.917068 0.242743
vt 0.894844 0.253227
vt 0.909932 0.259807
vt 0.903221 0.257130
vt 0.861263 0.212056
vt 0.861950 0.220800
vt 0.849604 0.215524
vt 0.851565 0.207527
vt 0.863433 0.230451
vt 0.847847 0.224426
vt 0.837295 0.209100
vt 0.842148 0.202176
vt 0.831576 0.216788
vt 0.864901 0.241571
vt 0.846684 0.235339
vt 0.826609 0.227468
vt 0.780460 0.241819
vt 0.784491 0.262179
vt 0.762655 0.266048
vt 0.757411 0.246092
vt 0.788590 0.282351
vt 0.767982 0.286392
vt 0.741345 0.271209
vt 0.734519 0.250902
vt 0.747990 0.291605
vt 0.803529 0.239939
vt 0.806229 0.260436
vt 0.809208 0.279878
vt 0.812258 0.298004
vt 0.792638 0.301450
vt 0.773019 0.306016
vt 0.753964 0.311307
vt 0.864913 0.254173
vt 0.864614 0.267701
vt 0.846995 0.264343
vt 0.846467 0.249000
vt 0.864708 0.281587
vt 0.847953 0.279992
vt 0.827291 0.261497
vt 0.825879 0.243482
vt 0.829222 0.279232
vt 0.880531 0.258698
vt 0.879364 0.270979
vt 0.878781 0.283531
vt 0.878593 0.296029
vt 0.865115 0.295260
vt 0.849136 0.295141
vt 0.831301 0.295959
vt 0.889723 0.285442
vt 0.890731 0.273833
vt 0.899345 0.276241
vt 0.898096 0.287270
vt 0.892306 0.262794
vt 0.901045 0.265985
vt 0.906102 0.278291
vt 0.904717 0.289049
vt 0.907883 0.268381
vt 0.889155 0.297189
vt 0.903864 0.300190
vt 0.897326 0.298609
vt 0.682810 0.400005
vt 0.682389 0.409553
vt 0.670476 0.406380
vt 0.670919 0.397660
vt 0.681085 0.418150
vt 0.669219 0.414288
vt 0.658730 0.403441
vt 0.659235 0.395490
vt 0.657507 0.410733
vt 0.694435 0.390524
vt 0.695033 0.402045
vt 0.682221 0.389468
vt 0.694574 0.412474
vt 0.693187 0.421863
vt 0.691002 0.430266
vt 0.679022 0.425837
vt 0.667290 0.421420
vt 0.655731 0.417408
vt 0.658856 0.386838
vt 0.670406 0.388092
vt 0.865661 0.308262
vt 0.866274 0.320603
vt 0.851665 0.322425
vt 0.850389 0.309267
vt 0.866914 0.332413
vt 0.852942 0.334813
vt 0.835451 0.325378
vt 0.833382 0.311303
vt 0.837526 0.338423
vt 0.878631 0.308147
vt 0.878812 0.319864
vt 0.879073 0.331239
vt 0.879353 0.342325
vt 0.867538 0.343820
vt 0.854199 0.346629
vt 0.839626 0.350676
vt 0.824113 0.355884
vt 0.821036 0.343228
vt 0.818100 0.329510
vt 0.815207 0.314509
vt 0.903629 0.311321
vt 0.903898 0.322335
vt 0.897159 0.321052
vt 0.897049 0.309902
vt 0.904506 0.333195
vt 0.897520 0.332029
vt 0.888980 0.320113
vt 0.888939 0.308766
vt 0.889181 0.331231
vt 0.905289 0.343862
vt 0.897999 0.342804
vt 0.889445 0.342123
vt 0.700315 0.442753
vt 0.712554 0.447505
vt 0.709146 0.456040
vt 0.696907 0.450162
vt 0.724558 0.451773
vt 0.721210 0.461531
vt 0.705364 0.463572
vt 0.693165 0.456537
vt 0.717514 0.470650
vt 0.703247 0.434380
vt 0.688160 0.437729
vt 0.715538 0.438106
vt 0.727598 0.441437
vt 0.739151 0.444365
vt 0.736006 0.455304
vt 0.732725 0.465967
vt 0.729295 0.476598
vt 0.681267 0.449901
vt 0.684848 0.444270
vt 0.730325 0.430413
vt 0.718017 0.427865
vt 0.719916 0.416650
vt 0.732859 0.418417
vt 0.705557 0.425077
vt 0.707102 0.414786
vt 0.721077 0.404308
vt 0.735192 0.405113
vt 0.707726 0.403426
vt 0.742210 0.432938
vt 0.707232 0.390927
vt 0.720991 0.390760
vt 0.736294 0.390224
vt 0.749520 0.407084
vt 0.755846 0.389560
vt 0.745503 0.420685
vt 0.847893 0.432538
vt 0.840721 0.437400
vt 0.833929 0.428265
vt 0.841595 0.423430
vt 0.833345 0.441969
vt 0.826307 0.433030
vt 0.826776 0.419108
vt 0.835319 0.414086
vt 0.818552 0.424292
vt 0.860626 0.435462
vt 0.854087 0.441355
vt 0.854735 0.427031
vt 0.846977 0.446453
vt 0.839465 0.451053
vt 0.831724 0.455449
vt 0.825888 0.446595
vt 0.818839 0.438080
vt 0.810794 0.429957
vt 0.801966 0.422277
vt 0.810281 0.415810
vt 0.819439 0.409990
vt 0.829190 0.404561
vt 0.844036 0.408906
vt 0.839285 0.399266
vt 0.849196 0.418170
vt 0.773755 0.505306
vt 0.782467 0.506725
vt 0.780971 0.516938
vt 0.772542 0.515655
vt 0.791113 0.508088
vt 0.789262 0.518197
vt 0.779611 0.527437
vt 0.771672 0.526255
vt 0.787408 0.528608
vt 0.766491 0.493828
vt 0.775324 0.495288
vt 0.764914 0.504028
vt 0.784098 0.496935
vt 0.792876 0.498460
vt 0.801718 0.499558
vt 0.799742 0.509202
vt 0.797427 0.519346
vt 0.794986 0.529786
vt 0.792862 0.540229
vt 0.785594 0.539154
vt 0.778327 0.538079
vt 0.771059 0.537004
vt 0.763298 0.525016
vt 0.763791 0.535929
vt 0.763839 0.514427
vt 0.784969 0.423383
vt 0.778860 0.432513
vt 0.768552 0.427979
vt 0.774356 0.417502
vt 0.773819 0.442146
vt 0.763970 0.438673
vt 0.757432 0.423941
vt 0.762631 0.411771
vt 0.753438 0.435646
vt 0.794686 0.429579
vt 0.792491 0.415001
vt 0.788399 0.437620
vt 0.783004 0.446236
vt 0.778400 0.455260
vt 0.769538 0.452076
vt 0.760085 0.449404
vt 0.749978 0.446936
vt 0.770650 0.399845
vt 0.782182 0.407721
vt 0.056977 0.489406
vt 0.056205 0.499328
vt 0.046771 0.496936
vt 0.047783 0.487359
vt 0.054893 0.511688
vt 0.045241 0.508719
vt 0.037969 0.494491
vt 0.039242 0.485558
vt 0.036331 0.504901
vt 0.057524 0.480760
vt 0.052707 0.527715
vt 0.042765 0.524383
vt 0.033681 0.519364
vt 0.026386 0.508183
vt 0.027940 0.500085
vt 0.029493 0.491986
vt 0.031047 0.483888
vt 0.040314 0.477195
vt 0.032600 0.475789
vt 0.048554 0.478844
vt 0.962736 0.543778
vt 0.949280 0.526592
vt 0.957603 0.520445
vt 0.970804 0.537920
vt 0.937091 0.510710
vt 0.945540 0.504232
vt 0.965539 0.514373
vt 0.978724 0.532218
vt 0.953130 0.497403
vt 0.969184 0.567122
vt 0.954337 0.550080
vt 0.976860 0.561552
vt 0.940511 0.533103
vt 0.927981 0.517337
vt 0.917253 0.503592
vt 0.926771 0.496941
vt 0.935518 0.490323
vt 0.942959 0.482888
vt 0.946646 0.471777
vt 0.959956 0.490044
vt 0.973267 0.508310
vt 0.986577 0.526577
vt 0.992211 0.550413
vt 0.999887 0.544843
vt 0.984536 0.555983
vt 0.071933 0.553827
vt 0.084098 0.556865
vt 0.080247 0.579873
vt 0.068120 0.577417
vt 0.096927 0.559984
vt 0.092959 0.582369
vt 0.075739 0.605020
vt 0.063710 0.603363
vt 0.088158 0.606683
vt 0.060384 0.550965
vt 0.110487 0.563091
vt 0.106508 0.584914
vt 0.101521 0.608484
vt 0.094693 0.632619
vt 0.082794 0.631928
vt 0.070894 0.631236
vt 0.058995 0.630545
vt 0.051953 0.601506
vt 0.047095 0.629853
vt 0.056469 0.574967
vt 0.124768 0.566082
vt 0.139444 0.568818
vt 0.136127 0.589928
vt 0.121037 0.587482
vt 0.154104 0.571150
vt 0.151217 0.592077
vt 0.132363 0.612688
vt 0.116547 0.610561
vt 0.148184 0.614654
vt 0.168342 0.572928
vt 0.165753 0.593739
vt 0.163250 0.616208
vt 0.162055 0.639929
vt 0.145215 0.638102
vt 0.128374 0.636274
vt 0.111534 0.634447
vt 0.181861 0.574069
vt 0.194798 0.574745
vt 0.192242 0.595437
vt 0.179344 0.594799
vt 0.207397 0.575196
vt 0.204838 0.595912
vt 0.189390 0.617588
vt 0.176739 0.617087
vt 0.201843 0.618006
vt 0.183990 0.555592
vt 0.196872 0.556243
vt 0.209417 0.556644
vt 0.221820 0.557039
vt 0.219896 0.575661
vt 0.217459 0.596488
vt 0.214524 0.618657
vt 0.210735 0.641004
vt 0.198565 0.640735
vt 0.186395 0.640467
vt 0.174225 0.640198
vt 0.232478 0.576255
vt 0.245127 0.576582
vt 0.243410 0.598270
vt 0.230337 0.597339
vt 0.257784 0.576168
vt 0.256557 0.599059
vt 0.241524 0.621394
vt 0.227857 0.619881
vt 0.255272 0.622966
vt 0.234235 0.557519
vt 0.246653 0.557549
vt 0.259012 0.556229
vt 0.271104 0.550133
vt 0.270418 0.574939
vt 0.269731 0.599745
vt 0.269045 0.624550
vt 0.268358 0.649356
vt 0.253952 0.647268
vt 0.239547 0.645180
vt 0.225141 0.643092
vt 0.864392 0.570928
vt 0.872804 0.563985
vt 0.885431 0.578469
vt 0.876736 0.585603
vt 0.881218 0.556352
vt 0.894223 0.571071
vt 0.898907 0.594143
vt 0.889606 0.601084
vt 0.908275 0.587122
vt 0.843557 0.561785
vt 0.853347 0.558555
vt 0.855820 0.577187
vt 0.861605 0.551633
vt 0.869750 0.543621
vt 0.878293 0.535184
vt 0.889932 0.548326
vt 0.903212 0.563426
vt 0.917658 0.579905
vt 0.932968 0.597357
vt 0.922879 0.603866
vt 0.912789 0.610375
vt 0.902700 0.616883
vt 0.880347 0.607990
vt 0.892610 0.623392
vt 0.868084 0.592589
vt 0.899164 0.540211
vt 0.908755 0.532216
vt 0.921890 0.547806
vt 0.912469 0.555611
vt 0.918449 0.524528
vt 0.931314 0.540224
vt 0.936190 0.564698
vt 0.926939 0.572354
vt 0.945397 0.557169
vt 0.887547 0.526770
vt 0.897329 0.518594
vt 0.907333 0.510816
vt 0.960130 0.574681
vt 0.951076 0.582240
vt 0.942022 0.589798
vt 0.725724 0.340106
vt 0.730582 0.357243
vt 0.715833 0.360421
vt 0.711066 0.344317
vt 0.734350 0.374022
vt 0.719205 0.376023
vt 0.702242 0.362841
vt 0.697575 0.347949
vt 0.705435 0.377295
vt 0.741732 0.335256
vt 0.746590 0.352910
vt 0.750982 0.370320
vt 0.692654 0.377937
vt 0.689566 0.364628
vt 0.685050 0.351023
vt 0.759151 0.329803
vt 0.777560 0.324183
vt 0.781828 0.340861
vt 0.763821 0.347200
vt 0.796421 0.318925
vt 0.800075 0.334789
vt 0.786212 0.356104
vt 0.768480 0.363629
vt 0.803828 0.349180
vt 0.807938 0.362197
vt 0.791337 0.369634
vt 0.774436 0.378317
vt 0.657459 0.377505
vt 0.655037 0.367751
vt 0.666087 0.366824
vt 0.668813 0.377710
vt 0.651613 0.357897
vt 0.662192 0.355812
vt 0.677560 0.365876
vt 0.680504 0.377976
vt 0.673299 0.353588
vt 0.646320 0.377725
vt 0.644303 0.368933
vt 0.641446 0.360043
vt 0.217015 0.338064
vt 0.214969 0.353505
vt 0.202519 0.352841
vt 0.204234 0.337467
vt 0.213049 0.369570
vt 0.200961 0.368810
vt 0.189621 0.352731
vt 0.191049 0.337428
vt 0.188371 0.368582
vt 0.229202 0.339215
vt 0.226799 0.354746
vt 0.224476 0.370899
vt 0.253754 0.378061
vt 0.244876 0.375231
vt 0.248134 0.358813
vt 0.257527 0.361424
vt 0.235103 0.372812
vt 0.237864 0.356557
vt 0.251518 0.342737
vt 0.261800 0.344626
vt 0.240665 0.340861
vt 0.258361 0.396964
vt 0.250558 0.394140
vt 0.261654 0.381240
vt 0.241988 0.391536
vt 0.232622 0.389258
vt 0.243230 0.326126
vt 0.254498 0.327741
vt 0.265725 0.328877
vt 0.270639 0.347027
vt 0.278658 0.327493
vt 0.265641 0.364560
vt 0.267760 0.315937
vt 0.256647 0.314416
vt 0.258231 0.302475
vt 0.268852 0.304622
vt 0.245353 0.312647
vt 0.247148 0.300248
vt 0.259684 0.291515
vt 0.269816 0.294038
vt 0.248845 0.288682
vt 0.278952 0.317091
vt 0.279539 0.296286
vt 0.279246 0.306688
vt 0.260321 0.541651
vt 0.247946 0.542042
vt 0.248839 0.529081
vt 0.261487 0.529946
vt 0.235560 0.541725
vt 0.236351 0.528218
vt 0.249068 0.517289
vt 0.262164 0.519004
vt 0.236481 0.516035
vt 0.272667 0.540464
vt 0.223190 0.541176
vt 0.223982 0.527511
vt 0.224180 0.515202
vt 0.275792 0.521126
vt 0.274230 0.530795
vt 0.386101 0.349457
vt 0.390151 0.346143
vt 0.395229 0.352210
vt 0.391385 0.355424
vt 0.393373 0.343666
vt 0.398327 0.349784
vt 0.400603 0.357911
vt 0.397222 0.360722
vt 0.403483 0.355648
vt 0.381317 0.342918
vt 0.385412 0.339653
vt 0.388677 0.337202
vt 0.391457 0.335184
vt 0.396113 0.341635
vt 0.400988 0.347763
vt 0.406054 0.353653
vt 0.411386 0.359333
vt 0.408761 0.361374
vt 0.406135 0.363416
vt 0.403510 0.365457
vt 0.662234 0.528692
vt 0.659232 0.530370
vt 0.655559 0.525503
vt 0.659179 0.523706
vt 0.656947 0.532005
vt 0.653026 0.527197
vt 0.651749 0.520875
vt 0.655601 0.518883
vt 0.649109 0.522684
vt 0.664778 0.533729
vt 0.662821 0.535354
vt 0.660863 0.536980
vt 0.658906 0.538605
vt 0.654977 0.533516
vt 0.651024 0.528778
vt 0.647087 0.524370
vt 0.643188 0.520382
vt 0.645220 0.518575
vt 0.647866 0.516608
vt 0.651711 0.514360
vt 0.369762 0.320257
vt 0.373197 0.317740
vt 0.376972 0.325399
vt 0.373120 0.328360
vt 0.376171 0.315682
vt 0.380122 0.323128
vt 0.381027 0.332727
vt 0.376982 0.335898
vt 0.384272 0.330334
vt 0.366805 0.311697
vt 0.369572 0.309904
vt 0.372338 0.308111
vt 0.375105 0.306318
vt 0.378855 0.313838
vt 0.382858 0.321206
vt 0.387048 0.328353
vt 0.616272 0.482995
vt 0.614389 0.486867
vt 0.610439 0.484602
vt 0.612160 0.481082
vt 0.612559 0.489918
vt 0.608693 0.487378
vt 0.606443 0.482660
vt 0.608133 0.479830
vt 0.604701 0.484986
vt 0.620343 0.485510
vt 0.618236 0.489508
vt 0.616283 0.492681
vt 0.614575 0.495341
vt 0.610930 0.492479
vt 0.607125 0.489756
vt 0.603144 0.487109
vt 0.598807 0.484438
vt 0.600618 0.482664
vt 0.602428 0.480891
vt 0.604239 0.479117
vt 0.398673 0.339711
vt 0.401221 0.337744
vt 0.405901 0.343918
vt 0.403458 0.345858
vt 0.403895 0.335626
vt 0.408482 0.341810
vt 0.410630 0.349951
vt 0.408378 0.351798
vt 0.412996 0.347972
vt 0.394062 0.333268
vt 0.396659 0.331316
vt 0.399378 0.329242
vt 0.402352 0.326958
vt 0.406839 0.333242
vt 0.411438 0.339327
vt 0.415885 0.345489
vt 0.419375 0.352503
vt 0.417378 0.354211
vt 0.415381 0.355918
vt 0.413383 0.357626
vt 0.653087 0.534815
vt 0.651144 0.536042
vt 0.647101 0.531730
vt 0.649115 0.530259
vt 0.649006 0.537333
vt 0.644819 0.533304
vt 0.643137 0.527657
vt 0.645170 0.525998
vt 0.640840 0.529442
vt 0.657069 0.539539
vt 0.655232 0.540473
vt 0.653395 0.541406
vt 0.651558 0.542340
vt 0.646251 0.538882
vt 0.642018 0.535115
vt 0.638117 0.531450
vt 0.634362 0.528076
vt 0.636985 0.525902
vt 0.639241 0.523955
vt 0.641264 0.522144
vt 0.381306 0.312078
vt 0.383707 0.310321
vt 0.387969 0.317519
vt 0.385413 0.319372
vt 0.386269 0.308491
vt 0.390715 0.315565
vt 0.392261 0.324551
vt 0.389652 0.326467
vt 0.395027 0.322527
vt 0.377280 0.304680
vt 0.379456 0.303042
vt 0.381631 0.301404
vt 0.383806 0.299766
vt 0.389524 0.306405
vt 0.393947 0.313395
vt 0.398116 0.320309
vt 0.609587 0.494847
vt 0.608365 0.497221
vt 0.604717 0.494301
vt 0.605853 0.492008
vt 0.607041 0.499780
vt 0.603480 0.496800
vt 0.600968 0.491377
vt 0.601972 0.489217
vt 0.599891 0.493698
vt 0.613150 0.497776
vt 0.611843 0.500183
vt 0.610438 0.502739
vt 0.608720 0.505619
vt 0.605385 0.502712
vt 0.601870 0.499754
vt 0.598390 0.496560
vt 0.595536 0.492454
vt 0.596354 0.490450
vt 0.597172 0.488446
vt 0.597989 0.486442
vt 0.410141 0.330518
vt 0.413652 0.327565
vt 0.418709 0.332965
vt 0.414926 0.336322
vt 0.417160 0.324533
vt 0.422434 0.329478
vt 0.424186 0.338087
vt 0.419800 0.342034
vt 0.428499 0.334012
vt 0.405663 0.324415
vt 0.409192 0.321719
vt 0.412774 0.319016
vt 0.416242 0.316450
vt 0.420445 0.321558
vt 0.425675 0.325969
vt 0.431956 0.329767
vt 0.440381 0.333646
vt 0.435129 0.338360
vt 0.429878 0.343075
vt 0.424627 0.347789
vt 0.642341 0.540910
vt 0.637791 0.543197
vt 0.634439 0.539628
vt 0.638508 0.537254
vt 0.632987 0.545551
vt 0.630017 0.542106
vt 0.631119 0.536262
vt 0.634853 0.533746
vt 0.627031 0.538899
vt 0.646362 0.544603
vt 0.641166 0.546866
vt 0.635970 0.549129
vt 0.630774 0.551392
vt 0.627968 0.547853
vt 0.625338 0.544581
vt 0.622690 0.541560
vt 0.619945 0.538864
vt 0.623977 0.536022
vt 0.627785 0.533215
vt 0.631277 0.530535
vt 0.394138 0.303845
vt 0.399419 0.301094
vt 0.402242 0.308380
vt 0.397872 0.310945
vt 0.404787 0.298483
vt 0.406712 0.305956
vt 0.405434 0.315299
vt 0.401632 0.317856
vt 0.409323 0.312818
vt 0.390293 0.296693
vt 0.396780 0.293621
vt 0.403266 0.290548
vt 0.409753 0.287475
vt 0.409920 0.296730
vt 0.411009 0.304042
vt 0.413106 0.310604
vt 0.603240 0.506156
vt 0.600735 0.510043
vt 0.597143 0.507474
vt 0.599697 0.503356
vt 0.598075 0.514251
vt 0.594481 0.511924
vt 0.593330 0.504900
vt 0.596072 0.500442
vt 0.590534 0.509604
vt 0.606538 0.508951
vt 0.603999 0.512671
vt 0.601272 0.516666
vt 0.598529 0.520826
vt 0.595465 0.518676
vt 0.591991 0.516640
vt 0.588075 0.514589
vt 0.583275 0.512181
vt 0.586340 0.507249
vt 0.589406 0.502318
vt 0.592471 0.497386
vt 0.622697 0.549974
vt 0.617341 0.551896
vt 0.615646 0.549036
vt 0.620490 0.546939
vt 0.612058 0.553530
vt 0.610983 0.550690
vt 0.613886 0.546417
vt 0.618225 0.544130
vt 0.609918 0.548202
vt 0.624897 0.553137
vt 0.619019 0.554881
vt 0.613142 0.556626
vt 0.607264 0.558370
vt 0.607012 0.554465
vt 0.606607 0.551608
vt 0.606367 0.549197
vt 0.606321 0.547484
vt 0.608566 0.546182
vt 0.611914 0.544134
vt 0.615823 0.541629
vt 0.593101 0.523190
vt 0.591144 0.527551
vt 0.588302 0.526457
vt 0.589911 0.521551
vt 0.589756 0.531515
vt 0.587213 0.531130
vt 0.585228 0.525510
vt 0.586399 0.519980
vt 0.584406 0.530925
vt 0.595942 0.525009
vt 0.593684 0.528951
vt 0.591923 0.532344
vt 0.590852 0.534636
vt 0.589160 0.534964
vt 0.586839 0.535372
vt 0.584194 0.535892
vt 0.580790 0.537073
vt 0.581411 0.530850
vt 0.582033 0.524627
vt 0.582654 0.518404
vt 0.593683 0.533962
vt 0.595906 0.530768
vt 0.597967 0.532842
vt 0.595389 0.536000
vt 0.598446 0.527084
vt 0.600743 0.529320
vt 0.600047 0.534962
vt 0.597278 0.538075
vt 0.602989 0.531576
vt 0.591660 0.536406
vt 0.601212 0.523161
vt 0.603656 0.525601
vt 0.606035 0.528029
vt 0.608521 0.530328
vt 0.605331 0.533722
vt 0.602250 0.536981
vt 0.599382 0.540028
vt 0.594746 0.540802
vt 0.596832 0.542783
vt 0.592994 0.538633
vt 0.609104 0.524437
vt 0.606619 0.521849
vt 0.609511 0.518185
vt 0.612093 0.520909
vt 0.604070 0.519224
vt 0.606877 0.515407
vt 0.612207 0.514721
vt 0.614890 0.517557
vt 0.609485 0.511823
vt 0.611714 0.526881
vt 0.611748 0.508585
vt 0.614579 0.511568
vt 0.617385 0.514490
vt 0.617720 0.520245
vt 0.620337 0.517271
vt 0.614813 0.523485
vt 0.619512 0.511777
vt 0.616551 0.508796
vt 0.618245 0.506297
vt 0.621372 0.509327
vt 0.613575 0.505759
vt 0.615107 0.503225
vt 0.619832 0.503921
vt 0.623114 0.507006
vt 0.616541 0.500819
vt 0.622603 0.514631
vt 0.618074 0.498376
vt 0.621486 0.501519
vt 0.624882 0.504680
vt 0.626476 0.509996
vt 0.628335 0.507768
vt 0.624607 0.512245
vt 0.626828 0.502185
vt 0.623360 0.498913
vt 0.625542 0.495816
vt 0.629112 0.499235
vt 0.619867 0.495707
vt 0.621938 0.492528
vt 0.628100 0.491914
vt 0.631898 0.495510
vt 0.624273 0.488530
vt 0.630334 0.505410
vt 0.635740 0.499164
vt 0.632714 0.502645
vt 0.603096 0.549157
vt 0.602583 0.551567
vt 0.598897 0.550745
vt 0.600017 0.548346
vt 0.602389 0.554185
vt 0.598068 0.553170
vt 0.595543 0.549370
vt 0.597182 0.546995
vt 0.594009 0.551763
vt 0.604271 0.546905
vt 0.602319 0.556994
vt 0.597375 0.555617
vt 0.592430 0.554241
vt 0.587485 0.552864
vt 0.590534 0.549807
vt 0.592644 0.547478
vt 0.594647 0.545215
vt 0.599166 0.544500
vt 0.601687 0.545891
vt 0.421923 0.297270
vt 0.422230 0.301259
vt 0.418624 0.302115
vt 0.418429 0.297141
vt 0.423631 0.305501
vt 0.420102 0.307160
vt 0.414947 0.302884
vt 0.414511 0.296705
vt 0.416657 0.308778
vt 0.425245 0.294518
vt 0.425329 0.296768
vt 0.423025 0.293889
vt 0.426020 0.300004
vt 0.427445 0.303571
vt 0.429503 0.307086
vt 0.425925 0.309604
vt 0.422652 0.311890
vt 0.419490 0.314115
vt 0.416008 0.291175
vt 0.419912 0.292825
vt 0.435796 0.317609
vt 0.434657 0.321127
vt 0.430196 0.319172
vt 0.432295 0.315960
vt 0.433636 0.325225
vt 0.428147 0.322514
vt 0.426098 0.315984
vt 0.428907 0.313191
vt 0.423363 0.318733
vt 0.439405 0.315279
vt 0.439199 0.317699
vt 0.437439 0.314444
vt 0.439067 0.321228
vt 0.439187 0.325845
vt 0.432032 0.310213
vt 0.434779 0.312725
vt 0.440761 0.288247
vt 0.441396 0.286293
vt 0.444584 0.287758
vt 0.443421 0.289645
vt 0.441607 0.284133
vt 0.445251 0.285873
vt 0.447230 0.289787
vt 0.445605 0.291589
vt 0.448495 0.288027
vt 0.437396 0.289111
vt 0.437582 0.287648
vt 0.439267 0.290046
vt 0.437507 0.285665
vt 0.437257 0.283263
vt 0.437705 0.279532
vt 0.441694 0.281755
vt 0.445683 0.283979
vt 0.449672 0.286202
vt 0.453661 0.288425
vt 0.451116 0.290760
vt 0.449333 0.292318
vt 0.447385 0.293911
vt 0.443258 0.293624
vt 0.444865 0.295861
vt 0.441399 0.291625
vt 0.445609 0.305339
vt 0.442830 0.308221
vt 0.441185 0.306010
vt 0.444458 0.302990
vt 0.439932 0.311344
vt 0.437835 0.309348
vt 0.439404 0.303699
vt 0.443067 0.300672
vt 0.435612 0.306977
vt 0.448219 0.305378
vt 0.446668 0.307494
vt 0.448029 0.303252
vt 0.444260 0.310436
vt 0.441562 0.313317
vt 0.433490 0.304234
vt 0.437618 0.301239
vt 0.441530 0.298361
vt 0.446276 0.298199
vt 0.447376 0.300667
vt 0.439947 0.296019
vt 0.435943 0.298628
vt 0.434374 0.296010
vt 0.438273 0.293774
vt 0.431646 0.301225
vt 0.430158 0.298182
vt 0.432865 0.293548
vt 0.436490 0.291758
vt 0.429003 0.295367
vt 0.427767 0.293038
vt 0.431337 0.291325
vt 0.434892 0.289931
vt 0.425837 0.291293
vt 0.423294 0.289653
vt 0.427892 0.287483
vt 0.429703 0.289360
vt 0.420242 0.287739
vt 0.425871 0.285525
vt 0.432849 0.286107
vt 0.433808 0.288084
vt 0.431786 0.283923
vt 0.416741 0.285489
vt 0.423729 0.283504
vt 0.430717 0.281518
vt 0.442452 0.315856
vt 0.445449 0.312772
vt 0.446527 0.315355
vt 0.443054 0.319064
vt 0.447937 0.309245
vt 0.449401 0.311012
vt 0.447633 0.318258
vt 0.443737 0.322970
vt 0.451065 0.313037
vt 0.449571 0.305740
vt 0.451332 0.306597
vt 0.453474 0.307849
vt 0.457155 0.309052
vt 0.452962 0.315201
vt 0.448768 0.321349
vt 0.444575 0.327498
vt 0.606518 0.544675
vt 0.604101 0.543294
vt 0.607126 0.540516
vt 0.609614 0.542223
vt 0.601679 0.541767
vt 0.604633 0.538810
vt 0.610542 0.537544
vt 0.613233 0.539475
vt 0.607871 0.535678
vt 0.611238 0.532426
vt 0.614122 0.534439
vt 0.617062 0.536531
vt 0.620826 0.533524
vt 0.617659 0.531280
vt 0.621045 0.528159
vt 0.624402 0.530554
vt 0.614586 0.529121
vt 0.617815 0.525859
vt 0.624195 0.525177
vt 0.627706 0.527717
vt 0.620836 0.522743
vt 0.623562 0.519875
vt 0.627026 0.522430
vt 0.630651 0.525108
vt 0.633188 0.522789
vt 0.629485 0.519986
vt 0.631653 0.517782
vt 0.635402 0.520703
vt 0.625936 0.517324
vt 0.628040 0.515020
vt 0.633646 0.515723
vt 0.637414 0.518761
vt 0.629990 0.512859
vt 0.631901 0.510737
vt 0.635577 0.513715
vt 0.639345 0.516873
vt 0.641384 0.514935
vt 0.637617 0.511640
vt 0.640167 0.509285
vt 0.643995 0.512782
vt 0.633930 0.508521
vt 0.636401 0.505959
vt 0.643685 0.506415
vt 0.647712 0.510233
vt 0.639678 0.502770
vt 0.589566 0.537957
vt 0.590740 0.540654
vt 0.588548 0.542250
vt 0.587331 0.539049
vt 0.592471 0.543085
vt 0.590318 0.545078
vt 0.586349 0.543651
vt 0.584961 0.540025
vt 0.588123 0.546982
vt 0.585811 0.548916
vt 0.584138 0.544969
vt 0.582464 0.541021
vt 0.450100 0.302425
vt 0.449766 0.299321
vt 0.451781 0.298746
vt 0.452044 0.302494
vt 0.448807 0.296487
vt 0.450854 0.295331
vt 0.453629 0.298632
vt 0.454071 0.303081
vt 0.452699 0.294435
vt 0.454535 0.293582
vt 0.455408 0.298739
vt 0.456282 0.303895
vt 0.185492 0.539811
vt 0.186416 0.526174
vt 0.199185 0.526713
vt 0.198319 0.540412
vt 0.186885 0.513882
vt 0.199564 0.514356
vt 0.211647 0.527072
vt 0.210825 0.540781
vt 0.211937 0.514714
vt 0.187020 0.502133
vt 0.199550 0.502549
vt 0.211746 0.502906
vt 0.230635 0.405569
vt 0.239651 0.407409
vt 0.238070 0.422795
vt 0.229294 0.421551
vt 0.247961 0.409460
vt 0.246199 0.424127
vt 0.237460 0.437704
vt 0.228734 0.437045
vt 0.245567 0.438323
vt 0.255657 0.411636
vt 0.253808 0.425498
vt 0.253173 0.438877
vt 0.844517 0.550373
vt 0.836938 0.544632
vt 0.844138 0.534905
vt 0.852220 0.542121
vt 0.829802 0.540016
vt 0.836657 0.529296
vt 0.851765 0.525019
vt 0.860104 0.533319
vt 0.843978 0.518219
vt 0.836744 0.558007
vt 0.829931 0.554229
vt 0.823117 0.550450
vt 0.816304 0.546672
vt 0.822850 0.536440
vt 0.829225 0.525271
vt 0.835813 0.513295
vt 0.843497 0.498800
vt 0.852465 0.507376
vt 0.860242 0.515368
vt 0.868578 0.524372
vt 0.908599 0.450908
vt 0.911587 0.441893
vt 0.921272 0.439982
vt 0.919454 0.448017
vt 0.914615 0.432993
vt 0.923404 0.431723
vt 0.930891 0.436985
vt 0.929815 0.444290
vt 0.932217 0.429441
vt 0.892367 0.463716
vt 0.897771 0.451587
vt 0.907008 0.459891
vt 0.902087 0.441813
vt 0.905824 0.432556
vt 0.908943 0.423396
vt 0.917248 0.423978
vt 0.925327 0.423074
vt 0.933349 0.421367
vt 0.941708 0.419989
vt 0.941076 0.426737
vt 0.940444 0.433485
vt 0.939811 0.440233
vt 0.929574 0.451344
vt 0.939179 0.446981
vt 0.918816 0.455738
vt 0.079317 0.476979
vt 0.079933 0.467985
vt 0.092447 0.470215
vt 0.091751 0.479579
vt 0.080552 0.458293
vt 0.093133 0.460080
vt 0.105784 0.472302
vt 0.105022 0.482127
vt 0.106512 0.461643
vt 0.068032 0.474527
vt 0.068603 0.465791
vt 0.069172 0.456424
vt 0.120284 0.462839
vt 0.119581 0.474069
vt 0.118820 0.484424
vt 0.132849 0.486312
vt 0.133507 0.475384
vt 0.147356 0.476308
vt 0.146882 0.487791
vt 0.134092 0.463574
vt 0.147751 0.463958
vt 0.160953 0.476945
vt 0.160707 0.488905
vt 0.161125 0.464149
vt 0.174075 0.464306
vt 0.174123 0.477403
vt 0.174111 0.489694
vt 0.186937 0.490216
vt 0.186729 0.477778
vt 0.198791 0.478120
vt 0.199247 0.490587
vt 0.186484 0.464553
vt 0.198326 0.464885
vt 0.210365 0.478471
vt 0.211157 0.490938
vt 0.209595 0.465260
vt 0.043545 0.406721
vt 0.051656 0.407471
vt 0.051546 0.420008
vt 0.043576 0.418954
vt 0.060509 0.407983
vt 0.060323 0.420920
vt 0.051393 0.431981
vt 0.043577 0.430827
vt 0.060088 0.433200
vt 0.035784 0.405864
vt 0.059748 0.444499
vt 0.051102 0.443040
vt 0.043387 0.441867
vt 0.036235 0.429806
vt 0.036460 0.441777
vt 0.036009 0.417835
vt 0.653568 0.423504
vt 0.664839 0.427812
vt 0.662058 0.433508
vt 0.651181 0.429040
vt 0.676341 0.432654
vt 0.673244 0.438649
vt 0.659150 0.438549
vt 0.648733 0.434033
vt 0.669948 0.443868
vt 0.613509 0.382491
vt 0.613286 0.375001
vt 0.623461 0.372645
vt 0.624357 0.380284
vt 0.612742 0.367431
vt 0.622030 0.364899
vt 0.633790 0.370581
vt 0.635293 0.378659
vt 0.631593 0.362399
vt 0.602725 0.385087
vt 0.603192 0.377506
vt 0.603659 0.369924
vt 0.803637 0.436348
vt 0.811658 0.443687
vt 0.804985 0.449792
vt 0.797175 0.443415
vt 0.818515 0.451530
vt 0.811554 0.456631
vt 0.799075 0.456296
vt 0.791495 0.451039
vt 0.805417 0.461741
vt 0.823963 0.459834
vt 0.816538 0.463985
vt 0.809911 0.467565
vt 0.805218 0.470004
vt 0.800730 0.467191
vt 0.794230 0.463280
vt 0.786689 0.459123
vt 0.285306 0.360121
vt 0.283676 0.375697
vt 0.277953 0.372260
vt 0.280964 0.355774
vt 0.282008 0.391487
vt 0.275169 0.388229
vt 0.272227 0.368323
vt 0.276508 0.351091
vt 0.268612 0.384689
vt 0.286840 0.344844
vt 0.280021 0.406744
vt 0.272510 0.403150
vt 0.265518 0.399938
vt 0.281385 0.333277
vt 0.284113 0.339060
vt 0.906267 0.393614
vt 0.904951 0.402859
vt 0.896384 0.400675
vt 0.897662 0.391973
vt 0.903012 0.411963
vt 0.894664 0.409188
vt 0.887836 0.399104
vt 0.888671 0.390908
vt 0.886915 0.406951
vt 0.914204 0.394915
vt 0.906969 0.384167
vt 0.913130 0.404573
vt 0.911380 0.414077
vt 0.900415 0.420982
vt 0.892275 0.417594
vt 0.885284 0.414324
vt 0.880559 0.412133
vt 0.879962 0.406623
vt 0.879553 0.399273
vt 0.879561 0.391340
vt 0.889352 0.382235
vt 0.879741 0.382806
vt 0.898488 0.382945
vt 0.827832 0.468604
vt 0.830260 0.478015
vt 0.821240 0.480574
vt 0.819690 0.471945
vt 0.831342 0.488281
vt 0.821439 0.489911
vt 0.812586 0.482128
vt 0.812037 0.474353
vt 0.812126 0.490707
vt 0.836209 0.464648
vt 0.839508 0.474425
vt 0.841857 0.485178
vt 0.830443 0.499482
vt 0.820164 0.499917
vt 0.810727 0.500006
vt 0.803210 0.490590
vt 0.804249 0.482394
vt 0.804903 0.475160
vt 0.262878 0.413922
vt 0.269949 0.416594
vt 0.267956 0.428794
vt 0.261020 0.426938
vt 0.277213 0.420107
vt 0.274720 0.431584
vt 0.267109 0.440181
vt 0.260367 0.439400
vt 0.273336 0.441672
vt 0.284759 0.425536
vt 0.281349 0.436178
vt 0.279038 0.444897
vt 0.277784 0.450894
vt 0.273684 0.450994
vt 0.267925 0.451310
vt 0.261335 0.451739
vt 0.921278 0.395169
vt 0.927679 0.394495
vt 0.927454 0.404290
vt 0.920590 0.404994
vt 0.933689 0.393215
vt 0.933951 0.402868
vt 0.926684 0.413882
vt 0.919251 0.414631
vt 0.933876 0.412364
vt 0.939549 0.391643
vt 0.940269 0.401092
vt 0.940988 0.410540
vt 0.801641 0.407542
vt 0.792571 0.399065
vt 0.804761 0.391468
vt 0.812073 0.400891
vt 0.783123 0.389739
vt 0.797664 0.381258
vt 0.817770 0.384751
vt 0.823319 0.394856
vt 0.812605 0.373964
vt 0.827422 0.367683
vt 0.831021 0.378765
vt 0.834959 0.389251
vt 0.846625 0.383986
vt 0.844086 0.373438
vt 0.856707 0.368962
vt 0.858106 0.379353
vt 0.841785 0.362334
vt 0.855432 0.358025
vt 0.868670 0.365595
vt 0.869228 0.375738
vt 0.868117 0.354911
vt 0.849500 0.393979
vt 0.879593 0.353147
vt 0.879758 0.363596
vt 0.879817 0.373530
vt 0.869824 0.385206
vt 0.859712 0.389112
vt 0.889716 0.372939
vt 0.889797 0.363080
vt 0.898779 0.363585
vt 0.898830 0.373474
vt 0.889679 0.352770
vt 0.898460 0.353342
vt 0.906734 0.364510
vt 0.907081 0.374467
vt 0.906084 0.354305
vt 0.746647 0.457961
vt 0.756528 0.460086
vt 0.753268 0.470723
vt 0.743396 0.468858
vt 0.765769 0.462139
vt 0.762484 0.472286
vt 0.750393 0.481325
vt 0.740328 0.479755
vt 0.759713 0.482500
vt 0.774498 0.464553
vt 0.771241 0.474083
vt 0.768588 0.483843
vt 0.757503 0.492753
vt 0.748129 0.491837
vt 0.737990 0.490695
vt 0.782806 0.467591
vt 0.790640 0.470843
vt 0.787991 0.478984
vt 0.779722 0.476435
vt 0.797945 0.473680
vt 0.796110 0.481183
vt 0.785888 0.487681
vt 0.777275 0.485663
vt 0.794502 0.489470
vt 0.754086 0.523645
vt 0.744560 0.522280
vt 0.745548 0.512343
vt 0.754775 0.513317
vt 0.735254 0.521062
vt 0.736498 0.511561
vt 0.746618 0.502191
vt 0.755882 0.503024
vt 0.737147 0.501440
vt 0.753685 0.534013
vt 0.743578 0.532097
vt 0.733472 0.530180
vt 0.808425 0.509945
vt 0.817340 0.510495
vt 0.813469 0.521405
vt 0.805472 0.520352
vt 0.826610 0.511231
vt 0.821453 0.522832
vt 0.809126 0.532414
vt 0.802163 0.531036
vt 0.816001 0.534076
vt 0.810444 0.545061
vt 0.804583 0.543451
vt 0.798723 0.541840
vt 0.284432 0.451098
vt 0.287865 0.443225
vt 0.294310 0.452108
vt 0.289988 0.459585
vt 0.292153 0.434025
vt 0.299239 0.443912
vt 0.300723 0.461977
vt 0.295839 0.469427
vt 0.305973 0.454190
vt 0.280954 0.456999
vt 0.312404 0.464636
vt 0.307125 0.472300
vt 0.301845 0.479965
vt 0.291008 0.476203
vt 0.296565 0.487629
vt 0.285641 0.465901
vt 0.276382 0.460487
vt 0.280755 0.470783
vt 0.275202 0.474528
vt 0.270738 0.462689
vt 0.286047 0.481932
vt 0.280796 0.486887
vt 0.268880 0.477439
vt 0.264226 0.464345
vt 0.275013 0.491179
vt 0.291763 0.493586
vt 0.286960 0.499543
vt 0.282158 0.505500
vt 0.042816 0.451502
vt 0.050607 0.452940
vt 0.049971 0.461966
vt 0.042048 0.460328
vt 0.059270 0.454607
vt 0.058698 0.463778
vt 0.049275 0.470507
vt 0.041220 0.468839
vt 0.058096 0.472378
vt 0.035495 0.450280
vt 0.033565 0.467286
vt 0.034530 0.458783
vt 0.872883 0.465618
vt 0.862934 0.472893
vt 0.857820 0.464193
vt 0.866310 0.457912
vt 0.852538 0.479619
vt 0.848781 0.469755
vt 0.852600 0.455379
vt 0.860134 0.449827
vt 0.844546 0.460266
vt 0.879488 0.473277
vt 0.881713 0.457502
vt 0.868194 0.481338
vt 0.856777 0.489364
vt 0.866893 0.443421
vt 0.873788 0.450802
vt 0.877939 0.515669
vt 0.869873 0.506347
vt 0.880320 0.497931
vt 0.887970 0.507360
vt 0.862783 0.497958
vt 0.873867 0.489498
vt 0.891127 0.490056
vt 0.898327 0.499545
vt 0.885190 0.481461
vt 0.896845 0.474125
vt 0.902037 0.482901
vt 0.908692 0.492353
vt 0.897116 0.429982
vt 0.893082 0.439087
vt 0.884866 0.434378
vt 0.888998 0.425964
vt 0.888178 0.448376
vt 0.879896 0.442811
vt 0.877716 0.428540
vt 0.882060 0.421309
vt 0.872700 0.436120
vt 0.866490 0.428700
vt 0.871855 0.421880
vt 0.876825 0.415993
vt 0.873600 0.409456
vt 0.867404 0.414552
vt 0.864107 0.406640
vt 0.871680 0.401978
vt 0.861183 0.420762
vt 0.856664 0.412341
vt 0.861635 0.398184
vt 0.870543 0.393915
vt 0.852808 0.403422
vt 0.918759 0.485804
vt 0.912832 0.476589
vt 0.923282 0.470774
vt 0.928239 0.479453
vt 0.908729 0.468278
vt 0.920110 0.463136
vt 0.933242 0.465068
vt 0.936886 0.472775
vt 0.930800 0.458135
vt 0.941046 0.453180
vt 0.942913 0.459379
vt 0.944779 0.465578
vt 0.029206 0.541058
vt 0.039026 0.545138
vt 0.034327 0.569775
vt 0.023713 0.566797
vt 0.049416 0.548243
vt 0.045223 0.572465
vt 0.029091 0.596611
vt 0.017858 0.594003
vt 0.040436 0.599170
vt 0.019818 0.535915
vt 0.035350 0.627168
vt 0.023604 0.624483
vt 0.011859 0.621797
vt 0.006681 0.591380
vt 0.000113 0.619112
vt 0.013250 0.563648
s 1
f 2769/1/1 2770/2/2 2773/3/3 2772/4/4
f 2770/2/2 2771/5/5 2774/6/6 2773/3/3
f 2772/4/4 2773/3/3 2776/7/7 2775/8/8
f 2773/3/3 2774/6/6 2777/9/9 2776/7/7
f 2/10/10 402/11/11 2769/1/1 399/12/12
f 402/11/11 403/13/13 2770/2/2 2769/1/1
f 403/13/13 404/14/14 2771/5/5 2770/2/2
f 404/14/14 3/15/15 405/16/16 2771/5/5
f 2771/5/5 405/16/16 406/17/17 2774/6/6
f 2774/6/6 406/17/17 407/18/18 2777/9/9
f 2777/9/9 407/18/18 88/19/19 408/20/20
f 2776/7/7 2777/9/9 408/20/20 409/21/21
f 2775/8/8 2776/7/7 409/21/21 410/22/22
f 401/23/23 2775/8/8 410/22/22 92/24/24
f 400/25/25 2772/4/4 2775/8/8 401/23/23
f 399/12/12 2769/1/1 2772/4/4 400/25/25
f 2778/26/26 2779/27/27 2782/28/28 2781/29/29
f 2779/27/27 2780/30/30 2783/31/31 2782/28/28
f 2781/29/29 2782/28/28 2785/32/32 2784/33/33
f 2782/28/28 2783/31/31 2786/34/34 2785/32/32
f 92/24/24 413/35/35 2778/26/26 401/23/23
f 413/35/35 412/36/36 2779/27/27 2778/26/26
f 412/36/36 411/37/37 2780/30/30 2779/27/27
f 411/37/37 91/38/38 416/39/39 2780/30/30
f 2780/30/30 416/39/39 415/40/40 2783/31/31
f 2783/31/31 415/40/40 414/41/41 2786/34/34
f 2786/34/34 414/41/41 6/42/42 419/43/43
f 2785/32/32 2786/34/34 419/43/43 418/44/44
f 2784/33/33 2785/32/32 418/44/44 417/45/45
f 399/12/12 2784/33/33 417/45/45 2/10/10
f 400/25/25 2781/29/29 2784/33/33 399/12/12
f 401/23/23 2778/26/26 2781/29/29 400/25/25
f 2787/46/46 2788/47/47 2791/48/48 2790/49/49
f 2788/47/47 2789/50/50 2792/51/51 2791/48/48
f 2790/49/49 2791/48/48 2794/52/52 2793/53/53
f 2791/48/48 2792/51/51 2795/54/54 2794/52/52
f 91/38/38 422/55/55 2787/46/46 416/39/39
f 422/55/55 421/56/56 2788/47/47 2787/46/46
f 421/56/56 420/57/57 2789/50/50 2788/47/47
f 420/57/57 90/58/58 425/59/59 2789/50/50
f 2789/50/50 425/59/59 424/60/60 2792/51/51
f 2792/51/51 424/60/60 423/61/61 2795/54/54
f 2795/54/54 423/61/61 7/62/62 428/63/63
f 2794/52/52 2795/54/54 428/63/63 427/64/64
f 2793/53/53 2794/52/52 427/64/64 426/65/65
f 414/41/41 2793/53/53 426/65/65 6/42/42
f 415/40/40 2790/49/49 2793/53/53 414/41/41
f 416/39/39 2787/46/46 2790/49/49 415/40/40
f 2796/66/66 2797/67/67 2800/68/68 2799/69/69
f 2797/67/67 2798/70/70 2801/71/71 2800/68/68
f 2799/69/69 2800/68/68 2803/72/72 2802/73/73
f 2800/68/68 2801/71/71 2804/74/74 2803/72/72
f 6/42/42 426/65/65 2796/66/66 429/75/75
f 426/65/65 427/64/64 2797/67/67 2796/66/66
f 427/64/64 428/63/63 2798/70/70 2797/67/67
f 428/63/63 7/62/62 432/76/76 2798/70/70
f 2798/70/70 432/76/76 433/77/77 2801/71/71
f 2801/71/71 433/77/77 434/78/78 2804/74/74
f 2804/74/74 434/78/78 76/79/79 437/80/80
f 2803/72/72 2804/74/74 437/80/80 436/81/81
f 2802/73/73 2803/72/72 436/81/81 435/82/82
f 431/83/83 2802/73/73 435/82/82 75/84/84
f 430/85/85 2799/69/69 2802/73/73 431/83/83
f 429/75/75 2796/66/66 2799/69/69 430/85/85
f 2805/86/86 2806/87/87 2809/88/88 2808/89/89
f 2806/87/87 2807/90/90 2810/91/91 2809/88/88
f 2808/89/89 2809/88/88 2812/92/92 2811/93/93
f 2809/88/88 2810/91/91 2813/94/94 2812/92/92
f 9/95/95 441/96/96 2805/86/86 438/97/97
f 441/96/96 442/98/98 2806/87/87 2805/86/86
f 442/98/98 443/99/99 2807/90/90 2806/87/87
f 443/99/99 343/100/100 444/101/101 2807/90/90
f 2807/90/90 444/101/101 445/102/102 2810/91/91
f 2810/91/91 445/102/102 446/103/103 2813/94/94
f 2813/94/94 446/103/103 381/104/104 449/105/105
f 2812/92/92 2813/94/94 449/105/105 448/106/106
f 2811/93/93 2812/92/92 448/106/106 447/107/107
f 440/108/108 2811/93/93 447/107/107 14/109/109
f 439/110/110 2808/89/89 2811/93/93 440/108/108
f 438/97/97 2805/86/86 2808/89/89 439/110/110
f 2814/111/111 2815/112/112 2818/113/113 2817/114/114
f 2815/112/112 2816/115/115 2819/116/116 2818/113/113
f 2817/114/114 2818/113/113 2821/117/117 2820/118/118
f 2818/113/113 2819/116/116 2822/119/119 2821/117/117
f 1/120/120 453/121/121 2814/111/111 450/122/122
f 453/121/121 454/123/123 2815/112/112 2814/111/111
f 454/123/123 455/124/124 2816/115/115 2815/112/112
f 455/124/124 375/125/125 458/126/126 2816/115/115
f 2816/115/115 458/126/126 457/127/127 2819/116/116
f 2819/116/116 457/127/127 456/128/128 2822/119/119
f 2822/119/119 456/128/128 10/129/129 461/130/130
f 2821/117/117 2822/119/119 461/130/130 460/131/131
f 2820/118/118 2821/117/117 460/131/131 459/132/132
f 452/133/133 2820/118/118 459/132/132 4/134/134
f 451/135/135 2817/114/114 2820/118/118 452/133/133
f 450/122/122 2814/111/111 2817/114/114 451/135/135
f 2823/136/136 2824/137/137 2827/138/138 2826/139/139
f 2824/137/137 2825/140/140 2828/141/141 2827/138/138
f 2826/139/139 2827/138/138 2830/142/142 2829/143/143
f 2827/138/138 2828/141/141 2831/144/144 2830/142/142
f 4/134/134 459/132/132 2823/136/136 462/145/145
f 459/132/132 460/131/131 2824/137/137 2823/136/136
f 460/131/131 461/130/130 2825/140/140 2824/137/137
f 461/130/130 10/129/129 465/146/146 2825/140/140
f 2825/140/140 465/146/146 466/147/147 2828/141/141
f 2828/141/141 466/147/147 467/148/148 2831/144/144
f 2831/144/144 467/148/148 11/149/149 470/150/150
f 2830/142/142 2831/144/144 470/150/150 469/151/151
f 2829/143/143 2830/142/142 469/151/151 468/152/152
f 464/153/153 2829/143/143 468/152/152 5/154/154
f 463/155/155 2826/139/139 2829/143/143 464/153/153
f 462/145/145 2823/136/136 2826/139/139 463/155/155
f 2832/156/156 2833/157/157 2836/158/158 2835/159/159
f 2833/157/157 2834/160/160 2837/161/161 2836/158/158
f 2835/159/159 2836/158/158 2839/162/162 2838/163/163
f 2836/158/158 2837/161/161 2840/164/164 2839/162/162
f 5/154/154 468/152/152 2832/156/156 471/165/165
f 468/152/152 469/151/151 2833/157/157 2832/156/156
f 469/151/151 470/150/150 2834/160/160 2833/157/157
f 470/150/150 11/149/149 474/166/166 2834/160/160
f 2834/160/160 474/166/166 475/167/167 2837/161/161
f 2837/161/161 475/167/167 476/168/168 2840/164/164
f 2840/164/164 476/168/168 12/169/169 479/170/170
f 2839/162/162 2840/164/164 479/170/170 478/171/171
f 2838/163/163 2839/162/162 478/171/171 477/172/172
f 473/173/173 2838/163/163 477/172/172 8/174/174
f 472/175/175 2835/159/159 2838/163/163 473/173/173
f 471/165/165 2832/156/156 2835/159/159 472/175/175
f 2841/176/176 2842/177/177 2845/178/178 2844/179/179
f 2842/177/177 2843/180/180 2846/181/181 2845/178/178
f 2844/179/179 2845/178/178 2848/182/182 2847/183/183
f 2845/178/178 2846/181/181 2849/184/184 2848/182/182
f 9/185/95 483/186/185 2841/176/176 480/187/186
f 483/186/185 484/188/187 2842/177/177 2841/176/176
f 484/188/187 485/189/188 2843/180/180 2842/177/177
f 485/189/188 20/190/189 488/191/190 2843/180/180
f 2843/180/180 488/191/190 487/192/191 2846/181/181
f 2846/181/181 487/192/191 486/193/192 2849/184/184
f 2849/184/184 486/193/192 13/194/193 489/195/194
f 2848/182/182 2849/184/184 489/195/194 490/196/195
f 2847/183/183 2848/182/182 490/196/195 491/197/196
f 482/198/197 2847/183/183 491/197/196 342/199/198
f 481/200/199 2844/179/179 2847/183/183 482/198/197
f 480/187/186 2841/176/176 2844/179/179 481/200/199
f 2850/201/200 2851/202/201 2854/203/202 2853/204/203
f 2851/202/201 2852/205/204 2855/206/205 2854/203/202
f 2853/204/203 2854/203/202 2857/207/206 2856/208/207
f 2854/203/202 2855/206/205 2858/209/208 2857/207/206
f 18/210/209 495/211/210 2850/201/200 494/212/211
f 495/211/210 496/213/212 2851/202/201 2850/201/200
f 496/213/212 497/214/213 2852/205/204 2851/202/201
f 497/214/213 98/215/214 500/216/215 2852/205/204
f 2852/205/204 500/216/215 499/217/216 2855/206/205
f 2855/206/205 499/217/216 498/218/217 2858/209/208
f 2858/209/208 498/218/217 97/219/218 503/220/219
f 2857/207/206 2858/209/208 503/220/219 502/221/220
f 2856/208/207 2857/207/206 502/221/220 501/222/221
f 492/223/222 2856/208/207 501/222/221 17/224/223
f 493/225/224 2853/204/203 2856/208/207 492/223/222
f 494/212/211 2850/201/200 2853/204/203 493/225/224
f 2859/226/225 2860/227/226 2863/228/227 2862/229/228
f 2860/227/226 2861/230/229 2864/231/230 2863/228/227
f 2862/229/228 2863/228/227 2866/232/231 2865/233/232
f 2863/228/227 2864/231/230 2867/234/233 2866/232/231
f 19/235/234 507/236/235 2859/226/225 506/237/236
f 507/236/235 508/238/237 2860/227/226 2859/226/225
f 508/238/237 509/239/238 2861/230/229 2860/227/226
f 509/239/238 99/240/239 512/241/240 2861/230/229
f 2861/230/229 512/241/240 511/242/241 2864/231/230
f 2864/231/230 511/242/241 510/243/242 2867/234/233
f 2867/234/233 510/243/242 98/244/214 497/245/213
f 2866/232/231 2867/234/233 497/245/213 496/246/212
f 2865/233/232 2866/232/231 496/246/212 495/247/210
f 504/248/243 2865/233/232 495/247/210 18/249/209
f 505/250/244 2862/229/228 2865/233/232 504/248/243
f 506/237/236 2859/226/225 2862/229/228 505/250/244
f 2868/251/245 2869/252/246 2872/253/247 2871/254/248
f 2869/252/246 2870/255/249 2873/256/250 2872/253/247
f 2871/254/248 2872/253/247 2875/257/251 2874/258/252
f 2872/253/247 2873/256/250 2876/259/253 2875/257/251
f 14/109/109 513/260/254 2868/251/245 440/108/108
f 513/260/254 514/261/255 2869/252/246 2868/251/245
f 514/261/255 515/262/256 2870/255/249 2869/252/246
f 515/262/256 21/263/257 518/264/258 2870/255/249
f 2870/255/249 518/264/258 517/265/259 2873/256/250
f 2873/256/250 517/265/259 516/266/260 2876/259/253
f 2876/259/253 516/266/260 20/267/189 485/268/188
f 2875/257/251 2876/259/253 485/268/188 484/269/187
f 2874/258/252 2875/257/251 484/269/187 483/270/185
f 438/97/97 2874/258/252 483/270/185 9/95/95
f 439/110/110 2871/254/248 2874/258/252 438/97/97
f 440/108/108 2868/251/245 2871/254/248 439/110/110
f 2877/271/261 2878/272/262 2881/273/263 2880/274/264
f 2878/272/262 2879/275/265 2882/276/266 2881/273/263
f 2880/274/264 2881/273/263 2884/277/267 2883/278/268
f 2881/273/263 2882/276/266 2885/279/269 2884/277/267
f 20/190/189 519/280/270 2877/271/261 488/191/190
f 519/280/270 520/281/271 2878/272/262 2877/271/261
f 520/281/271 521/282/272 2879/275/265 2878/272/262
f 521/282/272 23/283/273 522/284/274 2879/275/265
f 2879/275/265 522/284/274 523/285/275 2882/276/266
f 2882/276/266 523/285/275 524/286/276 2885/279/269
f 2885/279/269 524/286/276 60/287/277 527/288/278
f 2884/277/267 2885/279/269 527/288/278 526/289/279
f 2883/278/268 2884/277/267 526/289/279 525/290/280
f 486/193/192 2883/278/268 525/290/280 13/194/193
f 487/192/191 2880/274/264 2883/278/268 486/193/192
f 488/191/190 2877/271/261 2880/274/264 487/192/191
f 2886/291/281 2887/292/282 2890/293/283 2889/294/284
f 2887/292/282 2888/295/285 2891/296/286 2890/293/283
f 2889/294/284 2890/293/283 2893/297/287 2892/298/288
f 2890/293/283 2891/296/286 2894/299/289 2893/297/287
f 21/263/257 528/300/290 2886/291/281 518/264/258
f 528/300/290 529/301/291 2887/292/282 2886/291/281
f 529/301/291 530/302/292 2888/295/285 2887/292/282
f 530/302/292 24/303/293 533/304/294 2888/295/285
f 2888/295/285 533/304/294 532/305/295 2891/296/286
f 2891/296/286 532/305/295 531/306/296 2894/299/289
f 2894/299/289 531/306/296 23/307/273 521/308/272
f 2893/297/287 2894/299/289 521/308/272 520/309/271
f 2892/298/288 2893/297/287 520/309/271 519/310/270
f 516/266/260 2892/298/288 519/310/270 20/267/189
f 517/265/259 2889/294/284 2892/298/288 516/266/260
f 518/264/258 2886/291/281 2889/294/284 517/265/259
f 2895/311/297 2896/312/298 2899/313/299 2898/314/300
f 2896/312/298 2897/315/301 2900/316/302 2899/313/299
f 2898/314/300 2899/313/299 2902/317/303 2901/318/304
f 2899/313/299 2900/316/302 2903/319/305 2902/317/303
f 22/320/306 537/321/307 2895/311/297 536/322/308
f 537/321/307 538/323/309 2896/312/298 2895/311/297
f 538/323/309 539/324/310 2897/315/301 2896/312/298
f 539/324/310 25/325/311 542/326/312 2897/315/301
f 2897/315/301 542/326/312 541/327/313 2900/316/302
f 2900/316/302 541/327/313 540/328/314 2903/319/305
f 2903/319/305 540/328/314 24/303/293 530/302/292
f 2902/317/303 2903/319/305 530/302/292 529/301/291
f 2901/318/304 2902/317/303 529/301/291 528/300/290
f 534/329/315 2901/318/304 528/300/290 21/263/257
f 535/330/316 2898/314/300 2901/318/304 534/329/315
f 536/322/308 2895/311/297 2898/314/300 535/330/316
f 2904/331/317 2905/332/318 2908/333/319 2907/334/320
f 2905/332/318 2906/335/321 2909/336/322 2908/333/319
f 2907/334/320 2908/333/319 2911/337/323 2910/338/324
f 2908/333/319 2909/336/322 2912/339/325 2911/337/323
f 60/287/277 543/340/326 2904/331/317 527/288/278
f 543/340/326 544/341/327 2905/332/318 2904/331/317
f 544/341/327 545/342/328 2906/335/321 2905/332/318
f 545/342/328 61/343/329 546/344/330 2906/335/321
f 2906/335/321 546/344/330 547/345/331 2909/336/322
f 2909/336/322 547/345/331 548/346/332 2912/339/325
f 2912/339/325 548/346/332 315/347/333 551/348/334
f 2911/337/323 2912/339/325 551/348/334 550/349/335
f 2910/338/324 2911/337/323 550/349/335 549/350/336
f 525/290/280 2910/338/324 549/350/336 13/194/193
f 526/289/279 2907/334/320 2910/338/324 525/290/280
f 527/288/278 2904/331/317 2907/334/320 526/289/279
f 2913/351/337 2914/352/338 2917/353/339 2916/354/340
f 2914/352/338 2915/355/341 2918/356/342 2917/353/339
f 2916/354/340 2917/353/339 2920/357/343 2919/358/344
f 2917/353/339 2918/356/342 2921/359/345 2920/357/343
f 61/360/329 552/361/346 2913/351/337 546/362/330
f 552/361/346 553/363/347 2914/352/338 2913/351/337
f 553/363/347 554/364/348 2915/355/341 2914/352/338
f 554/364/348 62/365/349 555/366/350 2915/355/341
f 2915/355/341 555/366/350 556/367/351 2918/356/342
f 2918/356/342 556/367/351 557/368/352 2921/359/345
f 2921/359/345 557/368/352 317/369/353 560/370/354
f 2920/357/343 2921/359/345 560/370/354 559/371/355
f 2919/358/344 2920/357/343 559/371/355 558/372/356
f 548/373/332 2919/358/344 558/372/356 315/374/333
f 547/375/331 2916/354/340 2919/358/344 548/373/332
f 546/362/330 2913/351/337 2916/354/340 547/375/331
f 2922/376/357 2923/377/358 2926/378/359 2925/379/360
f 2923/377/358 2924/380/361 2927/381/362 2926/378/359
f 2925/379/360 2926/378/359 2929/382/363 2928/383/364
f 2926/378/359 2927/381/362 2930/384/365 2929/382/363
f 97/219/218 563/385/366 2922/376/357 503/220/219
f 563/385/366 562/386/367 2923/377/358 2922/376/357
f 562/386/367 561/387/368 2924/380/361 2923/377/358
f 561/387/368 96/388/369 566/389/370 2924/380/361
f 2924/380/361 566/389/370 565/390/371 2927/381/362
f 2927/381/362 565/390/371 564/391/372 2930/384/365
f 2930/384/365 564/391/372 27/392/373 569/393/374
f 2929/382/363 2930/384/365 569/393/374 568/394/375
f 2928/383/364 2929/382/363 568/394/375 567/395/376
f 501/222/221 2928/383/364 567/395/376 17/224/223
f 502/221/220 2925/379/360 2928/383/364 501/222/221
f 503/220/219 2922/376/357 2925/379/360 502/221/220
f 2931/396/377 2932/397/378 2935/398/379 2934/399/380
f 2932/397/378 2933/400/381 2936/401/382 2935/398/379
f 2934/399/380 2935/398/379 2938/402/383 2937/403/384
f 2935/398/379 2936/401/382 2939/404/385 2938/402/383
f 96/405/369 575/406/386 2931/396/377 570/407/387
f 575/406/386 574/408/388 2932/397/378 2931/396/377
f 574/408/388 573/409/389 2933/400/381 2932/397/378
f 573/409/389 26/410/390 576/411/391 2933/400/381
f 2933/400/381 576/411/391 577/412/392 2936/401/382
f 2936/401/382 577/412/392 578/413/393 2939/404/385
f 2939/404/385 578/413/393 79/414/394 579/415/395
f 2938/402/383 2939/404/385 579/415/395 580/416/396
f 2937/403/384 2938/402/383 580/416/396 581/417/397
f 572/418/398 2937/403/384 581/417/397 112/419/399
f 571/420/400 2934/399/380 2937/403/384 572/418/398
f 570/407/387 2931/396/377 2934/399/380 571/420/400
f 2940/421/401 2941/422/402 2944/423/403 2943/424/404
f 2941/422/402 2942/425/405 2945/426/406 2944/423/403
f 2943/424/404 2944/423/403 2947/427/407 2946/428/408
f 2944/423/403 2945/426/406 2948/429/409 2947/427/407
f 17/224/223 582/430/410 2940/421/401 492/223/222
f 582/430/410 583/431/411 2941/422/402 2940/421/401
f 583/431/411 584/432/412 2942/425/405 2941/422/402
f 584/432/412 28/433/413 585/434/414 2942/425/405
f 2942/425/405 585/434/414 586/435/415 2945/426/406
f 2945/426/406 586/435/415 587/436/416 2948/429/409
f 2948/429/409 587/436/416 29/437/417 590/438/418
f 2947/427/407 2948/429/409 590/438/418 589/439/419
f 2946/428/408 2947/427/407 589/439/419 588/440/420
f 494/212/211 2946/428/408 588/440/420 18/210/209
f 493/225/224 2943/424/404 2946/428/408 494/212/211
f 492/223/222 2940/421/401 2943/424/404 493/225/224
f 2949/441/421 2950/442/422 2953/443/423 2952/444/424
f 2950/442/422 2951/445/425 2954/446/426 2953/443/423
f 2952/444/424 2953/443/423 2956/447/427 2955/448/428
f 2953/443/423 2954/446/426 2957/449/429 2956/447/427
f 18/249/209 588/450/420 2949/441/421 504/248/243
f 588/450/420 589/451/419 2950/442/422 2949/441/421
f 589/451/419 590/452/418 2951/445/425 2950/442/422
f 590/452/418 29/453/417 591/454/430 2951/445/425
f 2951/445/425 591/454/430 592/455/431 2954/446/426
f 2954/446/426 592/455/431 593/456/432 2957/449/429
f 2957/449/429 593/456/432 30/457/433 596/458/434
f 2956/447/427 2957/449/429 596/458/434 595/459/435
f 2955/448/428 2956/447/427 595/459/435 594/460/436
f 506/237/236 2955/448/428 594/460/436 19/235/234
f 505/250/244 2952/444/424 2955/448/428 506/237/236
f 504/248/243 2949/441/421 2952/444/424 505/250/244
f 2958/461/437 2959/462/438 2962/463/439 2961/464/440
f 2959/462/438 2960/465/441 2963/466/442 2962/463/439
f 2961/464/440 2962/463/439 2965/467/443 2964/468/444
f 2962/463/439 2963/466/442 2966/469/445 2965/467/443
f 27/392/373 597/470/446 2958/461/437 569/393/374
f 597/470/446 598/471/447 2959/462/438 2958/461/437
f 598/471/447 599/472/448 2960/465/441 2959/462/438
f 599/472/448 31/473/449 602/474/450 2960/465/441
f 2960/465/441 602/474/450 601/475/451 2963/466/442
f 2963/466/442 601/475/451 600/476/452 2966/469/445
f 2966/469/445 600/476/452 28/433/413 584/432/412
f 2965/467/443 2966/469/445 584/432/412 583/431/411
f 2964/468/444 2965/467/443 583/431/411 582/430/410
f 567/395/376 2964/468/444 582/430/410 17/224/223
f 568/394/375 2961/464/440 2964/468/444 567/395/376
f 569/393/374 2958/461/437 2961/464/440 568/394/375
f 2967/477/453 2968/478/454 2971/479/455 2970/480/456
f 2968/478/454 2969/481/457 2972/482/458 2971/479/455
f 2970/480/456 2971/479/455 2974/483/459 2973/484/460
f 2971/479/455 2972/482/458 2975/485/461 2974/483/459
f 109/486/462 606/487/463 2967/477/453 605/488/464
f 606/487/463 607/489/465 2968/478/454 2967/477/453
f 607/489/465 608/490/466 2969/481/457 2968/478/454
f 608/490/466 110/491/467 611/492/468 2969/481/457
f 2969/481/457 611/492/468 610/493/469 2972/482/458
f 2972/482/458 610/493/469 609/494/470 2975/485/461
f 2975/485/461 609/494/470 31/495/449 599/496/448
f 2974/483/459 2975/485/461 599/496/448 598/497/447
f 2973/484/460 2974/483/459 598/497/447 597/498/446
f 603/499/471 2973/484/460 597/498/446 27/500/373
f 604/501/472 2970/480/456 2973/484/460 603/499/471
f 605/488/464 2967/477/453 2970/480/456 604/501/472
f 2976/502/473 2977/503/474 2980/504/475 2979/505/476
f 2977/503/474 2978/506/477 2981/507/478 2980/504/475
f 2979/505/476 2980/504/475 2983/508/479 2982/509/480
f 2980/504/475 2981/507/478 2984/510/481 2983/508/479
f 28/433/413 612/511/482 2976/502/473 585/434/414
f 612/511/482 613/512/483 2977/503/474 2976/502/473
f 613/512/483 614/513/484 2978/506/477 2977/503/474
f 614/513/484 32/514/485 615/515/486 2978/506/477
f 2978/506/477 615/515/486 616/516/487 2981/507/478
f 2981/507/478 616/516/487 617/517/488 2984/510/481
f 2984/510/481 617/517/488 33/518/489 620/519/490
f 2983/508/479 2984/510/481 620/519/490 619/520/491
f 2982/509/480 2983/508/479 619/520/491 618/521/492
f 587/436/416 2982/509/480 618/521/492 29/437/417
f 586/435/415 2979/505/476 2982/509/480 587/436/416
f 585/434/414 2976/502/473 2979/505/476 586/435/415
f 2985/522/493 2986/523/494 2989/524/495 2988/525/496
f 2986/523/494 2987/526/497 2990/527/498 2989/524/495
f 2988/525/496 2989/524/495 2992/528/499 2991/529/500
f 2989/524/495 2990/527/498 2993/530/501 2992/528/499
f 29/453/417 618/531/492 2985/522/493 591/454/430
f 618/531/492 619/532/491 2986/523/494 2985/522/493
f 619/532/491 620/533/490 2987/526/497 2986/523/494
f 620/533/490 33/534/489 621/535/502 2987/526/497
f 2987/526/497 621/535/502 622/536/503 2990/527/498
f 2990/527/498 622/536/503 623/537/504 2993/530/501
f 2993/530/501 623/537/504 34/538/505 626/539/506
f 2992/528/499 2993/530/501 626/539/506 625/540/507
f 2991/529/500 2992/528/499 625/540/507 624/541/508
f 593/456/432 2991/529/500 624/541/508 30/457/433
f 592/455/431 2988/525/496 2991/529/500 593/456/432
f 591/454/430 2985/522/493 2988/525/496 592/455/431
f 2994/542/509 2995/543/510 2998/544/511 2997/545/512
f 2995/543/510 2996/546/513 2999/547/514 2998/544/511
f 2997/545/512 2998/544/511 3001/548/515 3000/549/516
f 2998/544/511 2999/547/514 3002/550/517 3001/548/515
f 31/473/449 627/551/518 2994/542/509 602/474/450
f 627/551/518 628/552/519 2995/543/510 2994/542/509
f 628/552/519 629/553/520 2996/546/513 2995/543/510
f 629/553/520 35/554/521 632/555/522 2996/546/513
f 2996/546/513 632/555/522 631/556/523 2999/547/514
f 2999/547/514 631/556/523 630/557/524 3002/550/517
f 3002/550/517 630/557/524 32/514/485 614/513/484
f 3001/548/515 3002/550/517 614/513/484 613/512/483
f 3000/549/516 3001/548/515 613/512/483 612/511/482
f 600/476/452 3000/549/516 612/511/482 28/433/413
f 601/475/451 2997/545/512 3000/549/516 600/476/452
f 602/474/450 2994/542/509 2997/545/512 601/475/451
f 3003/558/525 3004/559/526 3007/560/527 3006/561/528
f 3004/559/526 3005/562/529 3008/563/530 3007/560/527
f 3006/561/528 3007/560/527 3010/564/531 3009/565/532
f 3007/560/527 3008/563/530 3011/566/533 3010/564/531
f 110/491/467 635/567/534 3003/558/525 611/492/468
f 635/567/534 634/568/535 3004/559/526 3003/558/525
f 634/568/535 633/569/536 3005/562/529 3004/559/526
f 633/569/536 36/570/537 638/571/538 3005/562/529
f 3005/562/529 638/571/538 637/572/539 3008/563/530
f 3008/563/530 637/572/539 636/573/540 3011/566/533
f 3011/566/533 636/573/540 35/574/521 629/575/520
f 3010/564/531 3011/566/533 629/575/520 628/576/519
f 3009/565/532 3010/564/531 628/576/519 627/577/518
f 609/494/470 3009/565/532 627/577/518 31/495/449
f 610/493/469 3006/561/528 3009/565/532 609/494/470
f 611/492/468 3003/558/525 3006/561/528 610/493/469
f 3012/578/541 3013/579/542 3016/580/543 3015/581/544
f 3013/579/542 3014/582/545 3017/583/546 3016/580/543
f 3015/581/544 3016/580/543 3019/584/547 3018/585/548
f 3016/580/543 3017/583/546 3020/586/549 3019/584/547
f 32/514/485 639/587/550 3012/578/541 615/515/486
f 639/587/550 640/588/551 3013/579/542 3012/578/541
f 640/588/551 641/589/552 3014/582/545 3013/579/542
f 641/589/552 37/590/553 642/591/554 3014/582/545
f 3014/582/545 642/591/554 643/592/555 3017/583/546
f 3017/583/546 643/592/555 644/593/556 3020/586/549
f 3020/586/549 644/593/556 38/594/557 647/595/558
f 3019/584/547 3020/586/549 647/595/558 646/596/559
f 3018/585/548 3019/584/547 646/596/559 645/597/560
f 617/517/488 3018/585/548 645/597/560 33/518/489
f 616/516/487 3015/581/544 3018/585/548 617/517/488
f 615/515/486 3012/578/541 3015/581/544 616/516/487
f 3021/598/561 3022/599/562 3025/600/563 3024/601/564
f 3022/599/562 3023/602/565 3026/603/566 3025/600/563
f 3024/601/564 3025/600/563 3028/604/567 3027/605/568
f 3025/600/563 3026/603/566 3029/606/569 3028/604/567
f 33/534/489 645/607/560 3021/598/561 621/535/502
f 645/607/560 646/608/559 3022/599/562 3021/598/561
f 646/608/559 647/609/558 3023/602/565 3022/599/562
f 647/609/558 38/610/557 648/611/570 3023/602/565
f 3023/602/565 648/611/570 649/612/571 3026/603/566
f 3026/603/566 649/612/571 650/613/572 3029/606/569
f 3029/606/569 650/613/572 39/614/573 653/615/574
f 3028/604/567 3029/606/569 653/615/574 652/616/575
f 3027/605/568 3028/604/567 652/616/575 651/617/576
f 623/537/504 3027/605/568 651/617/576 34/538/505
f 622/536/503 3024/601/564 3027/605/568 623/537/504
f 621/535/502 3021/598/561 3024/601/564 622/536/503
f 3030/618/577 3031/619/578 3034/620/579 3033/621/580
f 3031/619/578 3032/622/581 3035/623/582 3034/620/579
f 3033/621/580 3034/620/579 3037/624/583 3036/625/584
f 3034/620/579 3035/623/582 3038/626/585 3037/624/583
f 35/554/521 654/627/586 3030/618/577 632/555/522
f 654/627/586 655/628/587 3031/619/578 3030/618/577
f 655/628/587 656/629/588 3032/622/581 3031/619/578
f 656/629/588 40/630/589 659/631/590 3032/622/581
f 3032/622/581 659/631/590 658/632/591 3035/623/582
f 3035/623/582 658/632/591 657/633/592 3038/626/585
f 3038/626/585 657/633/592 37/590/553 641/589/552
f 3037/624/583 3038/626/585 641/589/552 640/588/551
f 3036/625/584 3037/624/583 640/588/551 639/587/550
f 630/557/524 3036/625/584 639/587/550 32/514/485
f 631/556/523 3033/621/580 3036/625/584 630/557/524
f 632/555/522 3030/618/577 3033/621/580 631/556/523
f 3039/634/593 3040/635/594 3043/636/595 3042/637/596
f 3040/635/594 3041/638/597 3044/639/598 3043/636/595
f 3042/637/596 3043/636/595 3046/640/599 3045/641/600
f 3043/636/595 3044/639/598 3047/642/601 3046/640/599
f 36/570/537 660/643/602 3039/634/593 638/571/538
f 660/643/602 661/644/603 3040/635/594 3039/634/593
f 661/644/603 662/645/604 3041/638/597 3040/635/594
f 662/645/604 41/646/605 665/647/606 3041/638/597
f 3041/638/597 665/647/606 664/648/607 3044/639/598
f 3044/639/598 664/648/607 663/649/608 3047/642/601
f 3047/642/601 663/649/608 40/650/589 656/651/588
f 3046/640/599 3047/642/601 656/651/588 655/652/587
f 3045/641/600 3046/640/599 655/652/587 654/653/586
f 636/573/540 3045/641/600 654/653/586 35/574/521
f 637/572/539 3042/637/596 3045/641/600 636/573/540
f 638/571/538 3039/634/593 3042/637/596 637/572/539
f 3048/654/609 3049/655/610 3052/656/611 3051/657/612
f 3049/655/610 3050/658/613 3053/659/614 3052/656/611
f 3051/657/612 3052/656/611 3055/660/615 3054/661/616
f 3052/656/611 3053/659/614 3056/662/617 3055/660/615
f 374/663/618 669/664/619 3048/654/609 666/665/620
f 669/664/619 670/666/621 3049/655/610 3048/654/609
f 670/666/621 671/667/622 3050/658/613 3049/655/610
f 671/667/622 375/125/125 674/668/623 3050/658/613
f 3050/658/613 674/668/623 673/669/624 3053/659/614
f 3053/659/614 673/669/624 672/670/625 3056/662/617
f 3056/662/617 672/670/625 341/671/626 675/672/627
f 3055/660/615 3056/662/617 675/672/627 676/673/628
f 3054/661/616 3055/660/615 676/673/628 677/674/629
f 668/675/630 3054/661/616 677/674/629 392/676/631
f 667/677/632 3051/657/612 3054/661/616 668/675/630
f 666/665/620 3048/654/609 3051/657/612 667/677/632
f 3057/678/633 3058/679/634 3061/680/635 3060/681/636
f 3058/679/634 3059/682/637 3062/683/638 3061/680/635
f 3060/681/636 3061/680/635 3064/684/639 3063/685/640
f 3061/680/635 3062/683/638 3065/686/641 3064/684/639
f 379/687/642 683/688/643 3057/678/633 680/689/644
f 683/688/643 682/690/645 3058/679/634 3057/678/633
f 682/690/645 681/691/646 3059/682/637 3058/679/634
f 681/691/646 326/692/647 684/693/648 3059/682/637
f 3059/682/637 684/693/648 685/694/649 3062/683/638
f 3062/683/638 685/694/649 686/695/650 3065/686/641
f 3065/686/641 686/695/650 327/696/651 687/697/652
f 3064/684/639 3065/686/641 687/697/652 688/698/653
f 3063/685/640 3064/684/639 688/698/653 689/699/654
f 678/700/655 3063/685/640 689/699/654 378/701/656
f 679/702/657 3060/681/636 3063/685/640 678/700/655
f 680/689/644 3057/678/633 3060/681/636 679/702/657
f 3066/703/658 3067/704/659 3070/705/660 3069/706/661
f 3067/704/659 3068/707/662 3071/708/663 3070/705/660
f 3069/706/661 3070/705/660 3073/709/664 3072/710/665
f 3070/705/660 3071/708/663 3074/711/666 3073/709/664
f 378/701/656 689/699/654 3066/703/658 692/712/667
f 689/699/654 688/698/653 3067/704/659 3066/703/658
f 688/698/653 687/697/652 3068/707/662 3067/704/659
f 687/697/652 327/696/651 695/713/668 3068/707/662
f 3068/707/662 695/713/668 694/714/669 3071/708/663
f 3071/708/663 694/714/669 693/715/670 3074/711/666
f 3074/711/666 693/715/670 323/716/671 696/717/672
f 3073/709/664 3074/711/666 696/717/672 697/718/673
f 3072/710/665 3073/709/664 697/718/673 698/719/674
f 690/720/675 3072/710/665 698/719/674 377/721/676
f 691/722/677 3069/706/661 3072/710/665 690/720/675
f 692/712/667 3066/703/658 3069/706/661 691/722/677
f 3075/723/678 3076/724/679 3079/725/680 3078/726/681
f 3076/724/679 3077/727/682 3080/728/683 3079/725/680
f 3078/726/681 3079/725/680 3082/729/684 3081/730/685
f 3079/725/680 3080/728/683 3083/731/686 3082/729/684
f 13/194/193 549/350/336 3075/723/678 489/195/194
f 549/350/336 550/349/335 3076/724/679 3075/723/678
f 550/349/335 551/348/334 3077/727/682 3076/724/679
f 551/348/334 315/347/333 699/732/687 3077/727/682
f 3077/727/682 699/732/687 700/733/688 3080/728/683
f 3080/728/683 700/733/688 701/734/689 3083/731/686
f 3083/731/686 701/734/689 316/735/690 702/736/691
f 3082/729/684 3083/731/686 702/736/691 703/737/692
f 3081/730/685 3082/729/684 703/737/692 704/738/693
f 491/197/196 3081/730/685 704/738/693 342/199/198
f 490/196/195 3078/726/681 3081/730/685 491/197/196
f 489/195/194 3075/723/678 3078/726/681 490/196/195
f 3084/739/694 3085/740/695 3088/741/696 3087/742/697
f 3085/740/695 3086/743/698 3089/744/699 3088/741/696
f 3087/742/697 3088/741/696 3091/745/700 3090/746/701
f 3088/741/696 3089/744/699 3092/747/702 3091/745/700
f 37/590/553 705/748/703 3084/739/694 642/591/554
f 705/748/703 706/749/704 3085/740/695 3084/739/694
f 706/749/704 707/750/705 3086/743/698 3085/740/695
f 707/750/705 42/751/706 708/752/707 3086/743/698
f 3086/743/698 708/752/707 709/753/708 3089/744/699
f 3089/744/699 709/753/708 710/754/709 3092/747/702
f 3092/747/702 710/754/709 43/755/710 713/756/711
f 3091/745/700 3092/747/702 713/756/711 712/757/712
f 3090/746/701 3091/745/700 712/757/712 711/758/713
f 644/593/556 3090/746/701 711/758/713 38/594/557
f 643/592/555 3087/742/697 3090/746/701 644/593/556
f 642/591/554 3084/739/694 3087/742/697 643/592/555
f 3093/759/714 3094/760/715 3097/761/716 3096/762/717
f 3094/760/715 3095/763/718 3098/764/719 3097/761/716
f 3096/762/717 3097/761/716 3100/765/720 3099/766/721
f 3097/761/716 3098/764/719 3101/767/722 3100/765/720
f 38/610/557 711/768/713 3093/759/714 648/611/570
f 711/768/713 712/769/712 3094/760/715 3093/759/714
f 712/769/712 713/770/711 3095/763/718 3094/760/715
f 713/770/711 43/771/710 714/772/723 3095/763/718
f 3095/763/718 714/772/723 715/773/724 3098/764/719
f 3098/764/719 715/773/724 716/774/725 3101/767/722
f 3101/767/722 716/774/725 44/775/726 719/776/727
f 3100/765/720 3101/767/722 719/776/727 718/777/728
f 3099/766/721 3100/765/720 718/777/728 717/778/729
f 650/613/572 3099/766/721 717/778/729 39/614/573
f 649/612/571 3096/762/717 3099/766/721 650/613/572
f 648/611/570 3093/759/714 3096/762/717 649/612/571
f 3102/779/730 3103/780/731 3106/781/732 3105/782/733
f 3103/780/731 3104/783/734 3107/784/735 3106/781/732
f 3105/782/733 3106/781/732 3109/785/736 3108/786/737
f 3106/781/732 3107/784/735 3110/787/738 3109/785/736
f 40/630/589 720/788/739 3102/779/730 659/631/590
f 720/788/739 721/789/740 3103/780/731 3102/779/730
f 721/789/740 722/790/741 3104/783/734 3103/780/731
f 722/790/741 45/791/742 725/792/743 3104/783/734
f 3104/783/734 725/792/743 724/793/744 3107/784/735
f 3107/784/735 724/793/744 723/794/745 3110/787/738
f 3110/787/738 723/794/745 42/751/706 707/750/705
f 3109/785/736 3110/787/738 707/750/705 706/749/704
f 3108/786/737 3109/785/736 706/749/704 705/748/703
f 657/633/592 3108/786/737 705/748/703 37/590/553
f 658/632/591 3105/782/733 3108/786/737 657/633/592
f 659/631/590 3102/779/730 3105/782/733 658/632/591
f 3111/795/746 3112/796/747 3115/797/748 3114/798/749
f 3112/796/747 3113/799/750 3116/800/751 3115/797/748
f 3114/798/749 3115/797/748 3118/801/752 3117/802/753
f 3115/797/748 3116/800/751 3119/803/754 3118/801/752
f 41/646/605 726/804/755 3111/795/746 665/647/606
f 726/804/755 727/805/756 3112/796/747 3111/795/746
f 727/805/756 728/806/757 3113/799/750 3112/796/747
f 728/806/757 46/807/758 731/808/759 3113/799/750
f 3113/799/750 731/808/759 730/809/760 3116/800/751
f 3116/800/751 730/809/760 729/810/761 3119/803/754
f 3119/803/754 729/810/761 45/811/742 722/812/741
f 3118/801/752 3119/803/754 722/812/741 721/813/740
f 3117/802/753 3118/801/752 721/813/740 720/814/739
f 663/649/608 3117/802/753 720/814/739 40/650/589
f 664/648/607 3114/798/749 3117/802/753 663/649/608
f 665/647/606 3111/795/746 3114/798/749 664/648/607
f 3120/815/762 3121/816/763 3124/817/764 3123/818/765
f 3121/816/763 3122/819/766 3125/820/767 3124/817/764
f 3123/818/765 3124/817/764 3127/821/768 3126/822/769
f 3124/817/764 3125/820/767 3128/823/770 3127/821/768
f 42/751/706 732/824/771 3120/815/762 708/752/707
f 732/824/771 733/825/772 3121/816/763 3120/815/762
f 733/825/772 734/826/773 3122/819/766 3121/816/763
f 734/826/773 47/827/774 735/828/775 3122/819/766
f 3122/819/766 735/828/775 736/829/776 3125/820/767
f 3125/820/767 736/829/776 737/830/777 3128/823/770
f 3128/823/770 737/830/777 48/831/778 740/832/779
f 3127/821/768 3128/823/770 740/832/779 739/833/780
f 3126/822/769 3127/821/768 739/833/780 738/834/781
f 710/754/709 3126/822/769 738/834/781 43/755/710
f 709/753/708 3123/818/765 3126/822/769 710/754/709
f 708/752/707 3120/815/762 3123/818/765 709/753/708
f 3129/835/782 3130/836/783 3133/837/784 3132/838/785
f 3130/836/783 3131/839/786 3134/840/787 3133/837/784
f 3132/838/785 3133/837/784 3136/841/788 3135/842/789
f 3133/837/784 3134/840/787 3137/843/790 3136/841/788
f 43/771/710 738/844/781 3129/835/782 714/772/723
f 738/844/781 739/845/780 3130/836/783 3129/835/782
f 739/845/780 740/846/779 3131/839/786 3130/836/783
f 740/846/779 48/847/778 741/848/791 3131/839/786
f 3131/839/786 741/848/791 742/849/792 3134/840/787
f 3134/840/787 742/849/792 743/850/793 3137/843/790
f 3137/843/790 743/850/793 49/851/794 746/852/795
f 3136/841/788 3137/843/790 746/852/795 745/853/796
f 3135/842/789 3136/841/788 745/853/796 744/854/797
f 716/774/725 3135/842/789 744/854/797 44/775/726
f 715/773/724 3132/838/785 3135/842/789 716/774/725
f 714/772/723 3129/835/782 3132/838/785 715/773/724
f 3138/855/798 3139/856/799 3142/857/800 3141/858/801
f 3139/856/799 3140/859/802 3143/860/803 3142/857/800
f 3141/858/801 3142/857/800 3145/861/804 3144/862/805
f 3142/857/800 3143/860/803 3146/863/806 3145/861/804
f 45/791/742 747/864/807 3138/855/798 725/792/743
f 747/864/807 748/865/808 3139/856/799 3138/855/798
f 748/865/808 749/866/809 3140/859/802 3139/856/799
f 749/866/809 50/867/810 752/868/811 3140/859/802
f 3140/859/802 752/868/811 751/869/812 3143/860/803
f 3143/860/803 751/869/812 750/870/813 3146/863/806
f 3146/863/806 750/870/813 47/827/774 734/826/773
f 3145/861/804 3146/863/806 734/826/773 733/825/772
f 3144/862/805 3145/861/804 733/825/772 732/824/771
f 723/794/745 3144/862/805 732/824/771 42/751/706
f 724/793/744 3141/858/801 3144/862/805 723/794/745
f 725/792/743 3138/855/798 3141/858/801 724/793/744
f 3147/871/814 3148/872/815 3151/873/816 3150/874/817
f 3148/872/815 3149/875/818 3152/876/819 3151/873/816
f 3150/874/817 3151/873/816 3154/877/820 3153/878/821
f 3151/873/816 3152/876/819 3155/879/822 3154/877/820
f 46/807/758 753/880/823 3147/871/814 731/808/759
f 753/880/823 754/881/824 3148/872/815 3147/871/814
f 754/881/824 755/882/825 3149/875/818 3148/872/815
f 755/882/825 51/883/826 758/884/827 3149/875/818
f 3149/875/818 758/884/827 757/885/828 3152/876/819
f 3152/876/819 757/885/828 756/886/829 3155/879/822
f 3155/879/822 756/886/829 50/887/810 749/888/809
f 3154/877/820 3155/879/822 749/888/809 748/889/808
f 3153/878/821 3154/877/820 748/889/808 747/890/807
f 729/810/761 3153/878/821 747/890/807 45/811/742
f 730/809/760 3150/874/817 3153/878/821 729/810/761
f 731/808/759 3147/871/814 3150/874/817 730/809/760
f 3156/891/830 3157/892/831 3160/893/832 3159/894/833
f 3157/892/831 3158/895/834 3161/896/835 3160/893/832
f 3159/894/833 3160/893/832 3163/897/836 3162/898/837
f 3160/893/832 3161/896/835 3164/899/838 3163/897/836
f 47/827/774 759/900/839 3156/891/830 735/828/775
f 759/900/839 760/901/840 3157/892/831 3156/891/830
f 760/901/840 761/902/841 3158/895/834 3157/892/831
f 761/902/841 52/903/842 762/904/843 3158/895/834
f 3158/895/834 762/904/843 763/905/844 3161/896/835
f 3161/896/835 763/905/844 764/906/845 3164/899/838
f 3164/899/838 764/906/845 53/907/846 767/908/847
f 3163/897/836 3164/899/838 767/908/847 766/909/848
f 3162/898/837 3163/897/836 766/909/848 765/910/849
f 737/830/777 3162/898/837 765/910/849 48/831/778
f 736/829/776 3159/894/833 3162/898/837 737/830/777
f 735/828/775 3156/891/830 3159/894/833 736/829/776
f 3165/911/850 3166/912/851 3169/913/852 3168/914/853
f 3166/912/851 3167/915/854 3170/916/855 3169/913/852
f 3168/914/853 3169/913/852 3172/917/856 3171/918/857
f 3169/913/852 3170/916/855 3173/919/858 3172/917/856
f 48/847/778 765/920/849 3165/911/850 741/848/791
f 765/920/849 766/921/848 3166/912/851 3165/911/850
f 766/921/848 767/922/847 3167/915/854 3166/912/851
f 767/922/847 53/923/846 768/924/859 3167/915/854
f 3167/915/854 768/924/859 769/925/860 3170/916/855
f 3170/916/855 769/925/860 770/926/861 3173/919/858
f 3173/919/858 770/926/861 54/927/862 773/928/863
f 3172/917/856 3173/919/858 773/928/863 772/929/864
f 3171/918/857 3172/917/856 772/929/864 771/930/865
f 743/850/793 3171/918/857 771/930/865 49/851/794
f 742/849/792 3168/914/853 3171/918/857 743/850/793
f 741/848/791 3165/911/850 3168/914/853 742/849/792
f 3174/931/866 3175/932/867 3178/933/868 3177/934/869
f 3175/932/867 3176/935/870 3179/936/871 3178/933/868
f 3177/934/869 3178/933/868 3181/937/872 3180/938/873
f 3178/933/868 3179/936/871 3182/939/874 3181/937/872
f 50/867/810 774/940/875 3174/931/866 752/868/811
f 774/940/875 775/941/876 3175/932/867 3174/931/866
f 775/941/876 776/942/877 3176/935/870 3175/932/867
f 776/942/877 55/943/878 779/944/879 3176/935/870
f 3176/935/870 779/944/879 778/945/880 3179/936/871
f 3179/936/871 778/945/880 777/946/881 3182/939/874
f 3182/939/874 777/946/881 52/903/842 761/902/841
f 3181/937/872 3182/939/874 761/902/841 760/901/840
f 3180/938/873 3181/937/872 760/901/840 759/900/839
f 750/870/813 3180/938/873 759/900/839 47/827/774
f 751/869/812 3177/934/869 3180/938/873 750/870/813
f 752/868/811 3174/931/866 3177/934/869 751/869/812
f 3183/947/882 3184/948/883 3187/949/884 3186/950/885
f 3184/948/883 3185/951/886 3188/952/887 3187/949/884
f 3186/950/885 3187/949/884 3190/953/888 3189/954/889
f 3187/949/884 3188/952/887 3191/955/890 3190/953/888
f 51/883/826 780/956/891 3183/947/882 758/884/827
f 780/956/891 781/957/892 3184/948/883 3183/947/882
f 781/957/892 782/958/893 3185/951/886 3184/948/883
f 782/958/893 56/959/894 785/960/895 3185/951/886
f 3185/951/886 785/960/895 784/961/896 3188/952/887
f 3188/952/887 784/961/896 783/962/897 3191/955/890
f 3191/955/890 783/962/897 55/963/878 776/964/877
f 3190/953/888 3191/955/890 776/964/877 775/965/876
f 3189/954/889 3190/953/888 775/965/876 774/966/875
f 756/886/829 3189/954/889 774/966/875 50/887/810
f 757/885/828 3186/950/885 3189/954/889 756/886/829
f 758/884/827 3183/947/882 3186/950/885 757/885/828
f 3192/967/898 3193/968/899 3196/969/900 3195/970/901
f 3193/968/899 3194/971/902 3197/972/903 3196/969/900
f 3195/970/901 3196/969/900 3199/973/904 3198/974/905
f 3196/969/900 3197/972/903 3200/975/906 3199/973/904
f 53/923/846 786/976/907 3192/967/898 768/924/859
f 786/976/907 787/977/908 3193/968/899 3192/967/898
f 787/977/908 788/978/909 3194/971/902 3193/968/899
f 788/978/909 57/979/910 789/980/911 3194/971/902
f 3194/971/902 789/980/911 790/981/912 3197/972/903
f 3197/972/903 790/981/912 791/982/913 3200/975/906
f 3200/975/906 791/982/913 58/983/914 794/984/915
f 3199/973/904 3200/975/906 794/984/915 793/985/916
f 3198/974/905 3199/973/904 793/985/916 792/986/917
f 770/926/861 3198/974/905 792/986/917 54/927/862
f 769/925/860 3195/970/901 3198/974/905 770/926/861
f 768/924/859 3192/967/898 3195/970/901 769/925/860
f 3201/987/918 3202/988/919 3205/989/920 3204/990/921
f 3202/988/919 3203/991/922 3206/992/923 3205/989/920
f 3204/990/921 3205/989/920 3208/993/924 3207/994/925
f 3205/989/920 3206/992/923 3209/995/926 3208/993/924
f 56/959/894 795/996/927 3201/987/918 785/960/895
f 795/996/927 796/997/928 3202/988/919 3201/987/918
f 796/997/928 797/998/929 3203/991/922 3202/988/919
f 797/998/929 59/999/930 798/1000/931 3203/991/922
f 3203/991/922 798/1000/931 799/1001/932 3206/992/923
f 3206/992/923 799/1001/932 800/1002/933 3209/995/926
f 3209/995/926 800/1002/933 80/1003/934 803/1004/935
f 3208/993/924 3209/995/926 803/1004/935 802/1005/936
f 3207/994/925 3208/993/924 802/1005/936 801/1006/937
f 783/962/897 3207/994/925 801/1006/937 55/963/878
f 784/961/896 3204/990/921 3207/994/925 783/962/897
f 785/960/895 3201/987/918 3204/990/921 784/961/896
f 3210/1007/938 3211/1008/939 3214/1009/940 3213/1010/941
f 3211/1008/939 3212/1011/942 3215/1012/943 3214/1009/940
f 3213/1010/941 3214/1009/940 3217/1013/944 3216/1014/945
f 3214/1009/940 3215/1012/943 3218/1015/946 3217/1013/944
f 62/365/349 806/1016/947 3210/1007/938 555/366/350
f 806/1016/947 805/1017/948 3211/1008/939 3210/1007/938
f 805/1017/948 804/1018/949 3212/1011/942 3211/1008/939
f 804/1018/949 25/325/311 539/324/310 3212/1011/942
f 3212/1011/942 539/324/310 538/323/309 3215/1012/943
f 3215/1012/943 538/323/309 537/321/307 3218/1015/946
f 3218/1015/946 537/321/307 22/320/306 807/1019/950
f 3217/1013/944 3218/1015/946 807/1019/950 808/1020/951
f 3216/1014/945 3217/1013/944 808/1020/951 809/1021/952
f 557/368/352 3216/1014/945 809/1021/952 317/369/353
f 556/367/351 3213/1010/941 3216/1014/945 557/368/352
f 555/366/350 3210/1007/938 3213/1010/941 556/367/351
f 3219/1022/953 3220/1023/954 3223/1024/955 3222/1025/956
f 3220/1023/954 3221/1026/957 3224/1027/958 3223/1024/955
f 3222/1025/956 3223/1024/955 3226/1028/959 3225/1029/960
f 3223/1024/955 3224/1027/958 3227/1030/961 3226/1028/959
f 23/283/273 810/1031/962 3219/1022/953 522/284/274
f 810/1031/962 811/1032/963 3220/1023/954 3219/1022/953
f 811/1032/963 812/1033/964 3221/1026/957 3220/1023/954
f 812/1033/964 64/1034/965 815/1035/966 3221/1026/957
f 3221/1026/957 815/1035/966 814/1036/967 3224/1027/958
f 3224/1027/958 814/1036/967 813/1037/968 3227/1030/961
f 3227/1030/961 813/1037/968 63/1038/969 818/1039/970
f 3226/1028/959 3227/1030/961 818/1039/970 817/1040/971
f 3225/1029/960 3226/1028/959 817/1040/971 816/1041/972
f 524/286/276 3225/1029/960 816/1041/972 60/287/277
f 523/285/275 3222/1025/956 3225/1029/960 524/286/276
f 522/284/274 3219/1022/953 3222/1025/956 523/285/275
f 3228/1042/973 3229/1043/974 3232/1044/975 3231/1045/976
f 3229/1043/974 3230/1046/977 3233/1047/978 3232/1044/975
f 3231/1045/976 3232/1044/975 3235/1048/979 3234/1049/980
f 3232/1044/975 3233/1047/978 3236/1050/981 3235/1048/979
f 24/303/293 819/1051/982 3228/1042/973 533/304/294
f 819/1051/982 820/1052/983 3229/1043/974 3228/1042/973
f 820/1052/983 821/1053/984 3230/1046/977 3229/1043/974
f 821/1053/984 65/1054/985 824/1055/986 3230/1046/977
f 3230/1046/977 824/1055/986 823/1056/987 3233/1047/978
f 3233/1047/978 823/1056/987 822/1057/988 3236/1050/981
f 3236/1050/981 822/1057/988 64/1058/965 812/1059/964
f 3235/1048/979 3236/1050/981 812/1059/964 811/1060/963
f 3234/1049/980 3235/1048/979 811/1060/963 810/1061/962
f 531/306/296 3234/1049/980 810/1061/962 23/307/273
f 532/305/295 3231/1045/976 3234/1049/980 531/306/296
f 533/304/294 3228/1042/973 3231/1045/976 532/305/295
f 3237/1062/989 3238/1063/990 3241/1064/991 3240/1065/992
f 3238/1063/990 3239/1066/993 3242/1067/994 3241/1064/991
f 3240/1065/992 3241/1064/991 3244/1068/995 3243/1069/996
f 3241/1064/991 3242/1067/994 3245/1070/997 3244/1068/995
f 25/325/311 825/1071/998 3237/1062/989 542/326/312
f 825/1071/998 826/1072/999 3238/1063/990 3237/1062/989
f 826/1072/999 827/1073/1000 3239/1066/993 3238/1063/990
f 827/1073/1000 66/1074/1001 830/1075/1002 3239/1066/993
f 3239/1066/993 830/1075/1002 829/1076/1003 3242/1067/994
f 3242/1067/994 829/1076/1003 828/1077/1004 3245/1070/997
f 3245/1070/997 828/1077/1004 65/1054/985 821/1053/984
f 3244/1068/995 3245/1070/997 821/1053/984 820/1052/983
f 3243/1069/996 3244/1068/995 820/1052/983 819/1051/982
f 540/328/314 3243/1069/996 819/1051/982 24/303/293
f 541/327/313 3240/1065/992 3243/1069/996 540/328/314
f 542/326/312 3237/1062/989 3240/1065/992 541/327/313
f 3246/1078/1005 3247/1079/1006 3250/1080/1007 3249/1081/1008
f 3247/1079/1006 3248/1082/1009 3251/1083/1010 3250/1080/1007
f 3249/1081/1008 3250/1080/1007 3253/1084/1011 3252/1085/1012
f 3250/1080/1007 3251/1083/1010 3254/1086/1013 3253/1084/1011
f 60/287/277 816/1041/972 3246/1078/1005 543/340/326
f 816/1041/972 817/1040/971 3247/1079/1006 3246/1078/1005
f 817/1040/971 818/1039/970 3248/1082/1009 3247/1079/1006
f 818/1039/970 63/1038/969 831/1087/1014 3248/1082/1009
f 3248/1082/1009 831/1087/1014 832/1088/1015 3251/1083/1010
f 3251/1083/1010 832/1088/1015 833/1089/1016 3254/1086/1013
f 3254/1086/1013 833/1089/1016 67/1090/1017 836/1091/1018
f 3253/1084/1011 3254/1086/1013 836/1091/1018 835/1092/1019
f 3252/1085/1012 3253/1084/1011 835/1092/1019 834/1093/1020
f 545/342/328 3252/1085/1012 834/1093/1020 61/343/329
f 544/341/327 3249/1081/1008 3252/1085/1012 545/342/328
f 543/340/326 3246/1078/1005 3249/1081/1008 544/341/327
f 3255/1094/1021 3256/1095/1022 3259/1096/1023 3258/1097/1024
f 3256/1095/1022 3257/1098/1025 3260/1099/1026 3259/1096/1023
f 3258/1097/1024 3259/1096/1023 3262/1100/1027 3261/1101/1028
f 3259/1096/1023 3260/1099/1026 3263/1102/1029 3262/1100/1027
f 61/360/329 834/1103/1020 3255/1094/1021 552/361/346
f 834/1103/1020 835/1104/1019 3256/1095/1022 3255/1094/1021
f 835/1104/1019 836/1105/1018 3257/1098/1025 3256/1095/1022
f 836/1105/1018 67/1106/1017 837/1107/1030 3257/1098/1025
f 3257/1098/1025 837/1107/1030 838/1108/1031 3260/1099/1026
f 3260/1099/1026 838/1108/1031 839/1109/1032 3263/1102/1029
f 3263/1102/1029 839/1109/1032 68/1110/1033 842/1111/1034
f 3262/1100/1027 3263/1102/1029 842/1111/1034 841/1112/1035
f 3261/1101/1028 3262/1100/1027 841/1112/1035 840/1113/1036
f 554/364/348 3261/1101/1028 840/1113/1036 62/365/349
f 553/363/347 3258/1097/1024 3261/1101/1028 554/364/348
f 552/361/346 3255/1094/1021 3258/1097/1024 553/363/347
f 3264/1114/1037 3265/1115/1038 3268/1116/1039 3267/1117/1040
f 3265/1115/1038 3266/1118/1041 3269/1119/1042 3268/1116/1039
f 3267/1117/1040 3268/1116/1039 3271/1120/1043 3270/1121/1044
f 3268/1116/1039 3269/1119/1042 3272/1122/1045 3271/1120/1043
f 62/365/349 840/1113/1036 3264/1114/1037 806/1016/947
f 840/1113/1036 841/1112/1035 3265/1115/1038 3264/1114/1037
f 841/1112/1035 842/1111/1034 3266/1118/1041 3265/1115/1038
f 842/1111/1034 68/1110/1033 845/1123/1046 3266/1118/1041
f 3266/1118/1041 845/1123/1046 844/1124/1047 3269/1119/1042
f 3269/1119/1042 844/1124/1047 843/1125/1048 3272/1122/1045
f 3272/1122/1045 843/1125/1048 66/1074/1001 827/1073/1000
f 3271/1120/1043 3272/1122/1045 827/1073/1000 826/1072/999
f 3270/1121/1044 3271/1120/1043 826/1072/999 825/1071/998
f 804/1018/949 3270/1121/1044 825/1071/998 25/325/311
f 805/1017/948 3267/1117/1040 3270/1121/1044 804/1018/949
f 806/1016/947 3264/1114/1037 3267/1117/1040 805/1017/948
f 3273/1126/1049 3274/1127/1050 3277/1128/1051 3276/1129/1052
f 3274/1127/1050 3275/1130/1053 3278/1131/1054 3277/1128/1051
f 3276/1129/1052 3277/1128/1051 3280/1132/1055 3279/1133/1056
f 3277/1128/1051 3278/1131/1054 3281/1134/1057 3280/1132/1055
f 3/15/15 849/1135/1058 3273/1126/1049 846/1136/1059
f 849/1135/1058 850/1137/1060 3274/1127/1050 3273/1126/1049
f 850/1137/1060 851/1138/1061 3275/1130/1053 3274/1127/1050
f 851/1138/1061 71/1139/1062 854/1140/1063 3275/1130/1053
f 3275/1130/1053 854/1140/1063 853/1141/1064 3278/1131/1054
f 3278/1131/1054 853/1141/1064 852/1142/1065 3281/1134/1057
f 3281/1134/1057 852/1142/1065 26/1143/390 855/1144/1066
f 3280/1132/1055 3281/1134/1057 855/1144/1066 856/1145/1067
f 3279/1133/1056 3280/1132/1055 856/1145/1067 857/1146/1068
f 848/1147/1069 3279/1133/1056 857/1146/1068 69/1148/1070
f 847/1149/1071 3276/1129/1052 3279/1133/1056 848/1147/1069
f 846/1136/1059 3273/1126/1049 3276/1129/1052 847/1149/1071
f 3282/1150/1072 3283/1151/1073 3286/1152/1074 3285/1153/1075
f 3283/1151/1073 3284/1154/1076 3287/1155/1077 3286/1152/1074
f 3285/1153/1075 3286/1152/1074 3289/1156/1078 3288/1157/1079
f 3286/1152/1074 3287/1155/1077 3290/1158/1080 3289/1156/1078
f 3/15/15 846/1136/1059 3282/1150/1072 858/1159/1081
f 846/1136/1059 847/1149/1071 3283/1151/1073 3282/1150/1072
f 847/1149/1071 848/1147/1069 3284/1154/1076 3283/1151/1073
f 848/1147/1069 69/1148/1070 861/1160/1082 3284/1154/1076
f 3284/1154/1076 861/1160/1082 862/1161/1083 3287/1155/1077
f 3287/1155/1077 862/1161/1083 863/1162/1084 3290/1158/1080
f 3290/1158/1080 863/1162/1084 70/1163/1085 866/1164/1086
f 3289/1156/1078 3290/1158/1080 866/1164/1086 865/1165/1087
f 3288/1157/1079 3289/1156/1078 865/1165/1087 864/1166/1088
f 860/1167/1089 3288/1157/1079 864/1166/1088 15/1168/1090
f 859/1169/1091 3285/1153/1075 3288/1157/1079 860/1167/1089
f 858/1159/1081 3282/1150/1072 3285/1153/1075 859/1169/1091
f 3291/1170/1092 3292/1171/1093 3295/1172/1094 3294/1173/1095
f 3292/1171/1093 3293/1174/1096 3296/1175/1097 3295/1172/1094
f 3294/1173/1095 3295/1172/1094 3298/1176/1098 3297/1177/1099
f 3295/1172/1094 3296/1175/1097 3299/1178/1100 3298/1176/1098
f 2/10/10 867/1179/1101 3291/1170/1092 402/11/11
f 867/1179/1101 868/1180/1102 3292/1171/1093 3291/1170/1092
f 868/1180/1102 869/1181/1103 3293/1174/1096 3292/1171/1093
f 869/1181/1103 72/1182/1104 872/1183/1105 3293/1174/1096
f 3293/1174/1096 872/1183/1105 871/1184/1106 3296/1175/1097
f 3296/1175/1097 871/1184/1106 870/1185/1107 3299/1178/1100
f 3299/1178/1100 870/1185/1107 71/1139/1062 851/1138/1061
f 3298/1176/1098 3299/1178/1100 851/1138/1061 850/1137/1060
f 3297/1177/1099 3298/1176/1098 850/1137/1060 849/1135/1058
f 404/14/14 3297/1177/1099 849/1135/1058 3/15/15
f 403/13/13 3294/1173/1095 3297/1177/1099 404/14/14
f 402/11/11 3291/1170/1092 3294/1173/1095 403/13/13
f 3300/1186/1108 3301/1187/1109 3304/1188/1110 3303/1189/1111
f 3301/1187/1109 3302/1190/1112 3305/1191/1113 3304/1188/1110
f 3303/1189/1111 3304/1188/1110 3307/1192/1114 3306/1193/1115
f 3304/1188/1110 3305/1191/1113 3308/1194/1116 3307/1192/1114
f 71/1139/1062 870/1185/1107 3300/1186/1108 854/1140/1063
f 870/1185/1107 871/1184/1106 3301/1187/1109 3300/1186/1108
f 871/1184/1106 872/1183/1105 3302/1190/1112 3301/1187/1109
f 872/1183/1105 72/1182/1104 873/1195/1117 3302/1190/1112
f 3302/1190/1112 873/1195/1117 874/1196/1118 3305/1191/1113
f 3305/1191/1113 874/1196/1118 875/1197/1119 3308/1194/1116
f 3308/1194/1116 875/1197/1119 176/1198/1120 878/1199/1121
f 3307/1192/1114 3308/1194/1116 878/1199/1121 877/1200/1122
f 3306/1193/1115 3307/1192/1114 877/1200/1122 876/1201/1123
f 852/1142/1065 3306/1193/1115 876/1201/1123 26/1143/390
f 853/1141/1064 3303/1189/1111 3306/1193/1115 852/1142/1065
f 854/1140/1063 3300/1186/1108 3303/1189/1111 853/1141/1064
f 3309/1202/1124 3310/1203/1125 3313/1204/1126 3312/1205/1127
f 3310/1203/1125 3311/1206/1128 3314/1207/1129 3313/1204/1126
f 3312/1205/1127 3313/1204/1126 3316/1208/1130 3315/1209/1131
f 3313/1204/1126 3314/1207/1129 3317/1210/1132 3316/1208/1130
f 175/1211/1133 882/1212/1134 3309/1202/1124 881/1213/1135
f 882/1212/1134 883/1214/1136 3310/1203/1125 3309/1202/1124
f 883/1214/1136 884/1215/1137 3311/1206/1128 3310/1203/1125
f 884/1215/1137 176/1198/1120 875/1197/1119 3311/1206/1128
f 3311/1206/1128 875/1197/1119 874/1196/1118 3314/1207/1129
f 3314/1207/1129 874/1196/1118 873/1195/1117 3317/1210/1132
f 3317/1210/1132 873/1195/1117 72/1182/1104 869/1181/1103
f 3316/1208/1130 3317/1210/1132 869/1181/1103 868/1180/1102
f 3315/1209/1131 3316/1208/1130 868/1180/1102 867/1179/1101
f 879/1216/1138 3315/1209/1131 867/1179/1101 2/10/10
f 880/1217/1139 3312/1205/1127 3315/1209/1131 879/1216/1138
f 881/1213/1135 3309/1202/1124 3312/1205/1127 880/1217/1139
f 3318/1218/1140 3319/1219/1141 3322/1220/1142 3321/1221/1143
f 3319/1219/1141 3320/1222/1144 3323/1223/1145 3322/1220/1142
f 3321/1221/1143 3322/1220/1142 3325/1224/1146 3324/1225/1147
f 3322/1220/1142 3323/1223/1145 3326/1226/1148 3325/1224/1146
f 2/10/10 885/1227/1149 3318/1218/1140 879/1216/1138
f 885/1227/1149 886/1228/1150 3319/1219/1141 3318/1218/1140
f 886/1228/1150 887/1229/1151 3320/1222/1144 3319/1219/1141
f 887/1229/1151 73/1230/1152 888/1231/1153 3320/1222/1144
f 3320/1222/1144 888/1231/1153 889/1232/1154 3323/1223/1145
f 3323/1223/1145 889/1232/1154 890/1233/1155 3326/1226/1148
f 3326/1226/1148 890/1233/1155 121/1234/1156 891/1235/1157
f 3325/1224/1146 3326/1226/1148 891/1235/1157 892/1236/1158
f 3324/1225/1147 3325/1224/1146 892/1236/1158 893/1237/1159
f 881/1213/1135 3324/1225/1147 893/1237/1159 175/1211/1133
f 880/1217/1139 3321/1221/1143 3324/1225/1147 881/1213/1135
f 879/1216/1138 3318/1218/1140 3321/1221/1143 880/1217/1139
f 3327/1238/1160 3328/1239/1161 3331/1240/1162 3330/1241/1163
f 3328/1239/1161 3329/1242/1164 3332/1243/1165 3331/1240/1162
f 3330/1241/1163 3331/1240/1162 3334/1244/1166 3333/1245/1167
f 3331/1240/1162 3332/1243/1165 3335/1246/1168 3334/1244/1166
f 74/1247/1169 899/1248/1170 3327/1238/1160 896/1249/1171
f 899/1248/1170 898/1250/1172 3328/1239/1161 3327/1238/1160
f 898/1250/1172 897/1251/1173 3329/1242/1164 3328/1239/1161
f 897/1251/1173 73/1230/1152 887/1229/1151 3329/1242/1164
f 3329/1242/1164 887/1229/1151 886/1228/1150 3332/1243/1165
f 3332/1243/1165 886/1228/1150 885/1227/1149 3335/1246/1168
f 3335/1246/1168 885/1227/1149 2/10/10 417/45/45
f 3334/1244/1166 3335/1246/1168 417/45/45 418/44/44
f 3333/1245/1167 3334/1244/1166 418/44/44 419/43/43
f 894/1252/1174 3333/1245/1167 419/43/43 6/42/42
f 895/1253/1175 3330/1241/1163 3333/1245/1167 894/1252/1174
f 896/1249/1171 3327/1238/1160 3330/1241/1163 895/1253/1175
f 3336/1254/1176 3337/1255/1177 3340/1256/1178 3339/1257/1179
f 3337/1255/1177 3338/1258/1180 3341/1259/1181 3340/1256/1178
f 3339/1257/1179 3340/1256/1178 3343/1260/1182 3342/1261/1183
f 3340/1256/1178 3341/1259/1181 3344/1262/1184 3343/1260/1182
f 241/1263/1185 903/1264/1186 3336/1254/1176 902/1265/1187
f 903/1264/1186 904/1266/1188 3337/1255/1177 3336/1254/1176
f 904/1266/1188 905/1267/1189 3338/1258/1180 3337/1255/1177
f 905/1267/1189 242/1268/1190 908/1269/1191 3338/1258/1180
f 3338/1258/1180 908/1269/1191 907/1270/1192 3341/1259/1181
f 3341/1259/1181 907/1270/1192 906/1271/1193 3344/1262/1184
f 3344/1262/1184 906/1271/1193 74/1247/1169 896/1249/1171
f 3343/1260/1182 3344/1262/1184 896/1249/1171 895/1253/1175
f 3342/1261/1183 3343/1260/1182 895/1253/1175 894/1252/1174
f 900/1272/1194 3342/1261/1183 894/1252/1174 6/42/42
f 901/1273/1195 3339/1257/1179 3342/1261/1183 900/1272/1194
f 902/1265/1187 3336/1254/1176 3339/1257/1179 901/1273/1195
f 3345/1274/1196 3346/1275/1197 3349/1276/1198 3348/1277/1199
f 3346/1275/1197 3347/1278/1200 3350/1279/1201 3349/1276/1198
f 3348/1277/1199 3349/1276/1198 3352/1280/1202 3351/1281/1203
f 3349/1276/1198 3350/1279/1201 3353/1282/1204 3352/1280/1202
f 73/1230/1152 897/1251/1173 3345/1274/1196 888/1231/1153
f 897/1251/1173 898/1250/1172 3346/1275/1197 3345/1274/1196
f 898/1250/1172 899/1248/1170 3347/1278/1200 3346/1275/1197
f 899/1248/1170 74/1247/1169 906/1271/1193 3347/1278/1200
f 3347/1278/1200 906/1271/1193 907/1270/1192 3350/1279/1201
f 3350/1279/1201 907/1270/1192 908/1269/1191 3353/1282/1204
f 3353/1282/1204 908/1269/1191 242/1268/1190 911/1283/1205
f 3352/1280/1202 3353/1282/1204 911/1283/1205 910/1284/1206
f 3351/1281/1203 3352/1280/1202 910/1284/1206 909/1285/1207
f 890/1233/1155 3351/1281/1203 909/1285/1207 121/1234/1156
f 889/1232/1154 3348/1277/1199 3351/1281/1203 890/1233/1155
f 888/1231/1153 3345/1274/1196 3348/1277/1199 889/1232/1154
f 3354/1286/1208 3355/1287/1209 3358/1288/1210 3357/1289/1211
f 3355/1287/1209 3356/1290/1212 3359/1291/1213 3358/1288/1210
f 3357/1289/1211 3358/1288/1210 3361/1292/1214 3360/1293/1215
f 3358/1288/1210 3359/1291/1213 3362/1294/1216 3361/1292/1214
f 6/42/42 429/75/75 3354/1286/1208 900/1272/1194
f 429/75/75 430/85/85 3355/1287/1209 3354/1286/1208
f 430/85/85 431/83/83 3356/1290/1212 3355/1287/1209
f 431/83/83 75/84/84 912/1295/1217 3356/1290/1212
f 3356/1290/1212 912/1295/1217 913/1296/1218 3359/1291/1213
f 3359/1291/1213 913/1296/1218 914/1297/1219 3362/1294/1216
f 3362/1294/1216 914/1297/1219 187/1298/1220 915/1299/1221
f 3361/1292/1214 3362/1294/1216 915/1299/1221 916/1300/1222
f 3360/1293/1215 3361/1292/1214 916/1300/1222 917/1301/1223
f 902/1265/1187 3360/1293/1215 917/1301/1223 241/1263/1185
f 901/1273/1195 3357/1289/1211 3360/1293/1215 902/1265/1187
f 900/1272/1194 3354/1286/1208 3357/1289/1211 901/1273/1195
f 3363/1302/1224 3364/1303/1225 3367/1304/1226 3366/1305/1227
f 3364/1303/1225 3365/1306/1228 3368/1307/1229 3367/1304/1226
f 3366/1305/1227 3367/1304/1226 3370/1308/1230 3369/1309/1231
f 3367/1304/1226 3368/1307/1229 3371/1310/1232 3370/1308/1230
f 75/84/84 435/82/82 3363/1302/1224 912/1295/1217
f 435/82/82 436/81/81 3364/1303/1225 3363/1302/1224
f 436/81/81 437/80/80 3365/1306/1228 3364/1303/1225
f 437/80/80 76/79/79 918/1311/1233 3365/1306/1228
f 3365/1306/1228 918/1311/1233 919/1312/1234 3368/1307/1229
f 3368/1307/1229 919/1312/1234 920/1313/1235 3371/1310/1232
f 3371/1310/1232 920/1313/1235 307/1314/1236 923/1315/1237
f 3370/1308/1230 3371/1310/1232 923/1315/1237 922/1316/1238
f 3369/1309/1231 3370/1308/1230 922/1316/1238 921/1317/1239
f 914/1297/1219 3369/1309/1231 921/1317/1239 187/1298/1220
f 913/1296/1218 3366/1305/1227 3369/1309/1231 914/1297/1219
f 912/1295/1217 3363/1302/1224 3366/1305/1227 913/1296/1218
f 3372/1318/1240 3373/1319/1241 3376/1320/1242 3375/1321/1243
f 3373/1319/1241 3374/1322/1244 3377/1323/1245 3376/1320/1242
f 3375/1321/1243 3376/1320/1242 3379/1324/1246 3378/1325/1247
f 3376/1320/1242 3377/1323/1245 3380/1326/1248 3379/1324/1246
f 76/79/79 434/78/78 3372/1318/1240 918/1311/1233
f 434/78/78 433/77/77 3373/1319/1241 3372/1318/1240
f 433/77/77 432/76/76 3374/1322/1244 3373/1319/1241
f 432/76/76 7/62/62 924/1327/1249 3374/1322/1244
f 3374/1322/1244 924/1327/1249 925/1328/1250 3377/1323/1245
f 3377/1323/1245 925/1328/1250 926/1329/1251 3380/1326/1248
f 3380/1326/1248 926/1329/1251 306/1330/1252 927/1331/1253
f 3379/1324/1246 3380/1326/1248 927/1331/1253 928/1332/1254
f 3378/1325/1247 3379/1324/1246 928/1332/1254 929/1333/1255
f 920/1313/1235 3378/1325/1247 929/1333/1255 307/1314/1236
f 919/1312/1234 3375/1321/1243 3378/1325/1247 920/1313/1235
f 918/1311/1233 3372/1318/1240 3375/1321/1243 919/1312/1234
f 3381/1334/1256 3382/1335/1257 3385/1336/1258 3384/1337/1259
f 3382/1335/1257 3383/1338/1260 3386/1339/1261 3385/1336/1258
f 3384/1337/1259 3385/1336/1258 3388/1340/1262 3387/1341/1263
f 3385/1336/1258 3386/1339/1261 3389/1342/1264 3388/1340/1262
f 90/58/58 932/1343/1265 3381/1334/1256 425/59/59
f 932/1343/1265 931/1344/1266 3382/1335/1257 3381/1334/1256
f 931/1344/1266 930/1345/1267 3383/1338/1260 3382/1335/1257
f 930/1345/1267 89/1346/1268 935/1347/1269 3383/1338/1260
f 3383/1338/1260 935/1347/1269 934/1348/1270 3386/1339/1261
f 3386/1339/1261 934/1348/1270 933/1349/1271 3389/1342/1264
f 3389/1342/1264 933/1349/1271 77/1350/1272 938/1351/1273
f 3388/1340/1262 3389/1342/1264 938/1351/1273 937/1352/1274
f 3387/1341/1263 3388/1340/1262 937/1352/1274 936/1353/1275
f 423/61/61 3387/1341/1263 936/1353/1275 7/62/62
f 424/60/60 3384/1337/1259 3387/1341/1263 423/61/61
f 425/59/59 3381/1334/1256 3384/1337/1259 424/60/60
f 3390/1354/1276 3391/1355/1277 3394/1356/1278 3393/1357/1279
f 3391/1355/1277 3392/1358/1280 3395/1359/1281 3394/1356/1278
f 3393/1357/1279 3394/1356/1278 3397/1360/1282 3396/1361/1283
f 3394/1356/1278 3395/1359/1281 3398/1362/1284 3397/1360/1282
f 7/62/62 936/1353/1275 3390/1354/1276 924/1327/1249
f 936/1353/1275 937/1352/1274 3391/1355/1277 3390/1354/1276
f 937/1352/1274 938/1351/1273 3392/1358/1280 3391/1355/1277
f 938/1351/1273 77/1350/1272 939/1363/1285 3392/1358/1280
f 3392/1358/1280 939/1363/1285 940/1364/1286 3395/1359/1281
f 3395/1359/1281 940/1364/1286 941/1365/1287 3398/1362/1284
f 3398/1362/1284 941/1365/1287 252/1366/1288 942/1367/1289
f 3397/1360/1282 3398/1362/1284 942/1367/1289 943/1368/1290
f 3396/1361/1283 3397/1360/1282 943/1368/1290 944/1369/1291
f 926/1329/1251 3396/1361/1283 944/1369/1291 306/1330/1252
f 925/1328/1250 3393/1357/1279 3396/1361/1283 926/1329/1251
f 924/1327/1249 3390/1354/1276 3393/1357/1279 925/1328/1250
f 3399/1370/1292 3400/1371/1293 3403/1372/1294 3402/1373/1295
f 3400/1371/1293 3401/1374/1296 3404/1375/1297 3403/1372/1294
f 3402/1373/1295 3403/1372/1294 3406/1376/1298 3405/1377/1299
f 3403/1372/1294 3404/1375/1297 3407/1378/1300 3406/1376/1298
f 177/1379/1301 950/1380/1302 3399/1370/1292 947/1381/1303
f 950/1380/1302 949/1382/1304 3400/1371/1293 3399/1370/1292
f 949/1382/1304 948/1383/1305 3401/1374/1296 3400/1371/1293
f 948/1383/1305 79/414/394 578/413/393 3401/1374/1296
f 3401/1374/1296 578/413/393 577/412/392 3404/1375/1297
f 3404/1375/1297 577/412/392 576/411/391 3407/1378/1300
f 3407/1378/1300 576/411/391 26/410/390 876/1384/1123
f 3406/1376/1298 3407/1378/1300 876/1384/1123 877/1385/1122
f 3405/1377/1299 3406/1376/1298 877/1385/1122 878/1386/1121
f 945/1387/1306 3405/1377/1299 878/1386/1121 176/1388/1120
f 946/1389/1307 3402/1373/1295 3405/1377/1299 945/1387/1306
f 947/1381/1303 3399/1370/1292 3402/1373/1295 946/1389/1307
f 3408/1390/1308 3409/1391/1309 3412/1392/1310 3411/1393/1311
f 3409/1391/1309 3410/1394/1312 3413/1395/1313 3412/1392/1310
f 3411/1393/1311 3412/1392/1310 3415/1396/1314 3414/1397/1315
f 3412/1392/1310 3413/1395/1313 3416/1398/1316 3415/1396/1314
f 59/999/930 797/998/929 3408/1390/1308 951/1399/1317
f 797/998/929 796/997/928 3409/1391/1309 3408/1390/1308
f 796/997/928 795/996/927 3410/1394/1312 3409/1391/1309
f 795/996/927 56/959/894 954/1400/1318 3410/1394/1312
f 3410/1394/1312 954/1400/1318 955/1401/1319 3413/1395/1313
f 3413/1395/1313 955/1401/1319 956/1402/1320 3416/1398/1316
f 3416/1398/1316 956/1402/1320 101/1403/1321 959/1404/1322
f 3415/1396/1314 3416/1398/1316 959/1404/1322 958/1405/1323
f 3414/1397/1315 3415/1396/1314 958/1405/1323 957/1406/1324
f 953/1407/1325 3414/1397/1315 957/1406/1324 100/1408/1326
f 952/1409/1327 3411/1393/1311 3414/1397/1315 953/1407/1325
f 951/1399/1317 3408/1390/1308 3411/1393/1311 952/1409/1327
f 3417/1410/1328 3418/1411/1329 3421/1412/1330 3420/1413/1331
f 3418/1411/1329 3419/1414/1332 3422/1415/1333 3421/1412/1330
f 3420/1413/1331 3421/1412/1330 3424/1416/1334 3423/1417/1335
f 3421/1412/1330 3422/1415/1333 3425/1418/1336 3424/1416/1334
f 101/1403/1321 956/1402/1320 3417/1410/1328 960/1419/1337
f 956/1402/1320 955/1401/1319 3418/1411/1329 3417/1410/1328
f 955/1401/1319 954/1400/1318 3419/1414/1332 3418/1411/1329
f 954/1400/1318 56/959/894 782/958/893 3419/1414/1332
f 3419/1414/1332 782/958/893 781/957/892 3422/1415/1333
f 3422/1415/1333 781/957/892 780/956/891 3425/1418/1336
f 3425/1418/1336 780/956/891 51/883/826 963/1420/1338
f 3424/1416/1334 3425/1418/1336 963/1420/1338 964/1421/1339
f 3423/1417/1335 3424/1416/1334 964/1421/1339 965/1422/1340
f 962/1423/1341 3423/1417/1335 965/1422/1340 102/1424/1342
f 961/1425/1343 3420/1413/1331 3423/1417/1335 962/1423/1341
f 960/1419/1337 3417/1410/1328 3420/1413/1331 961/1425/1343
f 3426/1426/1344 3427/1427/1345 3430/1428/1346 3429/1429/1347
f 3427/1427/1345 3428/1430/1348 3431/1431/1349 3430/1428/1346
f 3429/1429/1347 3430/1428/1346 3433/1432/1350 3432/1433/1351
f 3430/1428/1346 3431/1431/1349 3434/1434/1352 3433/1432/1350
f 102/1424/1342 965/1422/1340 3426/1426/1344 966/1435/1353
f 965/1422/1340 964/1421/1339 3427/1427/1345 3426/1426/1344
f 964/1421/1339 963/1420/1338 3428/1430/1348 3427/1427/1345
f 963/1420/1338 51/883/826 755/882/825 3428/1430/1348
f 3428/1430/1348 755/882/825 754/881/824 3431/1431/1349
f 3431/1431/1349 754/881/824 753/880/823 3434/1434/1352
f 3434/1434/1352 753/880/823 46/807/758 969/1436/1354
f 3433/1432/1350 3434/1434/1352 969/1436/1354 970/1437/1355
f 3432/1433/1351 3433/1432/1350 970/1437/1355 971/1438/1356
f 968/1439/1357 3432/1433/1351 971/1438/1356 103/1440/1358
f 967/1441/1359 3429/1429/1347 3432/1433/1351 968/1439/1357
f 966/1435/1353 3426/1426/1344 3429/1429/1347 967/1441/1359
f 3435/1442/1360 3436/1443/1361 3439/1444/1362 3438/1445/1363
f 3436/1443/1361 3437/1446/1364 3440/1447/1365 3439/1444/1362
f 3438/1445/1363 3439/1444/1362 3442/1448/1366 3441/1449/1367
f 3439/1444/1362 3440/1447/1365 3443/1450/1368 3442/1448/1366
f 103/1440/1358 971/1438/1356 3435/1442/1360 972/1451/1369
f 971/1438/1356 970/1437/1355 3436/1443/1361 3435/1442/1360
f 970/1437/1355 969/1436/1354 3437/1446/1364 3436/1443/1361
f 969/1436/1354 46/807/758 728/806/757 3437/1446/1364
f 3437/1446/1364 728/806/757 727/805/756 3440/1447/1365
f 3440/1447/1365 727/805/756 726/804/755 3443/1450/1368
f 3443/1450/1368 726/804/755 41/646/605 975/1452/1370
f 3442/1448/1366 3443/1450/1368 975/1452/1370 976/1453/1371
f 3441/1449/1367 3442/1448/1366 976/1453/1371 977/1454/1372
f 974/1455/1373 3441/1449/1367 977/1454/1372 104/1456/1374
f 973/1457/1375 3438/1445/1363 3441/1449/1367 974/1455/1373
f 972/1451/1369 3435/1442/1360 3438/1445/1363 973/1457/1375
f 3444/1458/1376 3445/1459/1377 3448/1460/1378 3447/1461/1379
f 3445/1459/1377 3446/1462/1380 3449/1463/1381 3448/1460/1378
f 3447/1461/1379 3448/1460/1378 3451/1464/1382 3450/1465/1383
f 3448/1460/1378 3449/1463/1381 3452/1466/1384 3451/1464/1382
f 104/1456/1374 977/1454/1372 3444/1458/1376 978/1467/1385
f 977/1454/1372 976/1453/1371 3445/1459/1377 3444/1458/1376
f 976/1453/1371 975/1452/1370 3446/1462/1380 3445/1459/1377
f 975/1452/1370 41/646/605 662/645/604 3446/1462/1380
f 3446/1462/1380 662/645/604 661/644/603 3449/1463/1381
f 3449/1463/1381 661/644/603 660/643/602 3452/1466/1384
f 3452/1466/1384 660/643/602 36/570/537 981/1468/1386
f 3451/1464/1382 3452/1466/1384 981/1468/1386 982/1469/1387
f 3450/1465/1383 3451/1464/1382 982/1469/1387 983/1470/1388
f 980/1471/1389 3450/1465/1383 983/1470/1388 105/1472/1390
f 979/1473/1391 3447/1461/1379 3450/1465/1383 980/1471/1389
f 978/1467/1385 3444/1458/1376 3447/1461/1379 979/1473/1391
f 3453/1474/1392 3454/1475/1393 3457/1476/1394 3456/1477/1395
f 3454/1475/1393 3455/1478/1396 3458/1479/1397 3457/1476/1394
f 3456/1477/1395 3457/1476/1394 3460/1480/1398 3459/1481/1399
f 3457/1476/1394 3458/1479/1397 3461/1482/1400 3460/1480/1398
f 105/1472/1390 983/1470/1388 3453/1474/1392 984/1483/1401
f 983/1470/1388 982/1469/1387 3454/1475/1393 3453/1474/1392
f 982/1469/1387 981/1468/1386 3455/1478/1396 3454/1475/1393
f 981/1468/1386 36/570/537 633/569/536 3455/1478/1396
f 3455/1478/1396 633/569/536 634/568/535 3458/1479/1397
f 3458/1479/1397 634/568/535 635/567/534 3461/1482/1400
f 3461/1482/1400 635/567/534 110/491/467 989/1484/1402
f 3460/1480/1398 3461/1482/1400 989/1484/1402 988/1485/1403
f 3459/1481/1399 3460/1480/1398 988/1485/1403 987/1486/1404
f 986/1487/1405 3459/1481/1399 987/1486/1404 106/1488/1406
f 985/1489/1407 3456/1477/1395 3459/1481/1399 986/1487/1405
f 984/1483/1401 3453/1474/1392 3456/1477/1395 985/1489/1407
f 3462/1490/1408 3463/1491/1409 3466/1492/1410 3465/1493/1411
f 3463/1491/1409 3464/1494/1412 3467/1495/1413 3466/1492/1410
f 3465/1493/1411 3466/1492/1410 3469/1496/1414 3468/1497/1415
f 3466/1492/1410 3467/1495/1413 3470/1498/1416 3469/1496/1414
f 106/1488/1406 987/1486/1404 3462/1490/1408 990/1499/1417
f 987/1486/1404 988/1485/1403 3463/1491/1409 3462/1490/1408
f 988/1485/1403 989/1484/1402 3464/1494/1412 3463/1491/1409
f 989/1484/1402 110/491/467 608/490/466 3464/1494/1412
f 3464/1494/1412 608/490/466 607/489/465 3467/1495/1413
f 3467/1495/1413 607/489/465 606/487/463 3470/1498/1416
f 3470/1498/1416 606/487/463 109/486/462 995/1500/1418
f 3469/1496/1414 3470/1498/1416 995/1500/1418 994/1501/1419
f 3468/1497/1415 3469/1496/1414 994/1501/1419 993/1502/1420
f 992/1503/1421 3468/1497/1415 993/1502/1420 107/1504/1422
f 991/1505/1423 3465/1493/1411 3468/1497/1415 992/1503/1421
f 990/1499/1417 3462/1490/1408 3465/1493/1411 991/1505/1423
f 3471/1506/1424 3472/1507/1425 3475/1508/1426 3474/1509/1427
f 3472/1507/1425 3473/1510/1428 3476/1511/1429 3475/1508/1426
f 3474/1509/1427 3475/1508/1426 3478/1512/1430 3477/1513/1431
f 3475/1508/1426 3476/1511/1429 3479/1514/1432 3478/1512/1430
f 109/486/462 996/1515/1433 3471/1506/1424 995/1500/1418
f 996/1515/1433 997/1516/1434 3472/1507/1425 3471/1506/1424
f 997/1516/1434 998/1517/1435 3473/1510/1428 3472/1507/1425
f 998/1517/1435 112/419/399 1001/1518/1436 3473/1510/1428
f 3473/1510/1428 1001/1518/1436 1000/1519/1437 3476/1511/1429
f 3476/1511/1429 1000/1519/1437 999/1520/1438 3479/1514/1432
f 3479/1514/1432 999/1520/1438 111/1521/1439 1004/1522/1440
f 3478/1512/1430 3479/1514/1432 1004/1522/1440 1003/1523/1441
f 3477/1513/1431 3478/1512/1430 1003/1523/1441 1002/1524/1442
f 993/1502/1420 3477/1513/1431 1002/1524/1442 107/1504/1422
f 994/1501/1419 3474/1509/1427 3477/1513/1431 993/1502/1420
f 995/1500/1418 3471/1506/1424 3474/1509/1427 994/1501/1419
f 3480/1525/1443 3481/1526/1444 3484/1527/1445 3483/1528/1446
f 3481/1526/1444 3482/1529/1447 3485/1530/1448 3484/1527/1445
f 3483/1528/1446 3484/1527/1445 3487/1531/1449 3486/1532/1450
f 3484/1527/1445 3485/1530/1448 3488/1533/1451 3487/1531/1449
f 58/983/914 791/982/913 3480/1525/1443 1005/1534/1452
f 791/982/913 790/981/912 3481/1526/1444 3480/1525/1443
f 790/981/912 789/980/911 3482/1529/1447 3481/1526/1444
f 789/980/911 57/979/910 1008/1535/1453 3482/1529/1447
f 3482/1529/1447 1008/1535/1453 1009/1536/1454 3485/1530/1448
f 3485/1530/1448 1009/1536/1454 1010/1537/1455 3488/1533/1451
f 3488/1533/1451 1010/1537/1455 108/1538/1456 1013/1539/1457
f 3487/1531/1449 3488/1533/1451 1013/1539/1457 1012/1540/1458
f 3486/1532/1450 3487/1531/1449 1012/1540/1458 1011/1541/1459
f 1007/1542/1460 3486/1532/1450 1011/1541/1459 100/1408/1326
f 1006/1543/1461 3483/1528/1446 3486/1532/1450 1007/1542/1460
f 1005/1534/1452 3480/1525/1443 3483/1528/1446 1006/1543/1461
f 3489/1544/1462 3490/1545/1463 3493/1546/1464 3492/1547/1465
f 3490/1545/1463 3491/1548/1466 3494/1549/1467 3493/1546/1464
f 3492/1547/1465 3493/1546/1464 3496/1550/1468 3495/1551/1469
f 3493/1546/1464 3494/1549/1467 3497/1552/1470 3496/1550/1468
f 85/1553/1471 1019/1554/1472 3489/1544/1462 1016/1555/1473
f 1019/1554/1472 1018/1556/1474 3490/1545/1463 3489/1544/1462
f 1018/1556/1474 1017/1557/1475 3491/1548/1466 3490/1545/1463
f 1017/1557/1475 84/1558/1476 1022/1559/1477 3491/1548/1466
f 3491/1548/1466 1022/1559/1477 1021/1560/1478 3494/1549/1467
f 3494/1549/1467 1021/1560/1478 1020/1561/1479 3497/1552/1470
f 3497/1552/1470 1020/1561/1479 52/903/842 777/946/881
f 3496/1550/1468 3497/1552/1470 777/946/881 778/945/880
f 3495/1551/1469 3496/1550/1468 778/945/880 779/944/879
f 1014/1562/1480 3495/1551/1469 779/944/879 55/943/878
f 1015/1563/1481 3492/1547/1465 3495/1551/1469 1014/1562/1480
f 1016/1555/1473 3489/1544/1462 3492/1547/1465 1015/1563/1481
f 3498/1564/1482 3499/1565/1483 3502/1566/1484 3501/1567/1485
f 3499/1565/1483 3500/1568/1486 3503/1569/1487 3502/1566/1484
f 3501/1567/1485 3502/1566/1484 3505/1570/1488 3504/1571/1489
f 3502/1566/1484 3503/1569/1487 3506/1572/1490 3505/1570/1488
f 83/1573/1491 1028/1574/1492 3498/1564/1482 1023/1575/1493
f 1028/1574/1492 1027/1576/1494 3499/1565/1483 3498/1564/1482
f 1027/1576/1494 1026/1577/1495 3500/1568/1486 3499/1565/1483
f 1026/1577/1495 53/907/846 764/906/845 3500/1568/1486
f 3500/1568/1486 764/906/845 763/905/844 3503/1569/1487
f 3503/1569/1487 763/905/844 762/904/843 3506/1572/1490
f 3506/1572/1490 762/904/843 52/903/842 1020/1561/1479
f 3505/1570/1488 3506/1572/1490 1020/1561/1479 1021/1560/1478
f 3504/1571/1489 3505/1570/1488 1021/1560/1478 1022/1559/1477
f 1025/1578/1496 3504/1571/1489 1022/1559/1477 84/1558/1476
f 1024/1579/1497 3501/1567/1485 3504/1571/1489 1025/1578/1496
f 1023/1575/1493 3498/1564/1482 3501/1567/1485 1024/1579/1497
f 3507/1580/1498 3508/1581/1499 3511/1582/1500 3510/1583/1501
f 3508/1581/1499 3509/1584/1502 3512/1585/1503 3511/1582/1500
f 3510/1583/1501 3511/1582/1500 3514/1586/1504 3513/1587/1505
f 3511/1582/1500 3512/1585/1503 3515/1588/1506 3514/1586/1504
f 86/1589/1507 1034/1590/1508 3507/1580/1498 1031/1591/1509
f 1034/1590/1508 1033/1592/1510 3508/1581/1499 3507/1580/1498
f 1033/1592/1510 1032/1593/1511 3509/1584/1502 3508/1581/1499
f 1032/1593/1511 80/1594/934 1035/1595/1512 3509/1584/1502
f 3509/1584/1502 1035/1595/1512 1036/1596/1513 3512/1585/1503
f 3512/1585/1503 1036/1596/1513 1037/1597/1514 3515/1588/1506
f 3515/1588/1506 1037/1597/1514 108/1598/1456 1040/1599/1515
f 3514/1586/1504 3515/1588/1506 1040/1599/1515 1039/1600/1516
f 3513/1587/1505 3514/1586/1504 1039/1600/1516 1038/1601/1517
f 1029/1602/1518 3513/1587/1505 1038/1601/1517 81/1603/1519
f 1030/1604/1520 3510/1583/1501 3513/1587/1505 1029/1602/1518
f 1031/1591/1509 3507/1580/1498 3510/1583/1501 1030/1604/1520
f 3516/1605/1521 3517/1606/1522 3520/1607/1523 3519/1608/1524
f 3517/1606/1522 3518/1609/1525 3521/1610/1526 3520/1607/1523
f 3519/1608/1524 3520/1607/1523 3523/1611/1527 3522/1612/1528
f 3520/1607/1523 3521/1610/1526 3524/1613/1529 3523/1611/1527
f 87/1614/1530 1046/1615/1531 3516/1605/1521 1043/1616/1532
f 1046/1615/1531 1045/1617/1533 3517/1606/1522 3516/1605/1521
f 1045/1617/1533 1044/1618/1534 3518/1609/1525 3517/1606/1522
f 1044/1618/1534 83/1573/1491 1023/1575/1493 3518/1609/1525
f 3518/1609/1525 1023/1575/1493 1024/1579/1497 3521/1610/1526
f 3521/1610/1526 1024/1579/1497 1025/1578/1496 3524/1613/1529
f 3524/1613/1529 1025/1578/1496 84/1558/1476 1049/1619/1535
f 3523/1611/1527 3524/1613/1529 1049/1619/1535 1048/1620/1536
f 3522/1612/1528 3523/1611/1527 1048/1620/1536 1047/1621/1537
f 1041/1622/1538 3522/1612/1528 1047/1621/1537 81/1603/1519
f 1042/1623/1539 3519/1608/1524 3522/1612/1528 1041/1622/1538
f 1043/1616/1532 3516/1605/1521 3519/1608/1524 1042/1623/1539
f 3525/1624/1540 3526/1625/1541 3529/1626/1542 3528/1627/1543
f 3526/1625/1541 3527/1628/1544 3530/1629/1545 3529/1626/1542
f 3528/1627/1543 3529/1626/1542 3532/1630/1546 3531/1631/1547
f 3529/1626/1542 3530/1629/1545 3533/1632/1548 3532/1630/1546
f 81/1603/1519 1047/1621/1537 3525/1624/1540 1029/1602/1518
f 1047/1621/1537 1048/1620/1536 3526/1625/1541 3525/1624/1540
f 1048/1620/1536 1049/1619/1535 3527/1628/1544 3526/1625/1541
f 1049/1619/1535 84/1558/1476 1017/1557/1475 3527/1628/1544
f 3527/1628/1544 1017/1557/1475 1018/1556/1474 3530/1629/1545
f 3530/1629/1545 1018/1556/1474 1019/1554/1472 3533/1632/1548
f 3533/1632/1548 1019/1554/1472 85/1553/1471 1050/1633/1549
f 3532/1630/1546 3533/1632/1548 1050/1633/1549 1051/1634/1550
f 3531/1631/1547 3532/1630/1546 1051/1634/1550 1052/1635/1551
f 1031/1591/1509 3531/1631/1547 1052/1635/1551 86/1589/1507
f 1030/1604/1520 3528/1627/1543 3531/1631/1547 1031/1591/1509
f 1029/1602/1518 3525/1624/1540 3528/1627/1543 1030/1604/1520
f 3534/1636/1552 3535/1637/1553 3538/1638/1554 3537/1639/1555
f 3535/1637/1553 3536/1640/1556 3539/1641/1557 3538/1638/1554
f 3537/1639/1555 3538/1638/1554 3541/1642/1558 3540/1643/1559
f 3538/1638/1554 3539/1641/1557 3542/1644/1560 3541/1642/1558
f 85/1553/1471 1016/1555/1473 3534/1636/1552 1050/1633/1549
f 1016/1555/1473 1015/1563/1481 3535/1637/1553 3534/1636/1552
f 1015/1563/1481 1014/1562/1480 3536/1640/1556 3535/1637/1553
f 1014/1562/1480 55/943/878 801/1645/937 3536/1640/1556
f 3536/1640/1556 801/1645/937 802/1646/936 3539/1641/1557
f 3539/1641/1557 802/1646/936 803/1647/935 3542/1644/1560
f 3542/1644/1560 803/1647/935 80/1594/934 1032/1593/1511
f 3541/1642/1558 3542/1644/1560 1032/1593/1511 1033/1592/1510
f 3540/1643/1559 3541/1642/1558 1033/1592/1510 1034/1590/1508
f 1052/1635/1551 3540/1643/1559 1034/1590/1508 86/1589/1507
f 1051/1634/1550 3537/1639/1555 3540/1643/1559 1052/1635/1551
f 1050/1633/1549 3534/1636/1552 3537/1639/1555 1051/1634/1550
f 3543/1648/1561 3544/1649/1562 3547/1650/1563 3546/1651/1564
f 3544/1649/1562 3545/1652/1565 3548/1653/1566 3547/1650/1563
f 3546/1651/1564 3547/1650/1563 3550/1654/1567 3549/1655/1568
f 3547/1650/1563 3548/1653/1566 3551/1656/1569 3550/1654/1567
f 83/1573/1491 1044/1618/1534 3543/1648/1561 1028/1574/1492
f 1044/1618/1534 1045/1617/1533 3544/1649/1562 3543/1648/1561
f 1045/1617/1533 1046/1615/1531 3545/1652/1565 3544/1649/1562
f 1046/1615/1531 87/1614/1530 1055/1657/1570 3545/1652/1565
f 3545/1652/1565 1055/1657/1570 1054/1658/1571 3548/1653/1566
f 3548/1653/1566 1054/1658/1571 1053/1659/1572 3551/1656/1569
f 3551/1656/1569 1053/1659/1572 57/1660/910 788/1661/909
f 3550/1654/1567 3551/1656/1569 788/1661/909 787/1662/908
f 3549/1655/1568 3550/1654/1567 787/1662/908 786/1663/907
f 1026/1577/1495 3549/1655/1568 786/1663/907 53/907/846
f 1027/1576/1494 3546/1651/1564 3549/1655/1568 1026/1577/1495
f 1028/1574/1492 3543/1648/1561 3546/1651/1564 1027/1576/1494
f 3552/1664/1573 3553/1665/1574 3556/1666/1575 3555/1667/1576
f 3553/1665/1574 3554/1668/1577 3557/1669/1578 3556/1666/1575
f 3555/1667/1576 3556/1666/1575 3559/1670/1579 3558/1671/1580
f 3556/1666/1575 3557/1669/1578 3560/1672/1581 3559/1670/1579
f 79/414/394 948/1383/1305 3552/1664/1573 1056/1673/1582
f 948/1383/1305 949/1382/1304 3553/1665/1574 3552/1664/1573
f 949/1382/1304 950/1380/1302 3554/1668/1577 3553/1665/1574
f 950/1380/1302 177/1379/1301 1059/1674/1583 3554/1668/1577
f 3554/1668/1577 1059/1674/1583 1060/1675/1584 3557/1669/1578
f 3557/1669/1578 1060/1675/1584 1061/1676/1585 3560/1672/1581
f 3560/1672/1581 1061/1676/1585 178/1677/1586 1064/1678/1587
f 3559/1670/1579 3560/1672/1581 1064/1678/1587 1063/1679/1588
f 3558/1671/1580 3559/1670/1579 1063/1679/1588 1062/1680/1589
f 1058/1681/1590 3558/1671/1580 1062/1680/1589 94/1682/1591
f 1057/1683/1592 3555/1667/1576 3558/1671/1580 1058/1681/1590
f 1056/1673/1582 3552/1664/1573 3555/1667/1576 1057/1683/1592
f 3561/1684/1593 3562/1685/1594 3565/1686/1595 3564/1687/1596
f 3562/1685/1594 3563/1688/1597 3566/1689/1598 3565/1686/1595
f 3564/1687/1596 3565/1686/1595 3568/1690/1599 3567/1691/1600
f 3565/1686/1595 3566/1689/1598 3569/1692/1601 3568/1690/1599
f 242/1693/1190 1065/1694/1602 3561/1684/1593 911/1695/1205
f 1065/1694/1602 1066/1696/1603 3562/1685/1594 3561/1684/1593
f 1066/1696/1603 1067/1697/1604 3563/1688/1597 3562/1685/1594
f 1067/1697/1604 243/1698/1605 1070/1699/1606 3563/1688/1597
f 3563/1688/1597 1070/1699/1606 1069/1700/1607 3566/1689/1598
f 3566/1689/1598 1069/1700/1607 1068/1701/1608 3569/1692/1601
f 3569/1692/1601 1068/1701/1608 123/1702/1609 1073/1703/1610
f 3568/1690/1599 3569/1692/1601 1073/1703/1610 1072/1704/1611
f 3567/1691/1600 3568/1690/1599 1072/1704/1611 1071/1705/1612
f 909/1706/1207 3567/1691/1600 1071/1705/1612 121/1707/1156
f 910/1708/1206 3564/1687/1596 3567/1691/1600 909/1706/1207
f 911/1695/1205 3561/1684/1593 3564/1687/1596 910/1708/1206
f 3570/1709/1613 3571/1710/1614 3574/1711/1615 3573/1712/1616
f 3571/1710/1614 3572/1713/1617 3575/1714/1618 3574/1711/1615
f 3573/1712/1616 3574/1711/1615 3577/1715/1619 3576/1716/1620
f 3574/1711/1615 3575/1714/1618 3578/1717/1621 3577/1715/1619
f 89/1346/1268 930/1345/1267 3570/1709/1613 1076/1718/1622
f 930/1345/1267 931/1344/1266 3571/1710/1614 3570/1709/1613
f 931/1344/1266 932/1343/1265 3572/1713/1617 3571/1710/1614
f 932/1343/1265 90/58/58 1079/1719/1623 3572/1713/1617
f 3572/1713/1617 1079/1719/1623 1078/1720/1624 3575/1714/1618
f 3575/1714/1618 1078/1720/1624 1077/1721/1625 3578/1717/1621
f 3578/1717/1621 1077/1721/1625 8/174/174 1080/1722/1626
f 3577/1715/1619 3578/1717/1621 1080/1722/1626 1081/1723/1627
f 3576/1716/1620 3577/1715/1619 1081/1723/1627 1082/1724/1628
f 1074/1725/1629 3576/1716/1620 1082/1724/1628 78/1726/1630
f 1075/1727/1631 3573/1712/1616 3576/1716/1620 1074/1725/1629
f 1076/1718/1622 3570/1709/1613 3573/1712/1616 1075/1727/1631
f 3579/1728/1632 3580/1729/1633 3583/1730/1634 3582/1731/1635
f 3580/1729/1633 3581/1732/1636 3584/1733/1637 3583/1730/1634
f 3582/1731/1635 3583/1730/1634 3586/1734/1638 3585/1735/1639
f 3583/1730/1634 3584/1733/1637 3587/1736/1640 3586/1734/1638
f 90/58/58 420/57/57 3579/1728/1632 1079/1719/1623
f 420/57/57 421/56/56 3580/1729/1633 3579/1728/1632
f 421/56/56 422/55/55 3581/1732/1636 3580/1729/1633
f 422/55/55 91/38/38 1085/1737/1641 3581/1732/1636
f 3581/1732/1636 1085/1737/1641 1084/1738/1642 3584/1733/1637
f 3584/1733/1637 1084/1738/1642 1083/1739/1643 3587/1736/1640
f 3587/1736/1640 1083/1739/1643 5/154/154 471/165/165
f 3586/1734/1638 3587/1736/1640 471/165/165 472/175/175
f 3585/1735/1639 3586/1734/1638 472/175/175 473/173/173
f 1077/1721/1625 3585/1735/1639 473/173/173 8/174/174
f 1078/1720/1624 3582/1731/1635 3585/1735/1639 1077/1721/1625
f 1079/1719/1623 3579/1728/1632 3582/1731/1635 1078/1720/1624
f 3588/1740/1644 3589/1741/1645 3592/1742/1646 3591/1743/1647
f 3589/1741/1645 3590/1744/1648 3593/1745/1649 3592/1742/1646
f 3591/1743/1647 3592/1742/1646 3595/1746/1650 3594/1747/1651
f 3592/1742/1646 3593/1745/1649 3596/1748/1652 3595/1746/1650
f 91/38/38 411/37/37 3588/1740/1644 1085/1737/1641
f 411/37/37 412/36/36 3589/1741/1645 3588/1740/1644
f 412/36/36 413/35/35 3590/1744/1648 3589/1741/1645
f 413/35/35 92/24/24 1088/1749/1653 3590/1744/1648
f 3590/1744/1648 1088/1749/1653 1087/1750/1654 3593/1745/1649
f 3593/1745/1649 1087/1750/1654 1086/1751/1655 3596/1748/1652
f 3596/1748/1652 1086/1751/1655 4/134/134 462/145/145
f 3595/1746/1650 3596/1748/1652 462/145/145 463/155/155
f 3594/1747/1651 3595/1746/1650 463/155/155 464/153/153
f 1083/1739/1643 3594/1747/1651 464/153/153 5/154/154
f 1084/1738/1642 3591/1743/1647 3594/1747/1651 1083/1739/1643
f 1085/1737/1641 3588/1740/1644 3591/1743/1647 1084/1738/1642
f 3597/1752/1656 3598/1753/1657 3601/1754/1658 3600/1755/1659
f 3598/1753/1657 3599/1756/1660 3602/1757/1661 3601/1754/1658
f 3600/1755/1659 3601/1754/1658 3604/1758/1662 3603/1759/1663
f 3601/1754/1658 3602/1757/1661 3605/1760/1664 3604/1758/1662
f 89/1761/1268 1089/1762/1665 3597/1752/1656 935/1763/1269
f 1089/1762/1665 1090/1764/1666 3598/1753/1657 3597/1752/1656
f 1090/1764/1666 1091/1765/1667 3599/1756/1660 3598/1753/1657
f 1091/1765/1667 312/1766/1668 1094/1767/1669 3599/1756/1660
f 3599/1756/1660 1094/1767/1669 1093/1768/1670 3602/1757/1661
f 3602/1757/1661 1093/1768/1670 1092/1769/1671 3605/1760/1664
f 3605/1760/1664 1092/1769/1671 93/1770/1672 1097/1771/1673
f 3604/1758/1662 3605/1760/1664 1097/1771/1673 1096/1772/1674
f 3603/1759/1663 3604/1758/1662 1096/1772/1674 1095/1773/1675
f 933/1774/1271 3603/1759/1663 1095/1773/1675 77/1775/1272
f 934/1776/1270 3600/1755/1659 3603/1759/1663 933/1774/1271
f 935/1763/1269 3597/1752/1656 3600/1755/1659 934/1776/1270
f 3606/1777/1676 3607/1778/1677 3610/1779/1678 3609/1780/1679
f 3607/1778/1677 3608/1781/1680 3611/1782/1681 3610/1779/1678
f 3609/1780/1679 3610/1779/1678 3613/1783/1682 3612/1784/1683
f 3610/1779/1678 3611/1782/1681 3614/1785/1684 3613/1783/1682
f 77/1775/1272 1095/1773/1675 3606/1777/1676 939/1786/1285
f 1095/1773/1675 1096/1772/1674 3607/1778/1677 3606/1777/1676
f 1096/1772/1674 1097/1771/1673 3608/1781/1680 3607/1778/1677
f 1097/1771/1673 93/1770/1672 1098/1787/1685 3608/1781/1680
f 3608/1781/1680 1098/1787/1685 1099/1788/1686 3611/1782/1681
f 3611/1782/1681 1099/1788/1686 1100/1789/1687 3614/1785/1684
f 3614/1785/1684 1100/1789/1687 254/1790/1688 1103/1791/1689
f 3613/1783/1682 3614/1785/1684 1103/1791/1689 1102/1792/1690
f 3612/1784/1683 3613/1783/1682 1102/1792/1690 1101/1793/1691
f 941/1794/1287 3612/1784/1683 1101/1793/1691 252/1795/1288
f 940/1796/1286 3609/1780/1679 3612/1784/1683 941/1794/1287
f 939/1786/1285 3606/1777/1676 3609/1780/1679 940/1796/1286
f 3615/1797/1692 3616/1798/1693 3619/1799/1694 3618/1800/1695
f 3616/1798/1693 3617/1801/1696 3620/1802/1697 3619/1799/1694
f 3618/1800/1695 3619/1799/1694 3622/1803/1698 3621/1804/1699
f 3619/1799/1694 3620/1802/1697 3623/1805/1700 3622/1803/1698
f 78/1806/1630 1104/1807/1701 3615/1797/1692 1074/1808/1629
f 1104/1807/1701 1105/1809/1702 3616/1798/1693 3615/1797/1692
f 1105/1809/1702 1106/1810/1703 3617/1801/1696 3616/1798/1693
f 1106/1810/1703 318/1811/1704 1109/1812/1705 3617/1801/1696
f 3617/1801/1696 1109/1812/1705 1108/1813/1706 3620/1802/1697
f 3620/1802/1697 1108/1813/1706 1107/1814/1707 3623/1805/1700
f 3623/1805/1700 1107/1814/1707 312/1766/1668 1091/1765/1667
f 3622/1803/1698 3623/1805/1700 1091/1765/1667 1090/1764/1666
f 3621/1804/1699 3622/1803/1698 1090/1764/1666 1089/1762/1665
f 1076/1815/1622 3621/1804/1699 1089/1762/1665 89/1761/1268
f 1075/1816/1631 3618/1800/1695 3621/1804/1699 1076/1815/1622
f 1074/1808/1629 3615/1797/1692 3618/1800/1695 1075/1816/1631
f 3624/1817/1708 3625/1818/1709 3628/1819/1710 3627/1820/1711
f 3625/1818/1709 3626/1821/1712 3629/1822/1713 3628/1819/1710
f 3627/1820/1711 3628/1819/1710 3631/1823/1714 3630/1824/1715
f 3628/1819/1710 3629/1822/1713 3632/1825/1716 3631/1823/1714
f 308/1826/1717 1115/1827/1718 3624/1817/1708 1112/1828/1719
f 1115/1827/1718 1114/1829/1720 3625/1818/1709 3624/1817/1708
f 1114/1829/1720 1113/1830/1721 3626/1821/1712 3625/1818/1709
f 1113/1830/1721 189/1831/1722 1118/1832/1723 3626/1821/1712
f 3626/1821/1712 1118/1832/1723 1117/1833/1724 3629/1822/1713
f 3629/1822/1713 1117/1833/1724 1116/1834/1725 3632/1825/1716
f 3632/1825/1716 1116/1834/1725 187/1835/1220 921/1836/1239
f 3631/1823/1714 3632/1825/1716 921/1836/1239 922/1837/1238
f 3630/1824/1715 3631/1823/1714 922/1837/1238 923/1838/1237
f 1110/1839/1726 3630/1824/1715 923/1838/1237 307/1840/1236
f 1111/1841/1727 3627/1820/1711 3630/1824/1715 1110/1839/1726
f 1112/1828/1719 3624/1817/1708 3627/1820/1711 1111/1841/1727
f 3633/1842/1728 3634/1843/1729 3637/1844/1730 3636/1845/1731
f 3634/1843/1729 3635/1846/1732 3638/1847/1733 3637/1844/1730
f 3636/1845/1731 3637/1844/1730 3640/1848/1734 3639/1849/1735
f 3637/1844/1730 3638/1847/1733 3641/1850/1736 3640/1848/1734
f 70/1851/1085 1121/1852/1737 3633/1842/1728 866/1853/1086
f 1121/1852/1737 1120/1854/1738 3634/1843/1729 3633/1842/1728
f 1120/1854/1738 1119/1855/1739 3635/1846/1732 3634/1843/1729
f 1119/1855/1739 16/1856/1740 1122/1857/1741 3635/1846/1732
f 3635/1846/1732 1122/1857/1741 1123/1858/1742 3638/1847/1733
f 3638/1847/1733 1123/1858/1742 1124/1859/1743 3641/1850/1736
f 3641/1850/1736 1124/1859/1743 82/1860/1744 1127/1861/1745
f 3640/1848/1734 3641/1850/1736 1127/1861/1745 1126/1862/1746
f 3639/1849/1735 3640/1848/1734 1126/1862/1746 1125/1863/1747
f 864/1864/1088 3639/1849/1735 1125/1863/1747 15/1865/1090
f 865/1866/1087 3636/1845/1731 3639/1849/1735 864/1864/1088
f 866/1853/1086 3633/1842/1728 3636/1845/1731 865/1866/1087
f 3642/1867/1748 3643/1868/1749 3646/1869/1750 3645/1870/1751
f 3643/1868/1749 3644/1871/1752 3647/1872/1753 3646/1869/1750
f 3645/1870/1751 3646/1869/1750 3649/1873/1754 3648/1874/1755
f 3646/1869/1750 3647/1872/1753 3650/1875/1756 3649/1873/1754
f 16/1856/1740 1128/1876/1757 3642/1867/1748 1122/1857/1741
f 1128/1876/1757 1129/1877/1758 3643/1868/1749 3642/1867/1748
f 1129/1877/1758 1130/1878/1759 3644/1871/1752 3643/1868/1749
f 1130/1878/1759 94/1682/1591 1131/1879/1760 3644/1871/1752
f 3644/1871/1752 1131/1879/1760 1132/1880/1761 3647/1872/1753
f 3647/1872/1753 1132/1880/1761 1133/1881/1762 3650/1875/1756
f 3650/1875/1756 1133/1881/1762 337/1882/1763 1136/1883/1764
f 3649/1873/1754 3650/1875/1756 1136/1883/1764 1135/1884/1765
f 3648/1874/1755 3649/1873/1754 1135/1884/1765 1134/1885/1766
f 1124/1859/1743 3648/1874/1755 1134/1885/1766 82/1860/1744
f 1123/1858/1742 3645/1870/1751 3648/1874/1755 1124/1859/1743
f 1122/1857/1741 3642/1867/1748 3645/1870/1751 1123/1858/1742
f 3651/1886/1767 3652/1887/1768 3655/1888/1769 3654/1889/1770
f 3652/1887/1768 3653/1890/1771 3656/1891/1772 3655/1888/1769
f 3654/1889/1770 3655/1888/1769 3658/1892/1773 3657/1893/1774
f 3655/1888/1769 3656/1891/1772 3659/1894/1775 3658/1892/1773
f 94/1682/1591 1062/1680/1589 3651/1886/1767 1131/1879/1760
f 1062/1680/1589 1063/1679/1588 3652/1887/1768 3651/1886/1767
f 1063/1679/1588 1064/1678/1587 3653/1890/1771 3652/1887/1768
f 1064/1678/1587 178/1677/1586 1137/1895/1776 3653/1890/1771
f 3653/1890/1771 1137/1895/1776 1138/1896/1777 3656/1891/1772
f 3656/1891/1772 1138/1896/1777 1139/1897/1778 3659/1894/1775
f 3659/1894/1775 1139/1897/1778 336/1898/1779 1140/1899/1780
f 3658/1892/1773 3659/1894/1775 1140/1899/1780 1141/1900/1781
f 3657/1893/1774 3658/1892/1773 1141/1900/1781 1142/1901/1782
f 1133/1881/1762 3657/1893/1774 1142/1901/1782 337/1882/1763
f 1132/1880/1761 3654/1889/1770 3657/1893/1774 1133/1881/1762
f 1131/1879/1760 3651/1886/1767 3654/1889/1770 1132/1880/1761
f 3660/1902/1783 3661/1903/1784 3664/1904/1785 3663/1905/1786
f 3661/1903/1784 3662/1906/1787 3665/1907/1788 3664/1904/1785
f 3663/1905/1786 3664/1904/1785 3667/1908/1789 3666/1909/1790
f 3664/1904/1785 3665/1907/1788 3668/1910/1791 3667/1908/1789
f 178/1677/1586 1148/1911/1792 3660/1902/1783 1145/1912/1793
f 1148/1911/1792 1147/1913/1794 3661/1903/1784 3660/1902/1783
f 1147/1913/1794 1146/1914/1795 3662/1906/1787 3661/1903/1784
f 1146/1914/1795 123/1702/1609 1068/1701/1608 3662/1906/1787
f 3662/1906/1787 1068/1701/1608 1069/1700/1607 3665/1907/1788
f 3665/1907/1788 1069/1700/1607 1070/1699/1606 3668/1910/1791
f 3668/1910/1791 1070/1699/1606 243/1698/1605 1151/1915/1796
f 3667/1908/1789 3668/1910/1791 1151/1915/1796 1150/1916/1797
f 3666/1909/1790 3667/1908/1789 1150/1916/1797 1149/1917/1798
f 1143/1918/1799 3666/1909/1790 1149/1917/1798 95/1919/1800
f 1144/1920/1801 3663/1905/1786 3666/1909/1790 1143/1918/1799
f 1145/1912/1793 3660/1902/1783 3663/1905/1786 1144/1920/1801
f 3669/1921/1802 3670/1922/1803 3673/1923/1804 3672/1924/1805
f 3670/1922/1803 3671/1925/1806 3674/1926/1807 3673/1923/1804
f 3672/1924/1805 3673/1923/1804 3676/1927/1808 3675/1928/1809
f 3673/1923/1804 3674/1926/1807 3677/1929/1810 3676/1927/1808
f 96/388/369 561/387/368 3669/1921/1802 575/1930/386
f 561/387/368 562/386/367 3670/1922/1803 3669/1921/1802
f 562/386/367 563/385/366 3671/1925/1806 3670/1922/1803
f 563/385/366 97/219/218 1154/1931/1811 3671/1925/1806
f 3671/1925/1806 1154/1931/1811 1153/1932/1812 3674/1926/1807
f 3674/1926/1807 1153/1932/1812 1152/1933/1813 3677/1929/1810
f 3677/1929/1810 1152/1933/1813 69/1148/1070 857/1146/1068
f 3676/1927/1808 3677/1929/1810 857/1146/1068 856/1145/1067
f 3675/1928/1809 3676/1927/1808 856/1145/1067 855/1144/1066
f 573/1934/389 3675/1928/1809 855/1144/1066 26/1143/390
f 574/1935/388 3672/1924/1805 3675/1928/1809 573/1934/389
f 575/1930/386 3669/1921/1802 3672/1924/1805 574/1935/388
f 3678/1936/1814 3679/1937/1815 3682/1938/1816 3681/1939/1817
f 3679/1937/1815 3680/1940/1818 3683/1941/1819 3682/1938/1816
f 3681/1939/1817 3682/1938/1816 3685/1942/1820 3684/1943/1821
f 3682/1938/1816 3683/1941/1819 3686/1944/1822 3685/1942/1820
f 97/219/218 498/218/217 3678/1936/1814 1154/1931/1811
f 498/218/217 499/217/216 3679/1937/1815 3678/1936/1814
f 499/217/216 500/216/215 3680/1940/1818 3679/1937/1815
f 500/216/215 98/215/214 1157/1945/1823 3680/1940/1818
f 3680/1940/1818 1157/1945/1823 1156/1946/1824 3683/1941/1819
f 3683/1941/1819 1156/1946/1824 1155/1947/1825 3686/1944/1822
f 3686/1944/1822 1155/1947/1825 70/1163/1085 863/1162/1084
f 3685/1942/1820 3686/1944/1822 863/1162/1084 862/1161/1083
f 3684/1943/1821 3685/1942/1820 862/1161/1083 861/1160/1082
f 1152/1933/1813 3684/1943/1821 861/1160/1082 69/1148/1070
f 1153/1932/1812 3681/1939/1817 3684/1943/1821 1152/1933/1813
f 1154/1931/1811 3678/1936/1814 3681/1939/1817 1153/1932/1812
f 3687/1948/1826 3688/1949/1827 3691/1950/1828 3690/1951/1829
f 3688/1949/1827 3689/1952/1830 3692/1953/1831 3691/1950/1828
f 3690/1951/1829 3691/1950/1828 3694/1954/1832 3693/1955/1833
f 3691/1950/1828 3692/1953/1831 3695/1956/1834 3694/1954/1832
f 70/1851/1085 1155/1957/1825 3687/1948/1826 1121/1852/1737
f 1155/1957/1825 1156/1958/1824 3688/1949/1827 3687/1948/1826
f 1156/1958/1824 1157/1959/1823 3689/1952/1830 3688/1949/1827
f 1157/1959/1823 98/244/214 510/243/242 3689/1952/1830
f 3689/1952/1830 510/243/242 511/242/241 3692/1953/1831
f 3692/1953/1831 511/242/241 512/241/240 3695/1956/1834
f 3695/1956/1834 512/241/240 99/240/239 1160/1960/1835
f 3694/1954/1832 3695/1956/1834 1160/1960/1835 1159/1961/1836
f 3693/1955/1833 3694/1954/1832 1159/1961/1836 1158/1962/1837
f 1119/1855/1739 3693/1955/1833 1158/1962/1837 16/1856/1740
f 1120/1854/1738 3690/1951/1829 3693/1955/1833 1119/1855/1739
f 1121/1852/1737 3687/1948/1826 3690/1951/1829 1120/1854/1738
f 3696/1963/1838 3697/1964/1839 3700/1965/1840 3699/1966/1841
f 3697/1964/1839 3698/1967/1842 3701/1968/1843 3700/1965/1840
f 3699/1966/1841 3700/1965/1840 3703/1969/1844 3702/1970/1845
f 3700/1965/1840 3701/1968/1843 3704/1971/1846 3703/1969/1844
f 58/983/914 1005/1534/1452 3696/1963/1838 794/984/915
f 1005/1534/1452 1006/1543/1461 3697/1964/1839 3696/1963/1838
f 1006/1543/1461 1007/1542/1460 3698/1967/1842 3697/1964/1839
f 1007/1542/1460 100/1408/1326 957/1406/1324 3698/1967/1842
f 3698/1967/1842 957/1406/1324 958/1405/1323 3701/1968/1843
f 3701/1968/1843 958/1405/1323 959/1404/1322 3704/1971/1846
f 3704/1971/1846 959/1404/1322 101/1403/1321 1163/1972/1847
f 3703/1969/1844 3704/1971/1846 1163/1972/1847 1162/1973/1848
f 3702/1970/1845 3703/1969/1844 1162/1973/1848 1161/1974/1849
f 792/986/917 3702/1970/1845 1161/1974/1849 54/927/862
f 793/985/916 3699/1966/1841 3702/1970/1845 792/986/917
f 794/984/915 3696/1963/1838 3699/1966/1841 793/985/916
f 3705/1975/1850 3706/1976/1851 3709/1977/1852 3708/1978/1853
f 3706/1976/1851 3707/1979/1854 3710/1980/1855 3709/1977/1852
f 3708/1978/1853 3709/1977/1852 3712/1981/1856 3711/1982/1857
f 3709/1977/1852 3710/1980/1855 3713/1983/1858 3712/1981/1856
f 54/927/862 1161/1974/1849 3705/1975/1850 773/928/863
f 1161/1974/1849 1162/1973/1848 3706/1976/1851 3705/1975/1850
f 1162/1973/1848 1163/1972/1847 3707/1979/1854 3706/1976/1851
f 1163/1972/1847 101/1403/1321 960/1419/1337 3707/1979/1854
f 3707/1979/1854 960/1419/1337 961/1425/1343 3710/1980/1855
f 3710/1980/1855 961/1425/1343 962/1423/1341 3713/1983/1858
f 3713/1983/1858 962/1423/1341 102/1424/1342 1166/1984/1859
f 3712/1981/1856 3713/1983/1858 1166/1984/1859 1165/1985/1860
f 3711/1982/1857 3712/1981/1856 1165/1985/1860 1164/1986/1861
f 771/930/865 3711/1982/1857 1164/1986/1861 49/851/794
f 772/929/864 3708/1978/1853 3711/1982/1857 771/930/865
f 773/928/863 3705/1975/1850 3708/1978/1853 772/929/864
f 3714/1987/1862 3715/1988/1863 3718/1989/1864 3717/1990/1865
f 3715/1988/1863 3716/1991/1866 3719/1992/1867 3718/1989/1864
f 3717/1990/1865 3718/1989/1864 3721/1993/1868 3720/1994/1869
f 3718/1989/1864 3719/1992/1867 3722/1995/1870 3721/1993/1868
f 49/851/794 1164/1986/1861 3714/1987/1862 746/852/795
f 1164/1986/1861 1165/1985/1860 3715/1988/1863 3714/1987/1862
f 1165/1985/1860 1166/1984/1859 3716/1991/1866 3715/1988/1863
f 1166/1984/1859 102/1424/1342 966/1435/1353 3716/1991/1866
f 3716/1991/1866 966/1435/1353 967/1441/1359 3719/1992/1867
f 3719/1992/1867 967/1441/1359 968/1439/1357 3722/1995/1870
f 3722/1995/1870 968/1439/1357 103/1440/1358 1169/1996/1871
f 3721/1993/1868 3722/1995/1870 1169/1996/1871 1168/1997/1872
f 3720/1994/1869 3721/1993/1868 1168/1997/1872 1167/1998/1873
f 744/854/797 3720/1994/1869 1167/1998/1873 44/775/726
f 745/853/796 3717/1990/1865 3720/1994/1869 744/854/797
f 746/852/795 3714/1987/1862 3717/1990/1865 745/853/796
f 3723/1999/1874 3724/2000/1875 3727/2001/1876 3726/2002/1877
f 3724/2000/1875 3725/2003/1878 3728/2004/1879 3727/2001/1876
f 3726/2002/1877 3727/2001/1876 3730/2005/1880 3729/2006/1881
f 3727/2001/1876 3728/2004/1879 3731/2007/1882 3730/2005/1880
f 44/775/726 1167/1998/1873 3723/1999/1874 719/776/727
f 1167/1998/1873 1168/1997/1872 3724/2000/1875 3723/1999/1874
f 1168/1997/1872 1169/1996/1871 3725/2003/1878 3724/2000/1875
f 1169/1996/1871 103/1440/1358 972/1451/1369 3725/2003/1878
f 3725/2003/1878 972/1451/1369 973/1457/1375 3728/2004/1879
f 3728/2004/1879 973/1457/1375 974/1455/1373 3731/2007/1882
f 3731/2007/1882 974/1455/1373 104/1456/1374 1172/2008/1883
f 3730/2005/1880 3731/2007/1882 1172/2008/1883 1171/2009/1884
f 3729/2006/1881 3730/2005/1880 1171/2009/1884 1170/2010/1885
f 717/778/729 3729/2006/1881 1170/2010/1885 39/614/573
f 718/777/728 3726/2002/1877 3729/2006/1881 717/778/729
f 719/776/727 3723/1999/1874 3726/2002/1877 718/777/728
f 3732/2011/1886 3733/2012/1887 3736/2013/1888 3735/2014/1889
f 3733/2012/1887 3734/2015/1890 3737/2016/1891 3736/2013/1888
f 3735/2014/1889 3736/2013/1888 3739/2017/1892 3738/2018/1893
f 3736/2013/1888 3737/2016/1891 3740/2019/1894 3739/2017/1892
f 39/614/573 1170/2010/1885 3732/2011/1886 653/615/574
f 1170/2010/1885 1171/2009/1884 3733/2012/1887 3732/2011/1886
f 1171/2009/1884 1172/2008/1883 3734/2015/1890 3733/2012/1887
f 1172/2008/1883 104/1456/1374 978/1467/1385 3734/2015/1890
f 3734/2015/1890 978/1467/1385 979/1473/1391 3737/2016/1891
f 3737/2016/1891 979/1473/1391 980/1471/1389 3740/2019/1894
f 3740/2019/1894 980/1471/1389 105/1472/1390 1175/2020/1895
f 3739/2017/1892 3740/2019/1894 1175/2020/1895 1174/2021/1896
f 3738/2018/1893 3739/2017/1892 1174/2021/1896 1173/2022/1897
f 651/617/576 3738/2018/1893 1173/2022/1897 34/538/505
f 652/616/575 3735/2014/1889 3738/2018/1893 651/617/576
f 653/615/574 3732/2011/1886 3735/2014/1889 652/616/575
f 3741/2023/1898 3742/2024/1899 3745/2025/1900 3744/2026/1901
f 3742/2024/1899 3743/2027/1902 3746/2028/1903 3745/2025/1900
f 3744/2026/1901 3745/2025/1900 3748/2029/1904 3747/2030/1905
f 3745/2025/1900 3746/2028/1903 3749/2031/1906 3748/2029/1904
f 34/538/505 1173/2022/1897 3741/2023/1898 626/539/506
f 1173/2022/1897 1174/2021/1896 3742/2024/1899 3741/2023/1898
f 1174/2021/1896 1175/2020/1895 3743/2027/1902 3742/2024/1899
f 1175/2020/1895 105/1472/1390 984/1483/1401 3743/2027/1902
f 3743/2027/1902 984/1483/1401 985/1489/1407 3746/2028/1903
f 3746/2028/1903 985/1489/1407 986/1487/1405 3749/2031/1906
f 3749/2031/1906 986/1487/1405 106/1488/1406 1178/2032/1907
f 3748/2029/1904 3749/2031/1906 1178/2032/1907 1177/2033/1908
f 3747/2030/1905 3748/2029/1904 1177/2033/1908 1176/2034/1909
f 624/541/508 3747/2030/1905 1176/2034/1909 30/457/433
f 625/540/507 3744/2026/1901 3747/2030/1905 624/541/508
f 626/539/506 3741/2023/1898 3744/2026/1901 625/540/507
f 3750/2035/1910 3751/2036/1911 3754/2037/1912 3753/2038/1913
f 3751/2036/1911 3752/2039/1914 3755/2040/1915 3754/2037/1912
f 3753/2038/1913 3754/2037/1912 3757/2041/1916 3756/2042/1917
f 3754/2037/1912 3755/2040/1915 3758/2043/1918 3757/2041/1916
f 30/457/433 1176/2034/1909 3750/2035/1910 596/458/434
f 1176/2034/1909 1177/2033/1908 3751/2036/1911 3750/2035/1910
f 1177/2033/1908 1178/2032/1907 3752/2039/1914 3751/2036/1911
f 1178/2032/1907 106/1488/1406 990/1499/1417 3752/2039/1914
f 3752/2039/1914 990/1499/1417 991/1505/1423 3755/2040/1915
f 3755/2040/1915 991/1505/1423 992/1503/1421 3758/2043/1918
f 3758/2043/1918 992/1503/1421 107/1504/1422 1181/2044/1919
f 3757/2041/1916 3758/2043/1918 1181/2044/1919 1180/2045/1920
f 3756/2042/1917 3757/2041/1916 1180/2045/1920 1179/2046/1921
f 594/460/436 3756/2042/1917 1179/2046/1921 19/235/234
f 595/459/435 3753/2038/1913 3756/2042/1917 594/460/436
f 596/458/434 3750/2035/1910 3753/2038/1913 595/459/435
f 3759/2047/1922 3760/2048/1923 3763/2049/1924 3762/2050/1925
f 3760/2048/1923 3761/2051/1926 3764/2052/1927 3763/2049/1924
f 3762/2050/1925 3763/2049/1924 3766/2053/1928 3765/2054/1929
f 3763/2049/1924 3764/2052/1927 3767/2055/1930 3766/2053/1928
f 107/1504/1422 1002/1524/1442 3759/2047/1922 1181/2044/1919
f 1002/1524/1442 1003/1523/1441 3760/2048/1923 3759/2047/1922
f 1003/1523/1441 1004/1522/1440 3761/2051/1926 3760/2048/1923
f 1004/1522/1440 111/1521/1439 1184/2056/1931 3761/2051/1926
f 3761/2051/1926 1184/2056/1931 1183/2057/1932 3764/2052/1927
f 3764/2052/1927 1183/2057/1932 1182/2058/1933 3767/2055/1930
f 3767/2055/1930 1182/2058/1933 99/240/239 509/239/238
f 3766/2053/1928 3767/2055/1930 509/239/238 508/238/237
f 3765/2054/1929 3766/2053/1928 508/238/237 507/236/235
f 1179/2046/1921 3765/2054/1929 507/236/235 19/235/234
f 1180/2045/1920 3762/2050/1925 3765/2054/1929 1179/2046/1921
f 1181/2044/1919 3759/2047/1922 3762/2050/1925 1180/2045/1920
f 3768/2059/1934 3769/2060/1935 3772/2061/1936 3771/2062/1937
f 3769/2060/1935 3770/2063/1938 3773/2064/1939 3772/2061/1936
f 3771/2062/1937 3772/2061/1936 3775/2065/1940 3774/2066/1941
f 3772/2061/1936 3773/2064/1939 3776/2067/1942 3775/2065/1940
f 59/999/930 951/1399/1317 3768/2059/1934 798/1000/931
f 951/1399/1317 952/1409/1327 3769/2060/1935 3768/2059/1934
f 952/1409/1327 953/1407/1325 3770/2063/1938 3769/2060/1935
f 953/1407/1325 100/1408/1326 1011/1541/1459 3770/2063/1938
f 3770/2063/1938 1011/1541/1459 1012/1540/1458 3773/2064/1939
f 3773/2064/1939 1012/1540/1458 1013/1539/1457 3776/2067/1942
f 3776/2067/1942 1013/1539/1457 108/1538/1456 1037/2068/1514
f 3775/2065/1940 3776/2067/1942 1037/2068/1514 1036/2069/1513
f 3774/2066/1941 3775/2065/1940 1036/2069/1513 1035/2070/1512
f 800/1002/933 3774/2066/1941 1035/2070/1512 80/1003/934
f 799/1001/932 3771/2062/1937 3774/2066/1941 800/1002/933
f 798/1000/931 3768/2059/1934 3771/2062/1937 799/1001/932
f 3777/2071/1943 3778/2072/1944 3781/2073/1945 3780/2074/1946
f 3778/2072/1944 3779/2075/1947 3782/2076/1948 3781/2073/1945
f 3780/2074/1946 3781/2073/1945 3784/2077/1949 3783/2078/1950
f 3781/2073/1945 3782/2076/1948 3785/2079/1951 3784/2077/1949
f 87/1614/1530 1043/1616/1532 3777/2071/1943 1055/1657/1570
f 1043/1616/1532 1042/1623/1539 3778/2072/1944 3777/2071/1943
f 1042/1623/1539 1041/1622/1538 3779/2075/1947 3778/2072/1944
f 1041/1622/1538 81/1603/1519 1038/1601/1517 3779/2075/1947
f 3779/2075/1947 1038/1601/1517 1039/1600/1516 3782/2076/1948
f 3782/2076/1948 1039/1600/1516 1040/1599/1515 3785/2079/1951
f 3785/2079/1951 1040/1599/1515 108/1598/1456 1010/2080/1455
f 3784/2077/1949 3785/2079/1951 1010/2080/1455 1009/2081/1454
f 3783/2078/1950 3784/2077/1949 1009/2081/1454 1008/2082/1453
f 1053/1659/1572 3783/2078/1950 1008/2082/1453 57/1660/910
f 1054/1658/1571 3780/2074/1946 3783/2078/1950 1053/1659/1572
f 1055/1657/1570 3777/2071/1943 3780/2074/1946 1054/1658/1571
f 3786/2083/1952 3787/2084/1953 3790/2085/1954 3789/2086/1955
f 3787/2084/1953 3788/2087/1956 3791/2088/1957 3790/2085/1954
f 3789/2086/1955 3790/2085/1954 3793/2089/1958 3792/2090/1959
f 3790/2085/1954 3791/2088/1957 3794/2091/1960 3793/2089/1958
f 96/405/369 570/407/387 3786/2083/1952 566/2092/370
f 570/407/387 571/420/400 3787/2084/1953 3786/2083/1952
f 571/420/400 572/418/398 3788/2087/1956 3787/2084/1953
f 572/418/398 112/419/399 998/1517/1435 3788/2087/1956
f 3788/2087/1956 998/1517/1435 997/1516/1434 3791/2088/1957
f 3791/2088/1957 997/1516/1434 996/1515/1433 3794/2091/1960
f 3794/2091/1960 996/1515/1433 109/486/462 605/488/464
f 3793/2089/1958 3794/2091/1960 605/488/464 604/501/472
f 3792/2090/1959 3793/2089/1958 604/501/472 603/499/471
f 564/2093/372 3792/2090/1959 603/499/471 27/500/373
f 565/2094/371 3789/2086/1955 3792/2090/1959 564/2093/372
f 566/2092/370 3786/2083/1952 3789/2086/1955 565/2094/371
f 3795/2095/1961 3796/2096/1962 3799/2097/1963 3798/2098/1964
f 3796/2096/1962 3797/2099/1965 3800/2100/1966 3799/2097/1963
f 3798/2098/1964 3799/2097/1963 3802/2101/1967 3801/2102/1968
f 3799/2097/1963 3800/2100/1966 3803/2103/1969 3802/2101/1967
f 16/1856/1740 1158/1962/1837 3795/2095/1961 1128/1876/1757
f 1158/1962/1837 1159/1961/1836 3796/2096/1962 3795/2095/1961
f 1159/1961/1836 1160/1960/1835 3797/2099/1965 3796/2096/1962
f 1160/1960/1835 99/240/239 1182/2058/1933 3797/2099/1965
f 3797/2099/1965 1182/2058/1933 1183/2057/1932 3800/2100/1966
f 3800/2100/1966 1183/2057/1932 1184/2056/1931 3803/2103/1969
f 3803/2103/1969 1184/2056/1931 111/1521/1439 1187/2104/1970
f 3802/2101/1967 3803/2103/1969 1187/2104/1970 1186/2105/1971
f 3801/2102/1968 3802/2101/1967 1186/2105/1971 1185/2106/1972
f 1130/1878/1759 3801/2102/1968 1185/2106/1972 94/1682/1591
f 1129/1877/1758 3798/2098/1964 3801/2102/1968 1130/1878/1759
f 1128/1876/1757 3795/2095/1961 3798/2098/1964 1129/1877/1758
f 3804/2107/1973 3805/2108/1974 3808/2109/1975 3807/2110/1976
f 3805/2108/1974 3806/2111/1977 3809/2112/1978 3808/2109/1975
f 3807/2110/1976 3808/2109/1975 3811/2113/1979 3810/2114/1980
f 3808/2109/1975 3809/2112/1978 3812/2115/1981 3811/2113/1979
f 94/1682/1591 1185/2106/1972 3804/2107/1973 1058/1681/1590
f 1185/2106/1972 1186/2105/1971 3805/2108/1974 3804/2107/1973
f 1186/2105/1971 1187/2104/1970 3806/2111/1977 3805/2108/1974
f 1187/2104/1970 111/1521/1439 999/1520/1438 3806/2111/1977
f 3806/2111/1977 999/1520/1438 1000/1519/1437 3809/2112/1978
f 3809/2112/1978 1000/1519/1437 1001/1518/1436 3812/2115/1981
f 3812/2115/1981 1001/1518/1436 112/419/399 581/417/397
f 3811/2113/1979 3812/2115/1981 581/417/397 580/416/396
f 3810/2114/1980 3811/2113/1979 580/416/396 579/415/395
f 1056/1673/1582 3810/2114/1980 579/415/395 79/414/394
f 1057/1683/1592 3807/2110/1976 3810/2114/1980 1056/1673/1582
f 1058/1681/1590 3804/2107/1973 3807/2110/1976 1057/1683/1592
f 3813/2116/1982 3814/2117/1983 3817/2118/1984 3816/2119/1985
f 3814/2117/1983 3815/2120/1986 3818/2121/1987 3817/2118/1984
f 3816/2119/1985 3817/2118/1984 3820/2122/1988 3819/2123/1989
f 3817/2118/1984 3818/2121/1987 3821/2124/1990 3820/2122/1988
f 114/2125/1991 1193/2126/1992 3813/2116/1982 1188/2127/1993
f 1193/2126/1992 1192/2128/1994 3814/2117/1983 3813/2116/1982
f 1192/2128/1994 1191/2129/1995 3815/2120/1986 3814/2117/1983
f 1191/2129/1995 113/2130/1996 1194/2131/1997 3815/2120/1986
f 3815/2120/1986 1194/2131/1997 1195/2132/1998 3818/2121/1987
f 3818/2121/1987 1195/2132/1998 1196/2133/1999 3821/2124/1990
f 3821/2124/1990 1196/2133/1999 116/2134/2000 1199/2135/2001
f 3820/2122/1988 3821/2124/1990 1199/2135/2001 1198/2136/2002
f 3819/2123/1989 3820/2122/1988 1198/2136/2002 1197/2137/2003
f 1190/2138/2004 3819/2123/1989 1197/2137/2003 115/2139/2005
f 1189/2140/2006 3816/2119/1985 3819/2123/1989 1190/2138/2004
f 1188/2127/1993 3813/2116/1982 3816/2119/1985 1189/2140/2006
f 3822/2141/2007 3823/2142/2008 3826/2143/2009 3825/2144/2010
f 3823/2142/2008 3824/2145/2011 3827/2146/2012 3826/2143/2009
f 3825/2144/2010 3826/2143/2009 3829/2147/2013 3828/2148/2014
f 3826/2143/2009 3827/2146/2012 3830/2149/2015 3829/2147/2013
f 118/2150/2016 1205/2151/2017 3822/2141/2007 1202/2152/2018
f 1205/2151/2017 1204/2153/2019 3823/2142/2008 3822/2141/2007
f 1204/2153/2019 1203/2154/2020 3824/2145/2011 3823/2142/2008
f 1203/2154/2020 117/2155/2021 1208/2156/2022 3824/2145/2011
f 3824/2145/2011 1208/2156/2022 1207/2157/2023 3827/2146/2012
f 3827/2146/2012 1207/2157/2023 1206/2158/2024 3830/2149/2015
f 3830/2149/2015 1206/2158/2024 113/2159/1996 1191/2160/1995
f 3829/2147/2013 3830/2149/2015 1191/2160/1995 1192/2161/1994
f 3828/2148/2014 3829/2147/2013 1192/2161/1994 1193/2162/1992
f 1200/2163/2025 3828/2148/2014 1193/2162/1992 114/2164/1991
f 1201/2165/2026 3825/2144/2010 3828/2148/2014 1200/2163/2025
f 1202/2152/2018 3822/2141/2007 3825/2144/2010 1201/2165/2026
f 3831/2166/2027 3832/2167/2028 3835/2168/2029 3834/2169/2030
f 3832/2167/2028 3833/2170/2031 3836/2171/2032 3835/2168/2029
f 3834/2169/2030 3835/2168/2029 3838/2172/2033 3837/2173/2034
f 3835/2168/2029 3836/2171/2032 3839/2174/2035 3838/2172/2033
f 116/2134/2000 1209/2175/2036 3831/2166/2027 1199/2135/2001
f 1209/2175/2036 1210/2176/2037 3832/2167/2028 3831/2166/2027
f 1210/2176/2037 1211/2177/2038 3833/2170/2031 3832/2167/2028
f 1211/2177/2038 120/2178/2039 1214/2179/2040 3833/2170/2031
f 3833/2170/2031 1214/2179/2040 1213/2180/2041 3836/2171/2032
f 3836/2171/2032 1213/2180/2041 1212/2181/2042 3839/2174/2035
f 3839/2174/2035 1212/2181/2042 119/2182/2043 1217/2183/2044
f 3838/2172/2033 3839/2174/2035 1217/2183/2044 1216/2184/2045
f 3837/2173/2034 3838/2172/2033 1216/2184/2045 1215/2185/2046
f 1197/2137/2003 3837/2173/2034 1215/2185/2046 115/2139/2005
f 1198/2136/2002 3834/2169/2030 3837/2173/2034 1197/2137/2003
f 1199/2135/2001 3831/2166/2027 3834/2169/2030 1198/2136/2002
f 3840/2186/2047 3841/2187/2048 3844/2188/2049 3843/2189/2050
f 3841/2187/2048 3842/2190/2051 3845/2191/2052 3844/2188/2049
f 3843/2189/2050 3844/2188/2049 3847/2192/2053 3846/2193/2054
f 3844/2188/2049 3845/2191/2052 3848/2194/2055 3847/2192/2053
f 120/2195/2039 1221/2196/2056 3840/2186/2047 1218/2197/2057
f 1221/2196/2056 1222/2198/2058 3841/2187/2048 3840/2186/2047
f 1222/2198/2058 1223/2199/2059 3842/2190/2051 3841/2187/2048
f 1223/2199/2059 121/1707/1156 1071/1705/1612 3842/2190/2051
f 3842/2190/2051 1071/1705/1612 1072/1704/1611 3845/2191/2052
f 3845/2191/2052 1072/1704/1611 1073/1703/1610 3848/2194/2055
f 3848/2194/2055 1073/1703/1610 123/1702/1609 1226/2200/2060
f 3847/2192/2053 3848/2194/2055 1226/2200/2060 1225/2201/2061
f 3846/2193/2054 3847/2192/2053 1225/2201/2061 1224/2202/2062
f 1220/2203/2063 3846/2193/2054 1224/2202/2062 122/2204/2064
f 1219/2205/2065 3843/2189/2050 3846/2193/2054 1220/2203/2063
f 1218/2197/2057 3840/2186/2047 3843/2189/2050 1219/2205/2065
f 3849/2206/2066 3850/2207/2067 3853/2208/2068 3852/2209/2069
f 3850/2207/2067 3851/2210/2070 3854/2211/2071 3853/2208/2068
f 3852/2209/2069 3853/2208/2068 3856/2212/2072 3855/2213/2073
f 3853/2208/2068 3854/2211/2071 3857/2214/2074 3856/2212/2072
f 115/2139/2005 1227/2215/2075 3849/2206/2066 1190/2138/2004
f 1227/2215/2075 1228/2216/2076 3850/2207/2067 3849/2206/2066
f 1228/2216/2076 1229/2217/2077 3851/2210/2070 3850/2207/2067
f 1229/2217/2077 125/2218/2078 1232/2219/2079 3851/2210/2070
f 3851/2210/2070 1232/2219/2079 1231/2220/2080 3854/2211/2071
f 3854/2211/2071 1231/2220/2080 1230/2221/2081 3857/2214/2074
f 3857/2214/2074 1230/2221/2081 124/2222/2082 1235/2223/2083
f 3856/2212/2072 3857/2214/2074 1235/2223/2083 1234/2224/2084
f 3855/2213/2073 3856/2212/2072 1234/2224/2084 1233/2225/2085
f 1188/2127/1993 3855/2213/2073 1233/2225/2085 114/2125/1991
f 1189/2140/2006 3852/2209/2069 3855/2213/2073 1188/2127/1993
f 1190/2138/2004 3849/2206/2066 3852/2209/2069 1189/2140/2006
f 3858/2226/2086 3859/2227/2087 3862/2228/2088 3861/2229/2089
f 3859/2227/2087 3860/2230/2090 3863/2231/2091 3862/2228/2088
f 3861/2229/2089 3862/2228/2088 3865/2232/2092 3864/2233/2093
f 3862/2228/2088 3863/2231/2091 3866/2234/2094 3865/2232/2092
f 114/2164/1991 1233/2235/2085 3858/2226/2086 1200/2163/2025
f 1233/2235/2085 1234/2236/2084 3859/2227/2087 3858/2226/2086
f 1234/2236/2084 1235/2237/2083 3860/2230/2090 3859/2227/2087
f 1235/2237/2083 124/2238/2082 1236/2239/2095 3860/2230/2090
f 3860/2230/2090 1236/2239/2095 1237/2240/2096 3863/2231/2091
f 3863/2231/2091 1237/2240/2096 1238/2241/2097 3866/2234/2094
f 3866/2234/2094 1238/2241/2097 126/2242/2098 1241/2243/2099
f 3865/2232/2092 3866/2234/2094 1241/2243/2099 1240/2244/2100
f 3864/2233/2093 3865/2232/2092 1240/2244/2100 1239/2245/2101
f 1202/2152/2018 3864/2233/2093 1239/2245/2101 118/2150/2016
f 1201/2165/2026 3861/2229/2089 3864/2233/2093 1202/2152/2018
f 1200/2163/2025 3858/2226/2086 3861/2229/2089 1201/2165/2026
f 3867/2246/2102 3868/2247/2103 3871/2248/2104 3870/2249/2105
f 3868/2247/2103 3869/2250/2106 3872/2251/2107 3871/2248/2104
f 3870/2249/2105 3871/2248/2104 3874/2252/2108 3873/2253/2109
f 3871/2248/2104 3872/2251/2107 3875/2254/2110 3874/2252/2108
f 119/2182/2043 1242/2255/2111 3867/2246/2102 1217/2183/2044
f 1242/2255/2111 1243/2256/2112 3868/2247/2103 3867/2246/2102
f 1243/2256/2112 1244/2257/2113 3869/2250/2106 3868/2247/2103
f 1244/2257/2113 127/2258/2114 1247/2259/2115 3869/2250/2106
f 3869/2250/2106 1247/2259/2115 1246/2260/2116 3872/2251/2107
f 3872/2251/2107 1246/2260/2116 1245/2261/2117 3875/2254/2110
f 3875/2254/2110 1245/2261/2117 125/2218/2078 1229/2217/2077
f 3874/2252/2108 3875/2254/2110 1229/2217/2077 1228/2216/2076
f 3873/2253/2109 3874/2252/2108 1228/2216/2076 1227/2215/2075
f 1215/2185/2046 3873/2253/2109 1227/2215/2075 115/2139/2005
f 1216/2184/2045 3870/2249/2105 3873/2253/2109 1215/2185/2046
f 1217/2183/2044 3867/2246/2102 3870/2249/2105 1216/2184/2045
f 3876/2262/2118 3877/2263/2119 3880/2264/2120 3879/2265/2121
f 3877/2263/2119 3878/2266/2122 3881/2267/2123 3880/2264/2120
f 3879/2265/2121 3880/2264/2120 3883/2268/2124 3882/2269/2125
f 3880/2264/2120 3881/2267/2123 3884/2270/2126 3883/2268/2124
f 128/2271/2127 1251/2272/2128 3876/2262/2118 1250/2273/2129
f 1251/2272/2128 1252/2274/2130 3877/2263/2119 3876/2262/2118
f 1252/2274/2130 1253/2275/2131 3878/2266/2122 3877/2263/2119
f 1253/2275/2131 165/2276/2132 1256/2277/2133 3878/2266/2122
f 3878/2266/2122 1256/2277/2133 1255/2278/2134 3881/2267/2123
f 3881/2267/2123 1255/2278/2134 1254/2279/2135 3884/2270/2126
f 3884/2270/2126 1254/2279/2135 127/2280/2114 1244/2281/2113
f 3883/2268/2124 3884/2270/2126 1244/2281/2113 1243/2282/2112
f 3882/2269/2125 3883/2268/2124 1243/2282/2112 1242/2283/2111
f 1248/2284/2136 3882/2269/2125 1242/2283/2111 119/2285/2043
f 1249/2286/2137 3879/2265/2121 3882/2269/2125 1248/2284/2136
f 1250/2273/2129 3876/2262/2118 3879/2265/2121 1249/2286/2137
f 3885/2287/2138 3886/2288/2139 3889/2289/2140 3888/2290/2141
f 3886/2288/2139 3887/2291/2142 3890/2292/2143 3889/2289/2140
f 3888/2290/2141 3889/2289/2140 3892/2293/2144 3891/2294/2145
f 3889/2289/2140 3890/2292/2143 3893/2295/2146 3892/2293/2144
f 125/2218/2078 1257/2296/2147 3885/2287/2138 1232/2219/2079
f 1257/2296/2147 1258/2297/2148 3886/2288/2139 3885/2287/2138
f 1258/2297/2148 1259/2298/2149 3887/2291/2142 3886/2288/2139
f 1259/2298/2149 130/2299/2150 1262/2300/2151 3887/2291/2142
f 3887/2291/2142 1262/2300/2151 1261/2301/2152 3890/2292/2143
f 3890/2292/2143 1261/2301/2152 1260/2302/2153 3893/2295/2146
f 3893/2295/2146 1260/2302/2153 129/2303/2154 1265/2304/2155
f 3892/2293/2144 3893/2295/2146 1265/2304/2155 1264/2305/2156
f 3891/2294/2145 3892/2293/2144 1264/2305/2156 1263/2306/2157
f 1230/2221/2081 3891/2294/2145 1263/2306/2157 124/2222/2082
f 1231/2220/2080 3888/2290/2141 3891/2294/2145 1230/2221/2081
f 1232/2219/2079 3885/2287/2138 3888/2290/2141 1231/2220/2080
f 3894/2307/2158 3895/2308/2159 3898/2309/2160 3897/2310/2161
f 3895/2308/2159 3896/2311/2162 3899/2312/2163 3898/2309/2160
f 3897/2310/2161 3898/2309/2160 3901/2313/2164 3900/2314/2165
f 3898/2309/2160 3899/2312/2163 3902/2315/2166 3901/2313/2164
f 124/2238/2082 1263/2316/2157 3894/2307/2158 1236/2239/2095
f 1263/2316/2157 1264/2317/2156 3895/2308/2159 3894/2307/2158
f 1264/2317/2156 1265/2318/2155 3896/2311/2162 3895/2308/2159
f 1265/2318/2155 129/2319/2154 1266/2320/2167 3896/2311/2162
f 3896/2311/2162 1266/2320/2167 1267/2321/2168 3899/2312/2163
f 3899/2312/2163 1267/2321/2168 1268/2322/2169 3902/2315/2166
f 3902/2315/2166 1268/2322/2169 131/2323/2170 1271/2324/2171
f 3901/2313/2164 3902/2315/2166 1271/2324/2171 1270/2325/2172
f 3900/2314/2165 3901/2313/2164 1270/2325/2172 1269/2326/2173
f 1238/2241/2097 3900/2314/2165 1269/2326/2173 126/2242/2098
f 1237/2240/2096 3897/2310/2161 3900/2314/2165 1238/2241/2097
f 1236/2239/2095 3894/2307/2158 3897/2310/2161 1237/2240/2096
f 3903/2327/2174 3904/2328/2175 3907/2329/2176 3906/2330/2177
f 3904/2328/2175 3905/2331/2178 3908/2332/2179 3907/2329/2176
f 3906/2330/2177 3907/2329/2176 3910/2333/2180 3909/2334/2181
f 3907/2329/2176 3908/2332/2179 3911/2335/2182 3910/2333/2180
f 127/2258/2114 1272/2336/2183 3903/2327/2174 1247/2259/2115
f 1272/2336/2183 1273/2337/2184 3904/2328/2175 3903/2327/2174
f 1273/2337/2184 1274/2338/2185 3905/2331/2178 3904/2328/2175
f 1274/2338/2185 132/2339/2186 1277/2340/2187 3905/2331/2178
f 3905/2331/2178 1277/2340/2187 1276/2341/2188 3908/2332/2179
f 3908/2332/2179 1276/2341/2188 1275/2342/2189 3911/2335/2182
f 3911/2335/2182 1275/2342/2189 130/2299/2150 1259/2298/2149
f 3910/2333/2180 3911/2335/2182 1259/2298/2149 1258/2297/2148
f 3909/2334/2181 3910/2333/2180 1258/2297/2148 1257/2296/2147
f 1245/2261/2117 3909/2334/2181 1257/2296/2147 125/2218/2078
f 1246/2260/2116 3906/2330/2177 3909/2334/2181 1245/2261/2117
f 1247/2259/2115 3903/2327/2174 3906/2330/2177 1246/2260/2116
f 3912/2343/2190 3913/2344/2191 3916/2345/2192 3915/2346/2193
f 3913/2344/2191 3914/2347/2194 3917/2348/2195 3916/2345/2192
f 3915/2346/2193 3916/2345/2192 3919/2349/2196 3918/2350/2197
f 3916/2345/2192 3917/2348/2195 3920/2351/2198 3919/2349/2196
f 165/2276/2132 1280/2352/2199 3912/2343/2190 1256/2277/2133
f 1280/2352/2199 1279/2353/2200 3913/2344/2191 3912/2343/2190
f 1279/2353/2200 1278/2354/2201 3914/2347/2194 3913/2344/2191
f 1278/2354/2201 137/2355/2202 1283/2356/2203 3914/2347/2194
f 3914/2347/2194 1283/2356/2203 1282/2357/2204 3917/2348/2195
f 3917/2348/2195 1282/2357/2204 1281/2358/2205 3920/2351/2198
f 3920/2351/2198 1281/2358/2205 132/2359/2186 1274/2360/2185
f 3919/2349/2196 3920/2351/2198 1274/2360/2185 1273/2361/2184
f 3918/2350/2197 3919/2349/2196 1273/2361/2184 1272/2362/2183
f 1254/2279/2135 3918/2350/2197 1272/2362/2183 127/2280/2114
f 1255/2278/2134 3915/2346/2193 3918/2350/2197 1254/2279/2135
f 1256/2277/2133 3912/2343/2190 3915/2346/2193 1255/2278/2134
f 3921/2363/2206 3922/2364/2207 3925/2365/2208 3924/2366/2209
f 3922/2364/2207 3923/2367/2210 3926/2368/2211 3925/2365/2208
f 3924/2366/2209 3925/2365/2208 3928/2369/2212 3927/2370/2213
f 3925/2365/2208 3926/2368/2211 3929/2371/2214 3928/2369/2212
f 130/2299/2150 1284/2372/2215 3921/2363/2206 1262/2300/2151
f 1284/2372/2215 1285/2373/2216 3922/2364/2207 3921/2363/2206
f 1285/2373/2216 1286/2374/2217 3923/2367/2210 3922/2364/2207
f 1286/2374/2217 134/2375/2218 1289/2376/2219 3923/2367/2210
f 3923/2367/2210 1289/2376/2219 1288/2377/2220 3926/2368/2211
f 3926/2368/2211 1288/2377/2220 1287/2378/2221 3929/2371/2214
f 3929/2371/2214 1287/2378/2221 133/2379/2222 1292/2380/2223
f 3928/2369/2212 3929/2371/2214 1292/2380/2223 1291/2381/2224
f 3927/2370/2213 3928/2369/2212 1291/2381/2224 1290/2382/2225
f 1260/2302/2153 3927/2370/2213 1290/2382/2225 129/2303/2154
f 1261/2301/2152 3924/2366/2209 3927/2370/2213 1260/2302/2153
f 1262/2300/2151 3921/2363/2206 3924/2366/2209 1261/2301/2152
f 3930/2383/2226 3931/2384/2227 3934/2385/2228 3933/2386/2229
f 3931/2384/2227 3932/2387/2230 3935/2388/2231 3934/2385/2228
f 3933/2386/2229 3934/2385/2228 3937/2389/2232 3936/2390/2233
f 3934/2385/2228 3935/2388/2231 3938/2391/2234 3937/2389/2232
f 129/2319/2154 1290/2392/2225 3930/2383/2226 1266/2320/2167
f 1290/2392/2225 1291/2393/2224 3931/2384/2227 3930/2383/2226
f 1291/2393/2224 1292/2394/2223 3932/2387/2230 3931/2384/2227
f 1292/2394/2223 133/2395/2222 1293/2396/2235 3932/2387/2230
f 3932/2387/2230 1293/2396/2235 1294/2397/2236 3935/2388/2231
f 3935/2388/2231 1294/2397/2236 1295/2398/2237 3938/2391/2234
f 3938/2391/2234 1295/2398/2237 135/2399/2238 1298/2400/2239
f 3937/2389/2232 3938/2391/2234 1298/2400/2239 1297/2401/2240
f 3936/2390/2233 3937/2389/2232 1297/2401/2240 1296/2402/2241
f 1268/2322/2169 3936/2390/2233 1296/2402/2241 131/2323/2170
f 1267/2321/2168 3933/2386/2229 3936/2390/2233 1268/2322/2169
f 1266/2320/2167 3930/2383/2226 3933/2386/2229 1267/2321/2168
f 3939/2403/2242 3940/2404/2243 3943/2405/2244 3942/2406/2245
f 3940/2404/2243 3941/2407/2246 3944/2408/2247 3943/2405/2244
f 3942/2406/2245 3943/2405/2244 3946/2409/2248 3945/2410/2249
f 3943/2405/2244 3944/2408/2247 3947/2411/2250 3946/2409/2248
f 132/2339/2186 1299/2412/2251 3939/2403/2242 1277/2340/2187
f 1299/2412/2251 1300/2413/2252 3940/2404/2243 3939/2403/2242
f 1300/2413/2252 1301/2414/2253 3941/2407/2246 3940/2404/2243
f 1301/2414/2253 136/2415/2254 1304/2416/2255 3941/2407/2246
f 3941/2407/2246 1304/2416/2255 1303/2417/2256 3944/2408/2247
f 3944/2408/2247 1303/2417/2256 1302/2418/2257 3947/2411/2250
f 3947/2411/2250 1302/2418/2257 134/2375/2218 1286/2374/2217
f 3946/2409/2248 3947/2411/2250 1286/2374/2217 1285/2373/2216
f 3945/2410/2249 3946/2409/2248 1285/2373/2216 1284/2372/2215
f 1275/2342/2189 3945/2410/2249 1284/2372/2215 130/2299/2150
f 1276/2341/2188 3942/2406/2245 3945/2410/2249 1275/2342/2189
f 1277/2340/2187 3939/2403/2242 3942/2406/2245 1276/2341/2188
f 3948/2419/2258 3949/2420/2259 3952/2421/2260 3951/2422/2261
f 3949/2420/2259 3950/2423/2262 3953/2424/2263 3952/2421/2260
f 3951/2422/2261 3952/2421/2260 3955/2425/2264 3954/2426/2265
f 3952/2421/2260 3953/2424/2263 3956/2427/2266 3955/2425/2264
f 137/2355/2202 1305/2428/2267 3948/2419/2258 1283/2356/2203
f 1305/2428/2267 1306/2429/2268 3949/2420/2259 3948/2419/2258
f 1306/2429/2268 1307/2430/2269 3950/2423/2262 3949/2420/2259
f 1307/2430/2269 138/2431/2270 1310/2432/2271 3950/2423/2262
f 3950/2423/2262 1310/2432/2271 1309/2433/2272 3953/2424/2263
f 3953/2424/2263 1309/2433/2272 1308/2434/2273 3956/2427/2266
f 3956/2427/2266 1308/2434/2273 136/2435/2254 1301/2436/2253
f 3955/2425/2264 3956/2427/2266 1301/2436/2253 1300/2437/2252
f 3954/2426/2265 3955/2425/2264 1300/2437/2252 1299/2438/2251
f 1281/2358/2205 3954/2426/2265 1299/2438/2251 132/2359/2186
f 1282/2357/2204 3951/2422/2261 3954/2426/2265 1281/2358/2205
f 1283/2356/2203 3948/2419/2258 3951/2422/2261 1282/2357/2204
f 3957/2439/2274 3958/2440/2275 3961/2441/2276 3960/2442/2277
f 3958/2440/2275 3959/2443/2278 3962/2444/2279 3961/2441/2276
f 3960/2442/2277 3961/2441/2276 3964/2445/2280 3963/2446/2281
f 3961/2441/2276 3962/2444/2279 3965/2447/2282 3964/2445/2280
f 134/2375/2218 1311/2448/2283 3957/2439/2274 1289/2376/2219
f 1311/2448/2283 1312/2449/2284 3958/2440/2275 3957/2439/2274
f 1312/2449/2284 1313/2450/2285 3959/2443/2278 3958/2440/2275
f 1313/2450/2285 140/2451/2286 1316/2452/2287 3959/2443/2278
f 3959/2443/2278 1316/2452/2287 1315/2453/2288 3962/2444/2279
f 3962/2444/2279 1315/2453/2288 1314/2454/2289 3965/2447/2282
f 3965/2447/2282 1314/2454/2289 139/2455/2290 1319/2456/2291
f 3964/2445/2280 3965/2447/2282 1319/2456/2291 1318/2457/2292
f 3963/2446/2281 3964/2445/2280 1318/2457/2292 1317/2458/2293
f 1287/2378/2221 3963/2446/2281 1317/2458/2293 133/2379/2222
f 1288/2377/2220 3960/2442/2277 3963/2446/2281 1287/2378/2221
f 1289/2376/2219 3957/2439/2274 3960/2442/2277 1288/2377/2220
f 3966/2459/2294 3967/2460/2295 3970/2461/2296 3969/2462/2297
f 3967/2460/2295 3968/2463/2298 3971/2464/2299 3970/2461/2296
f 3969/2462/2297 3970/2461/2296 3973/2465/2300 3972/2466/2301
f 3970/2461/2296 3971/2464/2299 3974/2467/2302 3973/2465/2300
f 133/2395/2222 1317/2468/2293 3966/2459/2294 1293/2396/2235
f 1317/2468/2293 1318/2469/2292 3967/2460/2295 3966/2459/2294
f 1318/2469/2292 1319/2470/2291 3968/2463/2298 3967/2460/2295
f 1319/2470/2291 139/2471/2290 1320/2472/2303 3968/2463/2298
f 3968/2463/2298 1320/2472/2303 1321/2473/2304 3971/2464/2299
f 3971/2464/2299 1321/2473/2304 1322/2474/2305 3974/2467/2302
f 3974/2467/2302 1322/2474/2305 141/2475/2306 1325/2476/2307
f 3973/2465/2300 3974/2467/2302 1325/2476/2307 1324/2477/2308
f 3972/2466/2301 3973/2465/2300 1324/2477/2308 1323/2478/2309
f 1295/2398/2237 3972/2466/2301 1323/2478/2309 135/2399/2238
f 1294/2397/2236 3969/2462/2297 3972/2466/2301 1295/2398/2237
f 1293/2396/2235 3966/2459/2294 3969/2462/2297 1294/2397/2236
f 3975/2479/2310 3976/2480/2311 3979/2481/2312 3978/2482/2313
f 3976/2480/2311 3977/2483/2314 3980/2484/2315 3979/2481/2312
f 3978/2482/2313 3979/2481/2312 3982/2485/2316 3981/2486/2317
f 3979/2481/2312 3980/2484/2315 3983/2487/2318 3982/2485/2316
f 136/2415/2254 1326/2488/2319 3975/2479/2310 1304/2416/2255
f 1326/2488/2319 1327/2489/2320 3976/2480/2311 3975/2479/2310
f 1327/2489/2320 1328/2490/2321 3977/2483/2314 3976/2480/2311
f 1328/2490/2321 142/2491/2322 1331/2492/2323 3977/2483/2314
f 3977/2483/2314 1331/2492/2323 1330/2493/2324 3980/2484/2315
f 3980/2484/2315 1330/2493/2324 1329/2494/2325 3983/2487/2318
f 3983/2487/2318 1329/2494/2325 140/2451/2286 1313/2450/2285
f 3982/2485/2316 3983/2487/2318 1313/2450/2285 1312/2449/2284
f 3981/2486/2317 3982/2485/2316 1312/2449/2284 1311/2448/2283
f 1302/2418/2257 3981/2486/2317 1311/2448/2283 134/2375/2218
f 1303/2417/2256 3978/2482/2313 3981/2486/2317 1302/2418/2257
f 1304/2416/2255 3975/2479/2310 3978/2482/2313 1303/2417/2256
f 3984/2495/2326 3985/2496/2327 3988/2497/2328 3987/2498/2329
f 3985/2496/2327 3986/2499/2330 3989/2500/2331 3988/2497/2328
f 3987/2498/2329 3988/2497/2328 3991/2501/2332 3990/2502/2333
f 3988/2497/2328 3989/2500/2331 3992/2503/2334 3991/2501/2332
f 138/2431/2270 1332/2504/2335 3984/2495/2326 1310/2432/2271
f 1332/2504/2335 1333/2505/2336 3985/2496/2327 3984/2495/2326
f 1333/2505/2336 1334/2506/2337 3986/2499/2330 3985/2496/2327
f 1334/2506/2337 143/2507/2338 1337/2508/2339 3986/2499/2330
f 3986/2499/2330 1337/2508/2339 1336/2509/2340 3989/2500/2331
f 3989/2500/2331 1336/2509/2340 1335/2510/2341 3992/2503/2334
f 3992/2503/2334 1335/2510/2341 142/2511/2322 1328/2512/2321
f 3991/2501/2332 3992/2503/2334 1328/2512/2321 1327/2513/2320
f 3990/2502/2333 3991/2501/2332 1327/2513/2320 1326/2514/2319
f 1308/2434/2273 3990/2502/2333 1326/2514/2319 136/2435/2254
f 1309/2433/2272 3987/2498/2329 3990/2502/2333 1308/2434/2273
f 1310/2432/2271 3984/2495/2326 3987/2498/2329 1309/2433/2272
f 3993/2515/2342 3994/2516/2343 3997/2517/2344 3996/2518/2345
f 3994/2516/2343 3995/2519/2346 3998/2520/2347 3997/2517/2344
f 3996/2518/2345 3997/2517/2344 4000/2521/2348 3999/2522/2349
f 3997/2517/2344 3998/2520/2347 4001/2523/2350 4000/2521/2348
f 140/2451/2286 1338/2524/2351 3993/2515/2342 1316/2452/2287
f 1338/2524/2351 1339/2525/2352 3994/2516/2343 3993/2515/2342
f 1339/2525/2352 1340/2526/2353 3995/2519/2346 3994/2516/2343
f 1340/2526/2353 145/2527/2354 1343/2528/2355 3995/2519/2346
f 3995/2519/2346 1343/2528/2355 1342/2529/2356 3998/2520/2347
f 3998/2520/2347 1342/2529/2356 1341/2530/2357 4001/2523/2350
f 4001/2523/2350 1341/2530/2357 144/2531/2358 1346/2532/2359
f 4000/2521/2348 4001/2523/2350 1346/2532/2359 1345/2533/2360
f 3999/2522/2349 4000/2521/2348 1345/2533/2360 1344/2534/2361
f 1314/2454/2289 3999/2522/2349 1344/2534/2361 139/2455/2290
f 1315/2453/2288 3996/2518/2345 3999/2522/2349 1314/2454/2289
f 1316/2452/2287 3993/2515/2342 3996/2518/2345 1315/2453/2288
f 4002/2535/2362 4003/2536/2363 4006/2537/2364 4005/2538/2365
f 4003/2536/2363 4004/2539/2366 4007/2540/2367 4006/2537/2364
f 4005/2538/2365 4006/2537/2364 4009/2541/2368 4008/2542/2369
f 4006/2537/2364 4007/2540/2367 4010/2543/2370 4009/2541/2368
f 139/2471/2290 1344/2544/2361 4002/2535/2362 1320/2472/2303
f 1344/2544/2361 1345/2545/2360 4003/2536/2363 4002/2535/2362
f 1345/2545/2360 1346/2546/2359 4004/2539/2366 4003/2536/2363
f 1346/2546/2359 144/2547/2358 1347/2548/2371 4004/2539/2366
f 4004/2539/2366 1347/2548/2371 1348/2549/2372 4007/2540/2367
f 4007/2540/2367 1348/2549/2372 1349/2550/2373 4010/2543/2370
f 4010/2543/2370 1349/2550/2373 146/2551/2374 1352/2552/2375
f 4009/2541/2368 4010/2543/2370 1352/2552/2375 1351/2553/2376
f 4008/2542/2369 4009/2541/2368 1351/2553/2376 1350/2554/2377
f 1322/2474/2305 4008/2542/2369 1350/2554/2377 141/2475/2306
f 1321/2473/2304 4005/2538/2365 4008/2542/2369 1322/2474/2305
f 1320/2472/2303 4002/2535/2362 4005/2538/2365 1321/2473/2304
f 4011/2555/2378 4012/2556/2379 4015/2557/2380 4014/2558/2381
f 4012/2556/2379 4013/2559/2382 4016/2560/2383 4015/2557/2380
f 4014/2558/2381 4015/2557/2380 4018/2561/2384 4017/2562/2385
f 4015/2557/2380 4016/2560/2383 4019/2563/2386 4018/2561/2384
f 142/2491/2322 1353/2564/2387 4011/2555/2378 1331/2492/2323
f 1353/2564/2387 1354/2565/2388 4012/2556/2379 4011/2555/2378
f 1354/2565/2388 1355/2566/2389 4013/2559/2382 4012/2556/2379
f 1355/2566/2389 147/2567/2390 1358/2568/2391 4013/2559/2382
f 4013/2559/2382 1358/2568/2391 1357/2569/2392 4016/2560/2383
f 4016/2560/2383 1357/2569/2392 1356/2570/2393 4019/2563/2386
f 4019/2563/2386 1356/2570/2393 145/2527/2354 1340/2526/2353
f 4018/2561/2384 4019/2563/2386 1340/2526/2353 1339/2525/2352
f 4017/2562/2385 4018/2561/2384 1339/2525/2352 1338/2524/2351
f 1329/2494/2325 4017/2562/2385 1338/2524/2351 140/2451/2286
f 1330/2493/2324 4014/2558/2381 4017/2562/2385 1329/2494/2325
f 1331/2492/2323 4011/2555/2378 4014/2558/2381 1330/2493/2324
f 4020/2571/2394 4021/2572/2395 4024/2573/2396 4023/2574/2397
f 4021/2572/2395 4022/2575/2398 4025/2576/2399 4024/2573/2396
f 4023/2574/2397 4024/2573/2396 4027/2577/2400 4026/2578/2401
f 4024/2573/2396 4025/2576/2399 4028/2579/2402 4027/2577/2400
f 143/2507/2338 1359/2580/2403 4020/2571/2394 1337/2508/2339
f 1359/2580/2403 1360/2581/2404 4021/2572/2395 4020/2571/2394
f 1360/2581/2404 1361/2582/2405 4022/2575/2398 4021/2572/2395
f 1361/2582/2405 148/2583/2406 1364/2584/2407 4022/2575/2398
f 4022/2575/2398 1364/2584/2407 1363/2585/2408 4025/2576/2399
f 4025/2576/2399 1363/2585/2408 1362/2586/2409 4028/2579/2402
f 4028/2579/2402 1362/2586/2409 147/2587/2390 1355/2588/2389
f 4027/2577/2400 4028/2579/2402 1355/2588/2389 1354/2589/2388
f 4026/2578/2401 4027/2577/2400 1354/2589/2388 1353/2590/2387
f 1335/2510/2341 4026/2578/2401 1353/2590/2387 142/2511/2322
f 1336/2509/2340 4023/2574/2397 4026/2578/2401 1335/2510/2341
f 1337/2508/2339 4020/2571/2394 4023/2574/2397 1336/2509/2340
f 4029/2591/2410 4030/2592/2411 4033/2593/2412 4032/2594/2413
f 4030/2592/2411 4031/2595/2414 4034/2596/2415 4033/2593/2412
f 4032/2594/2413 4033/2593/2412 4036/2597/2416 4035/2598/2417
f 4033/2593/2412 4034/2596/2415 4037/2599/2418 4036/2597/2416
f 145/2527/2354 1365/2600/2419 4029/2591/2410 1343/2528/2355
f 1365/2600/2419 1366/2601/2420 4030/2592/2411 4029/2591/2410
f 1366/2601/2420 1367/2602/2421 4031/2595/2414 4030/2592/2411
f 1367/2602/2421 150/2603/2422 1370/2604/2423 4031/2595/2414
f 4031/2595/2414 1370/2604/2423 1369/2605/2424 4034/2596/2415
f 4034/2596/2415 1369/2605/2424 1368/2606/2425 4037/2599/2418
f 4037/2599/2418 1368/2606/2425 149/2607/2426 1373/2608/2427
f 4036/2597/2416 4037/2599/2418 1373/2608/2427 1372/2609/2428
f 4035/2598/2417 4036/2597/2416 1372/2609/2428 1371/2610/2429
f 1341/2530/2357 4035/2598/2417 1371/2610/2429 144/2531/2358
f 1342/2529/2356 4032/2594/2413 4035/2598/2417 1341/2530/2357
f 1343/2528/2355 4029/2591/2410 4032/2594/2413 1342/2529/2356
f 4038/2611/2430 4039/2612/2431 4042/2613/2432 4041/2614/2433
f 4039/2612/2431 4040/2615/2434 4043/2616/2435 4042/2613/2432
f 4041/2614/2433 4042/2613/2432 4045/2617/2436 4044/2618/2437
f 4042/2613/2432 4043/2616/2435 4046/2619/2438 4045/2617/2436
f 144/2547/2358 1371/2620/2429 4038/2611/2430 1347/2548/2371
f 1371/2620/2429 1372/2621/2428 4039/2612/2431 4038/2611/2430
f 1372/2621/2428 1373/2622/2427 4040/2615/2434 4039/2612/2431
f 1373/2622/2427 149/2623/2426 1374/2624/2439 4040/2615/2434
f 4040/2615/2434 1374/2624/2439 1375/2625/2440 4043/2616/2435
f 4043/2616/2435 1375/2625/2440 1376/2626/2441 4046/2619/2438
f 4046/2619/2438 1376/2626/2441 151/2627/2442 1379/2628/2443
f 4045/2617/2436 4046/2619/2438 1379/2628/2443 1378/2629/2444
f 4044/2618/2437 4045/2617/2436 1378/2629/2444 1377/2630/2445
f 1349/2550/2373 4044/2618/2437 1377/2630/2445 146/2551/2374
f 1348/2549/2372 4041/2614/2433 4044/2618/2437 1349/2550/2373
f 1347/2548/2371 4038/2611/2430 4041/2614/2433 1348/2549/2372
f 4047/2631/2446 4048/2632/2447 4051/2633/2448 4050/2634/2449
f 4048/2632/2447 4049/2635/2450 4052/2636/2451 4051/2633/2448
f 4050/2634/2449 4051/2633/2448 4054/2637/2452 4053/2638/2453
f 4051/2633/2448 4052/2636/2451 4055/2639/2454 4054/2637/2452
f 147/2567/2390 1380/2640/2455 4047/2631/2446 1358/2568/2391
f 1380/2640/2455 1381/2641/2456 4048/2632/2447 4047/2631/2446
f 1381/2641/2456 1382/2642/2457 4049/2635/2450 4048/2632/2447
f 1382/2642/2457 152/2643/2458 1385/2644/2459 4049/2635/2450
f 4049/2635/2450 1385/2644/2459 1384/2645/2460 4052/2636/2451
f 4052/2636/2451 1384/2645/2460 1383/2646/2461 4055/2639/2454
f 4055/2639/2454 1383/2646/2461 150/2603/2422 1367/2602/2421
f 4054/2637/2452 4055/2639/2454 1367/2602/2421 1366/2601/2420
f 4053/2638/2453 4054/2637/2452 1366/2601/2420 1365/2600/2419
f 1356/2570/2393 4053/2638/2453 1365/2600/2419 145/2527/2354
f 1357/2569/2392 4050/2634/2449 4053/2638/2453 1356/2570/2393
f 1358/2568/2391 4047/2631/2446 4050/2634/2449 1357/2569/2392
f 4056/2647/2462 4057/2648/2463 4060/2649/2464 4059/2650/2465
f 4057/2648/2463 4058/2651/2466 4061/2652/2467 4060/2649/2464
f 4059/2650/2465 4060/2649/2464 4063/2653/2468 4062/2654/2469
f 4060/2649/2464 4061/2652/2467 4064/2655/2470 4063/2653/2468
f 148/2583/2406 1386/2656/2471 4056/2647/2462 1364/2584/2407
f 1386/2656/2471 1387/2657/2472 4057/2648/2463 4056/2647/2462
f 1387/2657/2472 1388/2658/2473 4058/2651/2466 4057/2648/2463
f 1388/2658/2473 153/2659/2474 1391/2660/2475 4058/2651/2466
f 4058/2651/2466 1391/2660/2475 1390/2661/2476 4061/2652/2467
f 4061/2652/2467 1390/2661/2476 1389/2662/2477 4064/2655/2470
f 4064/2655/2470 1389/2662/2477 152/2663/2458 1382/2664/2457
f 4063/2653/2468 4064/2655/2470 1382/2664/2457 1381/2665/2456
f 4062/2654/2469 4063/2653/2468 1381/2665/2456 1380/2666/2455
f 1362/2586/2409 4062/2654/2469 1380/2666/2455 147/2587/2390
f 1363/2585/2408 4059/2650/2465 4062/2654/2469 1362/2586/2409
f 1364/2584/2407 4056/2647/2462 4059/2650/2465 1363/2585/2408
f 4065/2667/2478 4066/2668/2479 4069/2669/2480 4068/2670/2481
f 4066/2668/2479 4067/2671/2482 4070/2672/2483 4069/2669/2480
f 4068/2670/2481 4069/2669/2480 4072/2673/2484 4071/2674/2485
f 4069/2669/2480 4070/2672/2483 4073/2675/2486 4072/2673/2484
f 149/2623/2426 1392/2676/2487 4065/2667/2478 1374/2624/2439
f 1392/2676/2487 1393/2677/2488 4066/2668/2479 4065/2667/2478
f 1393/2677/2488 1394/2678/2489 4067/2671/2482 4066/2668/2479
f 1394/2678/2489 155/2679/2490 1397/2680/2491 4067/2671/2482
f 4067/2671/2482 1397/2680/2491 1396/2681/2492 4070/2672/2483
f 4070/2672/2483 1396/2681/2492 1395/2682/2493 4073/2675/2486
f 4073/2675/2486 1395/2682/2493 154/2683/2494 1400/2684/2495
f 4072/2673/2484 4073/2675/2486 1400/2684/2495 1399/2685/2496
f 4071/2674/2485 4072/2673/2484 1399/2685/2496 1398/2686/2497
f 1376/2626/2441 4071/2674/2485 1398/2686/2497 151/2627/2442
f 1375/2625/2440 4068/2670/2481 4071/2674/2485 1376/2626/2441
f 1374/2624/2439 4065/2667/2478 4068/2670/2481 1375/2625/2440
f 4074/2687/2498 4075/2688/2499 4078/2689/2500 4077/2690/2501
f 4075/2688/2499 4076/2691/2502 4079/2692/2503 4078/2689/2500
f 4077/2690/2501 4078/2689/2500 4081/2693/2504 4080/2694/2505
f 4078/2689/2500 4079/2692/2503 4082/2695/2506 4081/2693/2504
f 153/2659/2474 1401/2696/2507 4074/2687/2498 1391/2660/2475
f 1401/2696/2507 1402/2697/2508 4075/2688/2499 4074/2687/2498
f 1402/2697/2508 1403/2698/2509 4076/2691/2502 4075/2688/2499
f 1403/2698/2509 157/2699/2510 1406/2700/2511 4076/2691/2502
f 4076/2691/2502 1406/2700/2511 1405/2701/2512 4079/2692/2503
f 4079/2692/2503 1405/2701/2512 1404/2702/2513 4082/2695/2506
f 4082/2695/2506 1404/2702/2513 156/2703/2514 1409/2704/2515
f 4081/2693/2504 4082/2695/2506 1409/2704/2515 1408/2705/2516
f 4080/2694/2505 4081/2693/2504 1408/2705/2516 1407/2706/2517
f 1389/2662/2477 4080/2694/2505 1407/2706/2517 152/2663/2458
f 1390/2661/2476 4077/2690/2501 4080/2694/2505 1389/2662/2477
f 1391/2660/2475 4074/2687/2498 4077/2690/2501 1390/2661/2476
f 4083/2707/2518 4084/2708/2519 4087/2709/2520 4086/2710/2521
f 4084/2708/2519 4085/2711/2522 4088/2712/2523 4087/2709/2520
f 4086/2710/2521 4087/2709/2520 4090/2713/2524 4089/2714/2525
f 4087/2709/2520 4088/2712/2523 4091/2715/2526 4090/2713/2524
f 157/2699/2510 1403/2698/2509 4083/2707/2518 1410/2716/2527
f 1403/2698/2509 1402/2697/2508 4084/2708/2519 4083/2707/2518
f 1402/2697/2508 1401/2696/2507 4085/2711/2522 4084/2708/2519
f 1401/2696/2507 153/2659/2474 1413/2717/2528 4085/2711/2522
f 4085/2711/2522 1413/2717/2528 1414/2718/2529 4088/2712/2523
f 4088/2712/2523 1414/2718/2529 1415/2719/2530 4091/2715/2526
f 4091/2715/2526 1415/2719/2530 159/2720/2531 1418/2721/2532
f 4090/2713/2524 4091/2715/2526 1418/2721/2532 1417/2722/2533
f 4089/2714/2525 4090/2713/2524 1417/2722/2533 1416/2723/2534
f 1412/2724/2535 4089/2714/2525 1416/2723/2534 158/2725/2536
f 1411/2726/2537 4086/2710/2521 4089/2714/2525 1412/2724/2535
f 1410/2716/2527 4083/2707/2518 4086/2710/2521 1411/2726/2537
f 4092/2727/2538 4093/2728/2539 4096/2729/2540 4095/2730/2541
f 4093/2728/2539 4094/2731/2542 4097/2732/2543 4096/2729/2540
f 4095/2730/2541 4096/2729/2540 4099/2733/2544 4098/2734/2545
f 4096/2729/2540 4097/2732/2543 4100/2735/2546 4099/2733/2544
f 159/2720/2531 1415/2719/2530 4092/2727/2538 1419/2736/2547
f 1415/2719/2530 1414/2718/2529 4093/2728/2539 4092/2727/2538
f 1414/2718/2529 1413/2717/2528 4094/2731/2542 4093/2728/2539
f 1413/2717/2528 153/2659/2474 1388/2658/2473 4094/2731/2542
f 4094/2731/2542 1388/2658/2473 1387/2657/2472 4097/2732/2543
f 4097/2732/2543 1387/2657/2472 1386/2656/2471 4100/2735/2546
f 4100/2735/2546 1386/2656/2471 148/2583/2406 1422/2737/2548
f 4099/2733/2544 4100/2735/2546 1422/2737/2548 1423/2738/2549
f 4098/2734/2545 4099/2733/2544 1423/2738/2549 1424/2739/2550
f 1421/2740/2551 4098/2734/2545 1424/2739/2550 160/2741/2552
f 1420/2742/2553 4095/2730/2541 4098/2734/2545 1421/2740/2551
f 1419/2736/2547 4092/2727/2538 4095/2730/2541 1420/2742/2553
f 4101/2743/2554 4102/2744/2555 4105/2745/2556 4104/2746/2557
f 4102/2744/2555 4103/2747/2558 4106/2748/2559 4105/2745/2556
f 4104/2746/2557 4105/2745/2556 4108/2749/2560 4107/2750/2561
f 4105/2745/2556 4106/2748/2559 4109/2751/2562 4108/2749/2560
f 160/2741/2552 1424/2739/2550 4101/2743/2554 1425/2752/2563
f 1424/2739/2550 1423/2738/2549 4102/2744/2555 4101/2743/2554
f 1423/2738/2549 1422/2737/2548 4103/2747/2558 4102/2744/2555
f 1422/2737/2548 148/2583/2406 1361/2582/2405 4103/2747/2558
f 4103/2747/2558 1361/2582/2405 1360/2581/2404 4106/2748/2559
f 4106/2748/2559 1360/2581/2404 1359/2580/2403 4109/2751/2562
f 4109/2751/2562 1359/2580/2403 143/2507/2338 1428/2753/2564
f 4108/2749/2560 4109/2751/2562 1428/2753/2564 1429/2754/2565
f 4107/2750/2561 4108/2749/2560 1429/2754/2565 1430/2755/2566
f 1427/2756/2567 4107/2750/2561 1430/2755/2566 161/2757/2568
f 1426/2758/2569 4104/2746/2557 4107/2750/2561 1427/2756/2567
f 1425/2752/2563 4101/2743/2554 4104/2746/2557 1426/2758/2569
f 4110/2759/2570 4111/2760/2571 4114/2761/2572 4113/2762/2573
f 4111/2760/2571 4112/2763/2574 4115/2764/2575 4114/2761/2572
f 4113/2762/2573 4114/2761/2572 4117/2765/2576 4116/2766/2577
f 4114/2761/2572 4115/2764/2575 4118/2767/2578 4117/2765/2576
f 161/2757/2568 1430/2755/2566 4110/2759/2570 1431/2768/2579
f 1430/2755/2566 1429/2754/2565 4111/2760/2571 4110/2759/2570
f 1429/2754/2565 1428/2753/2564 4112/2763/2574 4111/2760/2571
f 1428/2753/2564 143/2507/2338 1334/2506/2337 4112/2763/2574
f 4112/2763/2574 1334/2506/2337 1333/2505/2336 4115/2764/2575
f 4115/2764/2575 1333/2505/2336 1332/2504/2335 4118/2767/2578
f 4118/2767/2578 1332/2504/2335 138/2431/2270 1434/2769/2580
f 4117/2765/2576 4118/2767/2578 1434/2769/2580 1435/2770/2581
f 4116/2766/2577 4117/2765/2576 1435/2770/2581 1436/2771/2582
f 1433/2772/2583 4116/2766/2577 1436/2771/2582 162/2773/2584
f 1432/2774/2585 4113/2762/2573 4116/2766/2577 1433/2772/2583
f 1431/2768/2579 4110/2759/2570 4113/2762/2573 1432/2774/2585
f 4119/2775/2586 4120/2776/2587 4123/2777/2588 4122/2778/2589
f 4120/2776/2587 4121/2779/2590 4124/2780/2591 4123/2777/2588
f 4122/2778/2589 4123/2777/2588 4126/2781/2592 4125/2782/2593
f 4123/2777/2588 4124/2780/2591 4127/2783/2594 4126/2781/2592
f 162/2773/2584 1436/2771/2582 4119/2775/2586 1437/2784/2595
f 1436/2771/2582 1435/2770/2581 4120/2776/2587 4119/2775/2586
f 1435/2770/2581 1434/2769/2580 4121/2779/2590 4120/2776/2587
f 1434/2769/2580 138/2431/2270 1307/2430/2269 4121/2779/2590
f 4121/2779/2590 1307/2430/2269 1306/2429/2268 4124/2780/2591
f 4124/2780/2591 1306/2429/2268 1305/2428/2267 4127/2783/2594
f 4127/2783/2594 1305/2428/2267 137/2355/2202 1440/2785/2596
f 4126/2781/2592 4127/2783/2594 1440/2785/2596 1441/2786/2597
f 4125/2782/2593 4126/2781/2592 1441/2786/2597 1442/2787/2598
f 1439/2788/2599 4125/2782/2593 1442/2787/2598 163/2789/2600
f 1438/2790/2601 4122/2778/2589 4125/2782/2593 1439/2788/2599
f 1437/2784/2595 4119/2775/2586 4122/2778/2589 1438/2790/2601
f 4128/2791/2602 4129/2792/2603 4132/2793/2604 4131/2794/2605
f 4129/2792/2603 4130/2795/2606 4133/2796/2607 4132/2793/2604
f 4131/2794/2605 4132/2793/2604 4135/2797/2608 4134/2798/2609
f 4132/2793/2604 4133/2796/2607 4136/2799/2610 4135/2797/2608
f 163/2789/2600 1442/2787/2598 4128/2791/2602 1443/2800/2611
f 1442/2787/2598 1441/2786/2597 4129/2792/2603 4128/2791/2602
f 1441/2786/2597 1440/2785/2596 4130/2795/2606 4129/2792/2603
f 1440/2785/2596 137/2355/2202 1278/2354/2201 4130/2795/2606
f 4130/2795/2606 1278/2354/2201 1279/2353/2200 4133/2796/2607
f 4133/2796/2607 1279/2353/2200 1280/2352/2199 4136/2799/2610
f 4136/2799/2610 1280/2352/2199 165/2276/2132 1448/2801/2612
f 4135/2797/2608 4136/2799/2610 1448/2801/2612 1447/2802/2613
f 4134/2798/2609 4135/2797/2608 1447/2802/2613 1446/2803/2614
f 1445/2804/2615 4134/2798/2609 1446/2803/2614 164/2805/2616
f 1444/2806/2617 4131/2794/2605 4134/2798/2609 1445/2804/2615
f 1443/2800/2611 4128/2791/2602 4131/2794/2605 1444/2806/2617
f 4137/2807/2618 4138/2808/2619 4141/2809/2620 4140/2810/2621
f 4138/2808/2619 4139/2811/2622 4142/2812/2623 4141/2809/2620
f 4140/2810/2621 4141/2809/2620 4144/2813/2624 4143/2814/2625
f 4141/2809/2620 4142/2812/2623 4145/2815/2626 4144/2813/2624
f 164/2805/2616 1446/2803/2614 4137/2807/2618 1449/2816/2627
f 1446/2803/2614 1447/2802/2613 4138/2808/2619 4137/2807/2618
f 1447/2802/2613 1448/2801/2612 4139/2811/2622 4138/2808/2619
f 1448/2801/2612 165/2276/2132 1253/2275/2131 4139/2811/2622
f 4139/2811/2622 1253/2275/2131 1252/2274/2130 4142/2812/2623
f 4142/2812/2623 1252/2274/2130 1251/2272/2128 4145/2815/2626
f 4145/2815/2626 1251/2272/2128 128/2271/2127 1452/2817/2628
f 4144/2813/2624 4145/2815/2626 1452/2817/2628 1453/2818/2629
f 4143/2814/2625 4144/2813/2624 1453/2818/2629 1454/2819/2630
f 1451/2820/2631 4143/2814/2625 1454/2819/2630 166/2821/2632
f 1450/2822/2633 4140/2810/2621 4143/2814/2625 1451/2820/2631
f 1449/2816/2627 4137/2807/2618 4140/2810/2621 1450/2822/2633
f 4146/2823/2634 4147/2824/2635 4150/2825/2636 4149/2826/2637
f 4147/2824/2635 4148/2827/2638 4151/2828/2639 4150/2825/2636
f 4149/2826/2637 4150/2825/2636 4153/2829/2640 4152/2830/2641
f 4150/2825/2636 4151/2828/2639 4154/2831/2642 4153/2829/2640
f 128/2271/2127 1457/2832/2643 4146/2823/2634 1452/2817/2628
f 1457/2832/2643 1456/2833/2644 4147/2824/2635 4146/2823/2634
f 1456/2833/2644 1455/2834/2645 4148/2827/2638 4147/2824/2635
f 1455/2834/2645 122/2204/2064 1458/2835/2646 4148/2827/2638
f 4148/2827/2638 1458/2835/2646 1459/2836/2647 4151/2828/2639
f 4151/2828/2639 1459/2836/2647 1460/2837/2648 4154/2831/2642
f 4154/2831/2642 1460/2837/2648 167/2838/2649 1463/2839/2650
f 4153/2829/2640 4154/2831/2642 1463/2839/2650 1462/2840/2651
f 4152/2830/2641 4153/2829/2640 1462/2840/2651 1461/2841/2652
f 1454/2819/2630 4152/2830/2641 1461/2841/2652 166/2821/2632
f 1453/2818/2629 4149/2826/2637 4152/2830/2641 1454/2819/2630
f 1452/2817/2628 4146/2823/2634 4149/2826/2637 1453/2818/2629
f 4155/2842/2653 4156/2843/2654 4159/2844/2655 4158/2845/2656
f 4156/2843/2654 4157/2846/2657 4160/2847/2658 4159/2844/2655
f 4158/2845/2656 4159/2844/2655 4162/2848/2659 4161/2849/2660
f 4159/2844/2655 4160/2847/2658 4163/2850/2661 4162/2848/2659
f 154/2683/2494 1395/2682/2493 4155/2842/2653 1464/2851/2662
f 1395/2682/2493 1396/2681/2492 4156/2843/2654 4155/2842/2653
f 1396/2681/2492 1397/2680/2491 4157/2846/2657 4156/2843/2654
f 1397/2680/2491 155/2679/2490 1467/2852/2663 4157/2846/2657
f 4157/2846/2657 1467/2852/2663 1468/2853/2664 4160/2847/2658
f 4160/2847/2658 1468/2853/2664 1469/2854/2665 4163/2850/2661
f 4163/2850/2661 1469/2854/2665 168/2855/2666 1472/2856/2667
f 4162/2848/2659 4163/2850/2661 1472/2856/2667 1471/2857/2668
f 4161/2849/2660 4162/2848/2659 1471/2857/2668 1470/2858/2669
f 1466/2859/2670 4161/2849/2660 1470/2858/2669 158/2725/2536
f 1465/2860/2671 4158/2845/2656 4161/2849/2660 1466/2859/2670
f 1464/2851/2662 4155/2842/2653 4158/2845/2656 1465/2860/2671
f 4164/2861/2672 4165/2862/2673 4168/2863/2674 4167/2864/2675
f 4165/2862/2673 4166/2865/2676 4169/2866/2677 4168/2863/2674
f 4167/2864/2675 4168/2863/2674 4171/2867/2678 4170/2868/2679
f 4168/2863/2674 4169/2866/2677 4172/2869/2680 4171/2867/2678
f 169/2870/2681 1476/2871/2682 4164/2861/2672 1475/2872/2683
f 1476/2871/2682 1477/2873/2684 4165/2862/2673 4164/2861/2672
f 1477/2873/2684 1478/2874/2685 4166/2865/2676 4165/2862/2673
f 1478/2874/2685 170/2875/2686 1481/2876/2687 4166/2865/2676
f 4166/2865/2676 1481/2876/2687 1480/2877/2688 4169/2866/2677
f 4169/2866/2677 1480/2877/2688 1479/2878/2689 4172/2869/2680
f 4172/2869/2680 1479/2878/2689 150/2603/2422 1383/2646/2461
f 4171/2867/2678 4172/2869/2680 1383/2646/2461 1384/2645/2460
f 4170/2868/2679 4171/2867/2678 1384/2645/2460 1385/2644/2459
f 1473/2879/2690 4170/2868/2679 1385/2644/2459 152/2643/2458
f 1474/2880/2691 4167/2864/2675 4170/2868/2679 1473/2879/2690
f 1475/2872/2683 4164/2861/2672 4167/2864/2675 1474/2880/2691
f 4173/2881/2692 4174/2882/2693 4177/2883/2694 4176/2884/2695
f 4174/2882/2693 4175/2885/2696 4178/2886/2697 4177/2883/2694
f 4176/2884/2695 4177/2883/2694 4180/2887/2698 4179/2888/2699
f 4177/2883/2694 4178/2886/2697 4181/2889/2700 4180/2887/2698
f 171/2890/2701 1487/2891/2702 4173/2881/2692 1484/2892/2703
f 1487/2891/2702 1486/2893/2704 4174/2882/2693 4173/2881/2692
f 1486/2893/2704 1485/2894/2705 4175/2885/2696 4174/2882/2693
f 1485/2894/2705 149/2607/2426 1368/2606/2425 4175/2885/2696
f 4175/2885/2696 1368/2606/2425 1369/2605/2424 4178/2886/2697
f 4178/2886/2697 1369/2605/2424 1370/2604/2423 4181/2889/2700
f 4181/2889/2700 1370/2604/2423 150/2603/2422 1479/2878/2689
f 4180/2887/2698 4181/2889/2700 1479/2878/2689 1480/2877/2688
f 4179/2888/2699 4180/2887/2698 1480/2877/2688 1481/2876/2687
f 1482/2895/2706 4179/2888/2699 1481/2876/2687 170/2875/2686
f 1483/2896/2707 4176/2884/2695 4179/2888/2699 1482/2895/2706
f 1484/2892/2703 4173/2881/2692 4176/2884/2695 1483/2896/2707
f 4182/2897/2708 4183/2898/2709 4186/2899/2710 4185/2900/2711
f 4183/2898/2709 4184/2901/2712 4187/2902/2713 4186/2899/2710
f 4185/2900/2711 4186/2899/2710 4189/2903/2714 4188/2904/2715
f 4186/2899/2710 4187/2902/2713 4190/2905/2716 4189/2903/2714
f 172/2906/2717 1493/2907/2718 4182/2897/2708 1488/2908/2719
f 1493/2907/2718 1492/2909/2720 4183/2898/2709 4182/2897/2708
f 1492/2909/2720 1491/2910/2721 4184/2901/2712 4183/2898/2709
f 1491/2910/2721 156/2911/2514 1494/2912/2722 4184/2901/2712
f 4184/2901/2712 1494/2912/2722 1495/2913/2723 4187/2902/2713
f 4187/2902/2713 1495/2913/2723 1496/2914/2724 4190/2905/2716
f 4190/2905/2716 1496/2914/2724 168/2915/2666 1497/2916/2725
f 4189/2903/2714 4190/2905/2716 1497/2916/2725 1498/2917/2726
f 4188/2904/2715 4189/2903/2714 1498/2917/2726 1499/2918/2727
f 1490/2919/2728 4188/2904/2715 1499/2918/2727 173/2920/2729
f 1489/2921/2730 4185/2900/2711 4188/2904/2715 1490/2919/2728
f 1488/2908/2719 4182/2897/2708 4185/2900/2711 1489/2921/2730
f 4191/2922/2731 4192/2923/2732 4195/2924/2733 4194/2925/2734
f 4192/2923/2732 4193/2926/2735 4196/2927/2736 4195/2924/2733
f 4194/2925/2734 4195/2924/2733 4198/2928/2737 4197/2929/2738
f 4195/2924/2733 4196/2927/2736 4199/2930/2739 4198/2928/2737
f 174/2931/2740 1505/2932/2741 4191/2922/2731 1502/2933/2742
f 1505/2932/2741 1504/2934/2743 4192/2923/2732 4191/2922/2731
f 1504/2934/2743 1503/2935/2744 4193/2926/2735 4192/2923/2732
f 1503/2935/2744 171/2890/2701 1484/2892/2703 4193/2926/2735
f 4193/2926/2735 1484/2892/2703 1483/2896/2707 4196/2927/2736
f 4196/2927/2736 1483/2896/2707 1482/2895/2706 4199/2930/2739
f 4199/2930/2739 1482/2895/2706 170/2875/2686 1506/2936/2745
f 4198/2928/2737 4199/2930/2739 1506/2936/2745 1507/2937/2746
f 4197/2929/2738 4198/2928/2737 1507/2937/2746 1508/2938/2747
f 1500/2939/2748 4197/2929/2738 1508/2938/2747 173/2920/2729
f 1501/2940/2749 4194/2925/2734 4197/2929/2738 1500/2939/2748
f 1502/2933/2742 4191/2922/2731 4194/2925/2734 1501/2940/2749
f 4200/2941/2750 4201/2942/2751 4204/2943/2752 4203/2944/2753
f 4201/2942/2751 4202/2945/2754 4205/2946/2755 4204/2943/2752
f 4203/2944/2753 4204/2943/2752 4207/2947/2756 4206/2948/2757
f 4204/2943/2752 4205/2946/2755 4208/2949/2758 4207/2947/2756
f 173/2920/2729 1508/2938/2747 4200/2941/2750 1490/2919/2728
f 1508/2938/2747 1507/2937/2746 4201/2942/2751 4200/2941/2750
f 1507/2937/2746 1506/2936/2745 4202/2945/2754 4201/2942/2751
f 1506/2936/2745 170/2875/2686 1478/2874/2685 4202/2945/2754
f 4202/2945/2754 1478/2874/2685 1477/2873/2684 4205/2946/2755
f 4205/2946/2755 1477/2873/2684 1476/2871/2682 4208/2949/2758
f 4208/2949/2758 1476/2871/2682 169/2870/2681 1509/2950/2759
f 4207/2947/2756 4208/2949/2758 1509/2950/2759 1510/2951/2760
f 4206/2948/2757 4207/2947/2756 1510/2951/2760 1511/2952/2761
f 1488/2908/2719 4206/2948/2757 1511/2952/2761 172/2906/2717
f 1489/2921/2730 4203/2944/2753 4206/2948/2757 1488/2908/2719
f 1490/2919/2728 4200/2941/2750 4203/2944/2753 1489/2921/2730
f 4209/2953/2762 4210/2954/2763 4213/2955/2764 4212/2956/2765
f 4210/2954/2763 4211/2957/2766 4214/2958/2767 4213/2955/2764
f 4212/2956/2765 4213/2955/2764 4216/2959/2768 4215/2960/2769
f 4213/2955/2764 4214/2958/2767 4217/2961/2770 4216/2959/2768
f 169/2870/2681 1475/2872/2683 4209/2953/2762 1509/2950/2759
f 1475/2872/2683 1474/2880/2691 4210/2954/2763 4209/2953/2762
f 1474/2880/2691 1473/2879/2690 4211/2957/2766 4210/2954/2763
f 1473/2879/2690 152/2643/2458 1407/2962/2517 4211/2957/2766
f 4211/2957/2766 1407/2962/2517 1408/2963/2516 4214/2958/2767
f 4214/2958/2767 1408/2963/2516 1409/2964/2515 4217/2961/2770
f 4217/2961/2770 1409/2964/2515 156/2911/2514 1491/2910/2721
f 4216/2959/2768 4217/2961/2770 1491/2910/2721 1492/2909/2720
f 4215/2960/2769 4216/2959/2768 1492/2909/2720 1493/2907/2718
f 1511/2952/2761 4215/2960/2769 1493/2907/2718 172/2906/2717
f 1510/2951/2760 4212/2956/2765 4215/2960/2769 1511/2952/2761
f 1509/2950/2759 4209/2953/2762 4212/2956/2765 1510/2951/2760
f 4218/2965/2771 4219/2966/2772 4222/2967/2773 4221/2968/2774
f 4219/2966/2772 4220/2969/2775 4223/2970/2776 4222/2967/2773
f 4221/2968/2774 4222/2967/2773 4225/2971/2777 4224/2972/2778
f 4222/2967/2773 4223/2970/2776 4226/2973/2779 4225/2971/2777
f 171/2890/2701 1503/2935/2744 4218/2965/2771 1487/2891/2702
f 1503/2935/2744 1504/2934/2743 4219/2966/2772 4218/2965/2771
f 1504/2934/2743 1505/2932/2741 4220/2969/2775 4219/2966/2772
f 1505/2932/2741 174/2931/2740 1514/2974/2780 4220/2969/2775
f 4220/2969/2775 1514/2974/2780 1513/2975/2781 4223/2970/2776
f 4223/2970/2776 1513/2975/2781 1512/2976/2782 4226/2973/2779
f 4226/2973/2779 1512/2976/2782 155/2977/2490 1394/2978/2489
f 4225/2971/2777 4226/2973/2779 1394/2978/2489 1393/2979/2488
f 4224/2972/2778 4225/2971/2777 1393/2979/2488 1392/2980/2487
f 1485/2894/2705 4224/2972/2778 1392/2980/2487 149/2607/2426
f 1486/2893/2704 4221/2968/2774 4224/2972/2778 1485/2894/2705
f 1487/2891/2702 4218/2965/2771 4221/2968/2774 1486/2893/2704
f 4227/2981/2783 4228/2982/2784 4231/2983/2785 4230/2984/2786
f 4228/2982/2784 4229/2985/2787 4232/2986/2788 4231/2983/2785
f 4230/2984/2786 4231/2983/2785 4234/2987/2789 4233/2988/2790
f 4231/2983/2785 4232/2986/2788 4235/2989/2791 4234/2987/2789
f 120/2178/2039 1211/2177/2038 4227/2981/2783 1221/2990/2056
f 1211/2177/2038 1210/2176/2037 4228/2982/2784 4227/2981/2783
f 1210/2176/2037 1209/2175/2036 4229/2985/2787 4228/2982/2784
f 1209/2175/2036 116/2134/2000 1515/2991/2792 4229/2985/2787
f 4229/2985/2787 1515/2991/2792 1516/2992/2793 4232/2986/2788
f 4232/2986/2788 1516/2992/2793 1517/2993/2794 4235/2989/2791
f 4235/2989/2791 1517/2993/2794 175/1211/1133 893/1237/1159
f 4234/2987/2789 4235/2989/2791 893/1237/1159 892/1236/1158
f 4233/2988/2790 4234/2987/2789 892/1236/1158 891/1235/1157
f 1223/2994/2059 4233/2988/2790 891/1235/1157 121/1234/1156
f 1222/2995/2058 4230/2984/2786 4233/2988/2790 1223/2994/2059
f 1221/2990/2056 4227/2981/2783 4230/2984/2786 1222/2995/2058
f 4236/2996/2795 4237/2997/2796 4240/2998/2797 4239/2999/2798
f 4237/2997/2796 4238/3000/2799 4241/3001/2800 4240/2998/2797
f 4239/2999/2798 4240/2998/2797 4243/3002/2801 4242/3003/2802
f 4240/2998/2797 4241/3001/2800 4244/3004/2803 4243/3002/2801
f 116/2134/2000 1196/2133/1999 4236/2996/2795 1515/2991/2792
f 1196/2133/1999 1195/2132/1998 4237/2997/2796 4236/2996/2795
f 1195/2132/1998 1194/2131/1997 4238/3000/2799 4237/2997/2796
f 1194/2131/1997 113/2130/1996 1518/3005/2804 4238/3000/2799
f 4238/3000/2799 1518/3005/2804 1519/3006/2805 4241/3001/2800
f 4241/3001/2800 1519/3006/2805 1520/3007/2806 4244/3004/2803
f 4244/3004/2803 1520/3007/2806 176/1198/1120 884/1215/1137
f 4243/3002/2801 4244/3004/2803 884/1215/1137 883/1214/1136
f 4242/3003/2802 4243/3002/2801 883/1214/1136 882/1212/1134
f 1517/2993/2794 4242/3003/2802 882/1212/1134 175/1211/1133
f 1516/2992/2793 4239/2999/2798 4242/3003/2802 1517/2993/2794
f 1515/2991/2792 4236/2996/2795 4239/2999/2798 1516/2992/2793
f 4245/3008/2807 4246/3009/2808 4249/3010/2809 4248/3011/2810
f 4246/3009/2808 4247/3012/2811 4250/3013/2812 4249/3010/2809
f 4248/3011/2810 4249/3010/2809 4252/3014/2813 4251/3015/2814
f 4249/3010/2809 4250/3013/2812 4253/3016/2815 4252/3014/2813
f 176/1388/1120 1520/3017/2806 4245/3008/2807 945/1387/1306
f 1520/3017/2806 1519/3018/2805 4246/3009/2808 4245/3008/2807
f 1519/3018/2805 1518/3019/2804 4247/3012/2811 4246/3009/2808
f 1518/3019/2804 113/2159/1996 1206/2158/2024 4247/3012/2811
f 4247/3012/2811 1206/2158/2024 1207/2157/2023 4250/3013/2812
f 4250/3013/2812 1207/2157/2023 1208/2156/2022 4253/3016/2815
f 4253/3016/2815 1208/2156/2022 117/2155/2021 1521/3020/2816
f 4252/3014/2813 4253/3016/2815 1521/3020/2816 1522/3021/2817
f 4251/3015/2814 4252/3014/2813 1522/3021/2817 1523/3022/2818
f 947/1381/1303 4251/3015/2814 1523/3022/2818 177/1379/1301
f 946/1389/1307 4248/3011/2810 4251/3015/2814 947/1381/1303
f 945/1387/1306 4245/3008/2807 4248/3011/2810 946/1389/1307
f 4254/3023/2819 4255/3024/2820 4258/3025/2821 4257/3026/2822
f 4255/3024/2820 4256/3027/2823 4259/3028/2824 4258/3025/2821
f 4257/3026/2822 4258/3025/2821 4261/3029/2825 4260/3030/2826
f 4258/3025/2821 4259/3028/2824 4262/3031/2827 4261/3029/2825
f 154/2683/2494 1464/2851/2662 4254/3023/2819 1400/2684/2495
f 1464/2851/2662 1465/2860/2671 4255/3024/2820 4254/3023/2819
f 1465/2860/2671 1466/2859/2670 4256/3027/2823 4255/3024/2820
f 1466/2859/2670 158/2725/2536 1416/2723/2534 4256/3027/2823
f 4256/3027/2823 1416/2723/2534 1417/2722/2533 4259/3028/2824
f 4259/3028/2824 1417/2722/2533 1418/2721/2532 4262/3031/2827
f 4262/3031/2827 1418/2721/2532 159/2720/2531 1526/3032/2828
f 4261/3029/2825 4262/3031/2827 1526/3032/2828 1525/3033/2829
f 4260/3030/2826 4261/3029/2825 1525/3033/2829 1524/3034/2830
f 1398/2686/2497 4260/3030/2826 1524/3034/2830 151/2627/2442
f 1399/2685/2496 4257/3026/2822 4260/3030/2826 1398/2686/2497
f 1400/2684/2495 4254/3023/2819 4257/3026/2822 1399/2685/2496
f 4263/3035/2831 4264/3036/2832 4267/3037/2833 4266/3038/2834
f 4264/3036/2832 4265/3039/2835 4268/3040/2836 4267/3037/2833
f 4266/3038/2834 4267/3037/2833 4270/3041/2837 4269/3042/2838
f 4267/3037/2833 4268/3040/2836 4271/3043/2839 4270/3041/2837
f 151/2627/2442 1524/3034/2830 4263/3035/2831 1379/2628/2443
f 1524/3034/2830 1525/3033/2829 4264/3036/2832 4263/3035/2831
f 1525/3033/2829 1526/3032/2828 4265/3039/2835 4264/3036/2832
f 1526/3032/2828 159/2720/2531 1419/2736/2547 4265/3039/2835
f 4265/3039/2835 1419/2736/2547 1420/2742/2553 4268/3040/2836
f 4268/3040/2836 1420/2742/2553 1421/2740/2551 4271/3043/2839
f 4271/3043/2839 1421/2740/2551 160/2741/2552 1529/3044/2840
f 4270/3041/2837 4271/3043/2839 1529/3044/2840 1528/3045/2841
f 4269/3042/2838 4270/3041/2837 1528/3045/2841 1527/3046/2842
f 1377/2630/2445 4269/3042/2838 1527/3046/2842 146/2551/2374
f 1378/2629/2444 4266/3038/2834 4269/3042/2838 1377/2630/2445
f 1379/2628/2443 4263/3035/2831 4266/3038/2834 1378/2629/2444
f 4272/3047/2843 4273/3048/2844 4276/3049/2845 4275/3050/2846
f 4273/3048/2844 4274/3051/2847 4277/3052/2848 4276/3049/2845
f 4275/3050/2846 4276/3049/2845 4279/3053/2849 4278/3054/2850
f 4276/3049/2845 4277/3052/2848 4280/3055/2851 4279/3053/2849
f 146/2551/2374 1527/3046/2842 4272/3047/2843 1352/2552/2375
f 1527/3046/2842 1528/3045/2841 4273/3048/2844 4272/3047/2843
f 1528/3045/2841 1529/3044/2840 4274/3051/2847 4273/3048/2844
f 1529/3044/2840 160/2741/2552 1425/2752/2563 4274/3051/2847
f 4274/3051/2847 1425/2752/2563 1426/2758/2569 4277/3052/2848
f 4277/3052/2848 1426/2758/2569 1427/2756/2567 4280/3055/2851
f 4280/3055/2851 1427/2756/2567 161/2757/2568 1532/3056/2852
f 4279/3053/2849 4280/3055/2851 1532/3056/2852 1531/3057/2853
f 4278/3054/2850 4279/3053/2849 1531/3057/2853 1530/3058/2854
f 1350/2554/2377 4278/3054/2850 1530/3058/2854 141/2475/2306
f 1351/2553/2376 4275/3050/2846 4278/3054/2850 1350/2554/2377
f 1352/2552/2375 4272/3047/2843 4275/3050/2846 1351/2553/2376
f 4281/3059/2855 4282/3060/2856 4285/3061/2857 4284/3062/2858
f 4282/3060/2856 4283/3063/2859 4286/3064/2860 4285/3061/2857
f 4284/3062/2858 4285/3061/2857 4288/3065/2861 4287/3066/2862
f 4285/3061/2857 4286/3064/2860 4289/3067/2863 4288/3065/2861
f 141/2475/2306 1530/3058/2854 4281/3059/2855 1325/2476/2307
f 1530/3058/2854 1531/3057/2853 4282/3060/2856 4281/3059/2855
f 1531/3057/2853 1532/3056/2852 4283/3063/2859 4282/3060/2856
f 1532/3056/2852 161/2757/2568 1431/2768/2579 4283/3063/2859
f 4283/3063/2859 1431/2768/2579 1432/2774/2585 4286/3064/2860
f 4286/3064/2860 1432/2774/2585 1433/2772/2583 4289/3067/2863
f 4289/3067/2863 1433/2772/2583 162/2773/2584 1535/3068/2864
f 4288/3065/2861 4289/3067/2863 1535/3068/2864 1534/3069/2865
f 4287/3066/2862 4288/3065/2861 1534/3069/2865 1533/3070/2866
f 1323/2478/2309 4287/3066/2862 1533/3070/2866 135/2399/2238
f 1324/2477/2308 4284/3062/2858 4287/3066/2862 1323/2478/2309
f 1325/2476/2307 4281/3059/2855 4284/3062/2858 1324/2477/2308
f 4290/3071/2867 4291/3072/2868 4294/3073/2869 4293/3074/2870
f 4291/3072/2868 4292/3075/2871 4295/3076/2872 4294/3073/2869
f 4293/3074/2870 4294/3073/2869 4297/3077/2873 4296/3078/2874
f 4294/3073/2869 4295/3076/2872 4298/3079/2875 4297/3077/2873
f 135/2399/2238 1533/3070/2866 4290/3071/2867 1298/2400/2239
f 1533/3070/2866 1534/3069/2865 4291/3072/2868 4290/3071/2867
f 1534/3069/2865 1535/3068/2864 4292/3075/2871 4291/3072/2868
f 1535/3068/2864 162/2773/2584 1437/2784/2595 4292/3075/2871
f 4292/3075/2871 1437/2784/2595 1438/2790/2601 4295/3076/2872
f 4295/3076/2872 1438/2790/2601 1439/2788/2599 4298/3079/2875
f 4298/3079/2875 1439/2788/2599 163/2789/2600 1538/3080/2876
f 4297/3077/2873 4298/3079/2875 1538/3080/2876 1537/3081/2877
f 4296/3078/2874 4297/3077/2873 1537/3081/2877 1536/3082/2878
f 1296/2402/2241 4296/3078/2874 1536/3082/2878 131/2323/2170
f 1297/2401/2240 4293/3074/2870 4296/3078/2874 1296/2402/2241
f 1298/2400/2239 4290/3071/2867 4293/3074/2870 1297/2401/2240
f 4299/3083/2879 4300/3084/2880 4303/3085/2881 4302/3086/2882
f 4300/3084/2880 4301/3087/2883 4304/3088/2884 4303/3085/2881
f 4302/3086/2882 4303/3085/2881 4306/3089/2885 4305/3090/2886
f 4303/3085/2881 4304/3088/2884 4307/3091/2887 4306/3089/2885
f 131/2323/2170 1536/3082/2878 4299/3083/2879 1271/2324/2171
f 1536/3082/2878 1537/3081/2877 4300/3084/2880 4299/3083/2879
f 1537/3081/2877 1538/3080/2876 4301/3087/2883 4300/3084/2880
f 1538/3080/2876 163/2789/2600 1443/2800/2611 4301/3087/2883
f 4301/3087/2883 1443/2800/2611 1444/2806/2617 4304/3088/2884
f 4304/3088/2884 1444/2806/2617 1445/2804/2615 4307/3091/2887
f 4307/3091/2887 1445/2804/2615 164/2805/2616 1541/3092/2888
f 4306/3089/2885 4307/3091/2887 1541/3092/2888 1540/3093/2889
f 4305/3090/2886 4306/3089/2885 1540/3093/2889 1539/3094/2890
f 1269/2326/2173 4305/3090/2886 1539/3094/2890 126/2242/2098
f 1270/2325/2172 4302/3086/2882 4305/3090/2886 1269/2326/2173
f 1271/2324/2171 4299/3083/2879 4302/3086/2882 1270/2325/2172
f 4308/3095/2891 4309/3096/2892 4312/3097/2893 4311/3098/2894
f 4309/3096/2892 4310/3099/2895 4313/3100/2896 4312/3097/2893
f 4311/3098/2894 4312/3097/2893 4315/3101/2897 4314/3102/2898
f 4312/3097/2893 4313/3100/2896 4316/3103/2899 4315/3101/2897
f 126/2242/2098 1539/3094/2890 4308/3095/2891 1241/2243/2099
f 1539/3094/2890 1540/3093/2889 4309/3096/2892 4308/3095/2891
f 1540/3093/2889 1541/3092/2888 4310/3099/2895 4309/3096/2892
f 1541/3092/2888 164/2805/2616 1449/2816/2627 4310/3099/2895
f 4310/3099/2895 1449/2816/2627 1450/2822/2633 4313/3100/2896
f 4313/3100/2896 1450/2822/2633 1451/2820/2631 4316/3103/2899
f 4316/3103/2899 1451/2820/2631 166/2821/2632 1544/3104/2900
f 4315/3101/2897 4316/3103/2899 1544/3104/2900 1543/3105/2901
f 4314/3102/2898 4315/3101/2897 1543/3105/2901 1542/3106/2902
f 1239/2245/2101 4314/3102/2898 1542/3106/2902 118/2150/2016
f 1240/2244/2100 4311/3098/2894 4314/3102/2898 1239/2245/2101
f 1241/2243/2099 4308/3095/2891 4311/3098/2894 1240/2244/2100
f 4317/3107/2903 4318/3108/2904 4321/3109/2905 4320/3110/2906
f 4318/3108/2904 4319/3111/2907 4322/3112/2908 4321/3109/2905
f 4320/3110/2906 4321/3109/2905 4324/3113/2909 4323/3114/2910
f 4321/3109/2905 4322/3112/2908 4325/3115/2911 4324/3113/2909
f 166/2821/2632 1461/2841/2652 4317/3107/2903 1544/3104/2900
f 1461/2841/2652 1462/2840/2651 4318/3108/2904 4317/3107/2903
f 1462/2840/2651 1463/2839/2650 4319/3111/2907 4318/3108/2904
f 1463/2839/2650 167/2838/2649 1547/3116/2912 4319/3111/2907
f 4319/3111/2907 1547/3116/2912 1546/3117/2913 4322/3112/2908
f 4322/3112/2908 1546/3117/2913 1545/3118/2914 4325/3115/2911
f 4325/3115/2911 1545/3118/2914 117/2155/2021 1203/2154/2020
f 4324/3113/2909 4325/3115/2911 1203/2154/2020 1204/2153/2019
f 4323/3114/2910 4324/3113/2909 1204/2153/2019 1205/2151/2017
f 1542/3106/2902 4323/3114/2910 1205/2151/2017 118/2150/2016
f 1543/3105/2901 4320/3110/2906 4323/3114/2910 1542/3106/2902
f 1544/3104/2900 4317/3107/2903 4320/3110/2906 1543/3105/2901
f 4326/3119/2915 4327/3120/2916 4330/3121/2917 4329/3122/2918
f 4327/3120/2916 4328/3123/2919 4331/3124/2920 4330/3121/2917
f 4329/3122/2918 4330/3121/2917 4333/3125/2921 4332/3126/2922
f 4330/3121/2917 4331/3124/2920 4334/3127/2923 4333/3125/2921
f 157/2699/2510 1410/2716/2527 4326/3119/2915 1406/2700/2511
f 1410/2716/2527 1411/2726/2537 4327/3120/2916 4326/3119/2915
f 1411/2726/2537 1412/2724/2535 4328/3123/2919 4327/3120/2916
f 1412/2724/2535 158/2725/2536 1470/2858/2669 4328/3123/2919
f 4328/3123/2919 1470/2858/2669 1471/2857/2668 4331/3124/2920
f 4331/3124/2920 1471/2857/2668 1472/2856/2667 4334/3127/2923
f 4334/3127/2923 1472/2856/2667 168/2855/2666 1496/3128/2724
f 4333/3125/2921 4334/3127/2923 1496/3128/2724 1495/3129/2723
f 4332/3126/2922 4333/3125/2921 1495/3129/2723 1494/3130/2722
f 1404/2702/2513 4332/3126/2922 1494/3130/2722 156/2703/2514
f 1405/2701/2512 4329/3122/2918 4332/3126/2922 1404/2702/2513
f 1406/2700/2511 4326/3119/2915 4329/3122/2918 1405/2701/2512
f 4335/3131/2924 4336/3132/2925 4339/3133/2926 4338/3134/2927
f 4336/3132/2925 4337/3135/2928 4340/3136/2929 4339/3133/2926
f 4338/3134/2927 4339/3133/2926 4342/3137/2930 4341/3138/2931
f 4339/3133/2926 4340/3136/2929 4343/3139/2932 4342/3137/2930
f 174/2931/2740 1502/2933/2742 4335/3131/2924 1514/2974/2780
f 1502/2933/2742 1501/2940/2749 4336/3132/2925 4335/3131/2924
f 1501/2940/2749 1500/2939/2748 4337/3135/2928 4336/3132/2925
f 1500/2939/2748 173/2920/2729 1499/2918/2727 4337/3135/2928
f 4337/3135/2928 1499/2918/2727 1498/2917/2726 4340/3136/2929
f 4340/3136/2929 1498/2917/2726 1497/2916/2725 4343/3139/2932
f 4343/3139/2932 1497/2916/2725 168/2915/2666 1469/3140/2665
f 4342/3137/2930 4343/3139/2932 1469/3140/2665 1468/3141/2664
f 4341/3138/2931 4342/3137/2930 1468/3141/2664 1467/3142/2663
f 1512/2976/2782 4341/3138/2931 1467/3142/2663 155/2977/2490
f 1513/2975/2781 4338/3134/2927 4341/3138/2931 1512/2976/2782
f 1514/2974/2780 4335/3131/2924 4338/3134/2927 1513/2975/2781
f 4344/3143/2933 4345/3144/2934 4348/3145/2935 4347/3146/2936
f 4345/3144/2934 4346/3147/2937 4349/3148/2938 4348/3145/2935
f 4347/3146/2936 4348/3145/2935 4351/3149/2939 4350/3150/2940
f 4348/3145/2935 4349/3148/2938 4352/3151/2941 4351/3149/2939
f 120/2195/2039 1218/2197/2057 4344/3143/2933 1214/3152/2040
f 1218/2197/2057 1219/2205/2065 4345/3144/2934 4344/3143/2933
f 1219/2205/2065 1220/2203/2063 4346/3147/2937 4345/3144/2934
f 1220/2203/2063 122/2204/2064 1455/2834/2645 4346/3147/2937
f 4346/3147/2937 1455/2834/2645 1456/2833/2644 4349/3148/2938
f 4349/3148/2938 1456/2833/2644 1457/2832/2643 4352/3151/2941
f 4352/3151/2941 1457/2832/2643 128/2271/2127 1250/2273/2129
f 4351/3149/2939 4352/3151/2941 1250/2273/2129 1249/2286/2137
f 4350/3150/2940 4351/3149/2939 1249/2286/2137 1248/2284/2136
f 1212/3153/2042 4350/3150/2940 1248/2284/2136 119/2285/2043
f 1213/3154/2041 4347/3146/2936 4350/3150/2940 1212/3153/2042
f 1214/3152/2040 4344/3143/2933 4347/3146/2936 1213/3154/2041
f 4353/3155/2942 4354/3156/2943 4357/3157/2944 4356/3158/2945
f 4354/3156/2943 4355/3159/2946 4358/3160/2947 4357/3157/2944
f 4356/3158/2945 4357/3157/2944 4360/3161/2948 4359/3162/2949
f 4357/3157/2944 4358/3160/2947 4361/3163/2950 4360/3161/2948
f 177/1379/1301 1523/3022/2818 4353/3155/2942 1059/1674/1583
f 1523/3022/2818 1522/3021/2817 4354/3156/2943 4353/3155/2942
f 1522/3021/2817 1521/3020/2816 4355/3159/2946 4354/3156/2943
f 1521/3020/2816 117/2155/2021 1545/3118/2914 4355/3159/2946
f 4355/3159/2946 1545/3118/2914 1546/3117/2913 4358/3160/2947
f 4358/3160/2947 1546/3117/2913 1547/3116/2912 4361/3163/2950
f 4361/3163/2950 1547/3116/2912 167/2838/2649 1548/3164/2951
f 4360/3161/2948 4361/3163/2950 1548/3164/2951 1549/3165/2952
f 4359/3162/2949 4360/3161/2948 1549/3165/2952 1550/3166/2953
f 1061/1676/1585 4359/3162/2949 1550/3166/2953 178/1677/1586
f 1060/1675/1584 4356/3158/2945 4359/3162/2949 1061/1676/1585
f 1059/1674/1583 4353/3155/2942 4356/3158/2945 1060/1675/1584
f 4362/3167/2954 4363/3168/2955 4366/3169/2956 4365/3170/2957
f 4363/3168/2955 4364/3171/2958 4367/3172/2959 4366/3169/2956
f 4365/3170/2957 4366/3169/2956 4369/3173/2960 4368/3174/2961
f 4366/3169/2956 4367/3172/2959 4370/3175/2962 4369/3173/2960
f 178/1677/1586 1550/3166/2953 4362/3167/2954 1148/1911/1792
f 1550/3166/2953 1549/3165/2952 4363/3168/2955 4362/3167/2954
f 1549/3165/2952 1548/3164/2951 4364/3171/2958 4363/3168/2955
f 1548/3164/2951 167/2838/2649 1460/2837/2648 4364/3171/2958
f 4364/3171/2958 1460/2837/2648 1459/2836/2647 4367/3172/2959
f 4367/3172/2959 1459/2836/2647 1458/2835/2646 4370/3175/2962
f 4370/3175/2962 1458/2835/2646 122/2204/2064 1224/2202/2062
f 4369/3173/2960 4370/3175/2962 1224/2202/2062 1225/2201/2061
f 4368/3174/2961 4369/3173/2960 1225/2201/2061 1226/2200/2060
f 1146/1914/1795 4368/3174/2961 1226/2200/2060 123/1702/1609
f 1147/1913/1794 4365/3170/2957 4368/3174/2961 1146/1914/1795
f 1148/1911/1792 4362/3167/2954 4365/3170/2957 1147/1913/1794
f 4371/3176/2963 4372/3177/2964 4375/3178/2965 4374/3179/2966
f 4372/3177/2964 4373/3180/2967 4376/3181/2968 4375/3178/2965
f 4374/3179/2966 4375/3178/2965 4378/3182/2969 4377/3183/2970
f 4375/3178/2965 4376/3181/2968 4379/3184/2971 4378/3182/2969
f 180/3185/2972 1556/3186/2973 4371/3176/2963 1551/3187/2974
f 1556/3186/2973 1555/3188/2975 4372/3177/2964 4371/3176/2963
f 1555/3188/2975 1554/3189/2976 4373/3180/2967 4372/3177/2964
f 1554/3189/2976 179/3190/2977 1557/3191/2978 4373/3180/2967
f 4373/3180/2967 1557/3191/2978 1558/3192/2979 4376/3181/2968
f 4376/3181/2968 1558/3192/2979 1559/3193/2980 4379/3184/2971
f 4379/3184/2971 1559/3193/2980 182/3194/2981 1562/3195/2982
f 4378/3182/2969 4379/3184/2971 1562/3195/2982 1561/3196/2983
f 4377/3183/2970 4378/3182/2969 1561/3196/2983 1560/3197/2984
f 1553/3198/2985 4377/3183/2970 1560/3197/2984 181/3199/2986
f 1552/3200/2987 4374/3179/2966 4377/3183/2970 1553/3198/2985
f 1551/3187/2974 4371/3176/2963 4374/3179/2966 1552/3200/2987
f 4380/3201/2988 4381/3202/2989 4384/3203/2990 4383/3204/2991
f 4381/3202/2989 4382/3205/2992 4385/3206/2993 4384/3203/2990
f 4383/3204/2991 4384/3203/2990 4387/3207/2994 4386/3208/2995
f 4384/3203/2990 4385/3206/2993 4388/3209/2996 4387/3207/2994
f 184/3210/2997 1568/3211/2998 4380/3201/2988 1565/3212/2999
f 1568/3211/2998 1567/3213/3000 4381/3202/2989 4380/3201/2988
f 1567/3213/3000 1566/3214/3001 4382/3205/2992 4381/3202/2989
f 1566/3214/3001 183/3215/3002 1571/3216/3003 4382/3205/2992
f 4382/3205/2992 1571/3216/3003 1570/3217/3004 4385/3206/2993
f 4385/3206/2993 1570/3217/3004 1569/3218/3005 4388/3209/2996
f 4388/3209/2996 1569/3218/3005 179/3219/2977 1554/3220/2976
f 4387/3207/2994 4388/3209/2996 1554/3220/2976 1555/3221/2975
f 4386/3208/2995 4387/3207/2994 1555/3221/2975 1556/3222/2973
f 1563/3223/3006 4386/3208/2995 1556/3222/2973 180/3224/2972
f 1564/3225/3007 4383/3204/2991 4386/3208/2995 1563/3223/3006
f 1565/3212/2999 4380/3201/2988 4383/3204/2991 1564/3225/3007
f 4389/3226/3008 4390/3227/3009 4393/3228/3010 4392/3229/3011
f 4390/3227/3009 4391/3230/3012 4394/3231/3013 4393/3228/3010
f 4392/3229/3011 4393/3228/3010 4396/3232/3014 4395/3233/3015
f 4393/3228/3010 4394/3231/3013 4397/3234/3016 4396/3232/3014
f 182/3194/2981 1572/3235/3017 4389/3226/3008 1562/3195/2982
f 1572/3235/3017 1573/3236/3018 4390/3227/3009 4389/3226/3008
f 1573/3236/3018 1574/3237/3019 4391/3230/3012 4390/3227/3009
f 1574/3237/3019 186/3238/3020 1577/3239/3021 4391/3230/3012
f 4391/3230/3012 1577/3239/3021 1576/3240/3022 4394/3231/3013
f 4394/3231/3013 1576/3240/3022 1575/3241/3023 4397/3234/3016
f 4397/3234/3016 1575/3241/3023 185/3242/3024 1580/3243/3025
f 4396/3232/3014 4397/3234/3016 1580/3243/3025 1579/3244/3026
f 4395/3233/3015 4396/3232/3014 1579/3244/3026 1578/3245/3027
f 1560/3197/2984 4395/3233/3015 1578/3245/3027 181/3199/2986
f 1561/3196/2983 4392/3229/3011 4395/3233/3015 1560/3197/2984
f 1562/3195/2982 4389/3226/3008 4392/3229/3011 1561/3196/2983
f 4398/3246/3028 4399/3247/3029 4402/3248/3030 4401/3249/3031
f 4399/3247/3029 4400/3250/3032 4403/3251/3033 4402/3248/3030
f 4401/3249/3031 4402/3248/3030 4405/3252/3034 4404/3253/3035
f 4402/3248/3030 4403/3251/3033 4406/3254/3036 4405/3252/3034
f 186/3255/3020 1584/3256/3037 4398/3246/3028 1581/3257/3038
f 1584/3256/3037 1585/3258/3039 4399/3247/3029 4398/3246/3028
f 1585/3258/3039 1586/3259/3040 4400/3250/3032 4399/3247/3029
f 1586/3259/3040 187/1835/1220 1116/1834/1725 4400/3250/3032
f 4400/3250/3032 1116/1834/1725 1117/1833/1724 4403/3251/3033
f 4403/3251/3033 1117/1833/1724 1118/1832/1723 4406/3254/3036
f 4406/3254/3036 1118/1832/1723 189/1831/1722 1589/3260/3041
f 4405/3252/3034 4406/3254/3036 1589/3260/3041 1588/3261/3042
f 4404/3253/3035 4405/3252/3034 1588/3261/3042 1587/3262/3043
f 1583/3263/3044 4404/3253/3035 1587/3262/3043 188/3264/3045
f 1582/3265/3046 4401/3249/3031 4404/3253/3035 1583/3263/3044
f 1581/3257/3038 4398/3246/3028 4401/3249/3031 1582/3265/3046
f 4407/3266/3047 4408/3267/3048 4411/3268/3049 4410/3269/3050
f 4408/3267/3048 4409/3270/3051 4412/3271/3052 4411/3268/3049
f 4410/3269/3050 4411/3268/3049 4414/3272/3053 4413/3273/3054
f 4411/3268/3049 4412/3271/3052 4415/3274/3055 4414/3272/3053
f 181/3199/2986 1590/3275/3056 4407/3266/3047 1553/3198/2985
f 1590/3275/3056 1591/3276/3057 4408/3267/3048 4407/3266/3047
f 1591/3276/3057 1592/3277/3058 4409/3270/3051 4408/3267/3048
f 1592/3277/3058 191/3278/3059 1595/3279/3060 4409/3270/3051
f 4409/3270/3051 1595/3279/3060 1594/3280/3061 4412/3271/3052
f 4412/3271/3052 1594/3280/3061 1593/3281/3062 4415/3274/3055
f 4415/3274/3055 1593/3281/3062 190/3282/3063 1598/3283/3064
f 4414/3272/3053 4415/3274/3055 1598/3283/3064 1597/3284/3065
f 4413/3273/3054 4414/3272/3053 1597/3284/3065 1596/3285/3066
f 1551/3187/2974 4413/3273/3054 1596/3285/3066 180/3185/2972
f 1552/3200/2987 4410/3269/3050 4413/3273/3054 1551/3187/2974
f 1553/3198/2985 4407/3266/3047 4410/3269/3050 1552/3200/2987
f 4416/3286/3067 4417/3287/3068 4420/3288/3069 4419/3289/3070
f 4417/3287/3068 4418/3290/3071 4421/3291/3072 4420/3288/3069
f 4419/3289/3070 4420/3288/3069 4423/3292/3073 4422/3293/3074
f 4420/3288/3069 4421/3291/3072 4424/3294/3075 4423/3292/3073
f 180/3224/2972 1596/3295/3066 4416/3286/3067 1563/3223/3006
f 1596/3295/3066 1597/3296/3065 4417/3287/3068 4416/3286/3067
f 1597/3296/3065 1598/3297/3064 4418/3290/3071 4417/3287/3068
f 1598/3297/3064 190/3298/3063 1599/3299/3076 4418/3290/3071
f 4418/3290/3071 1599/3299/3076 1600/3300/3077 4421/3291/3072
f 4421/3291/3072 1600/3300/3077 1601/3301/3078 4424/3294/3075
f 4424/3294/3075 1601/3301/3078 192/3302/3079 1604/3303/3080
f 4423/3292/3073 4424/3294/3075 1604/3303/3080 1603/3304/3081
f 4422/3293/3074 4423/3292/3073 1603/3304/3081 1602/3305/3082
f 1565/3212/2999 4422/3293/3074 1602/3305/3082 184/3210/2997
f 1564/3225/3007 4419/3289/3070 4422/3293/3074 1565/3212/2999
f 1563/3223/3006 4416/3286/3067 4419/3289/3070 1564/3225/3007
f 4425/3306/3083 4426/3307/3084 4429/3308/3085 4428/3309/3086
f 4426/3307/3084 4427/3310/3087 4430/3311/3088 4429/3308/3085
f 4428/3309/3086 4429/3308/3085 4432/3312/3089 4431/3313/3090
f 4429/3308/3085 4430/3311/3088 4433/3314/3091 4432/3312/3089
f 185/3242/3024 1605/3315/3092 4425/3306/3083 1580/3243/3025
f 1605/3315/3092 1606/3316/3093 4426/3307/3084 4425/3306/3083
f 1606/3316/3093 1607/3317/3094 4427/3310/3087 4426/3307/3084
f 1607/3317/3094 193/3318/3095 1610/3319/3096 4427/3310/3087
f 4427/3310/3087 1610/3319/3096 1609/3320/3097 4430/3311/3088
f 4430/3311/3088 1609/3320/3097 1608/3321/3098 4433/3314/3091
f 4433/3314/3091 1608/3321/3098 191/3278/3059 1592/3277/3058
f 4432/3312/3089 4433/3314/3091 1592/3277/3058 1591/3276/3057
f 4431/3313/3090 4432/3312/3089 1591/3276/3057 1590/3275/3056
f 1578/3245/3027 4431/3313/3090 1590/3275/3056 181/3199/2986
f 1579/3244/3026 4428/3309/3086 4431/3313/3090 1578/3245/3027
f 1580/3243/3025 4425/3306/3083 4428/3309/3086 1579/3244/3026
f 4434/3322/3099 4435/3323/3100 4438/3324/3101 4437/3325/3102
f 4435/3323/3100 4436/3326/3103 4439/3327/3104 4438/3324/3101
f 4437/3325/3102 4438/3324/3101 4441/3328/3105 4440/3329/3106
f 4438/3324/3101 4439/3327/3104 4442/3330/3107 4441/3328/3105
f 194/3331/3108 1614/3332/3109 4434/3322/3099 1613/3333/3110
f 1614/3332/3109 1615/3334/3111 4435/3323/3100 4434/3322/3099
f 1615/3334/3111 1616/3335/3112 4436/3326/3103 4435/3323/3100
f 1616/3335/3112 199/3336/3113 1619/3337/3114 4436/3326/3103
f 4436/3326/3103 1619/3337/3114 1618/3338/3115 4439/3327/3104
f 4439/3327/3104 1618/3338/3115 1617/3339/3116 4442/3330/3107
f 4442/3330/3107 1617/3339/3116 193/3340/3095 1607/3341/3094
f 4441/3328/3105 4442/3330/3107 1607/3341/3094 1606/3342/3093
f 4440/3329/3106 4441/3328/3105 1606/3342/3093 1605/3343/3092
f 1611/3344/3117 4440/3329/3106 1605/3343/3092 185/3345/3024
f 1612/3346/3118 4437/3325/3102 4440/3329/3106 1611/3344/3117
f 1613/3333/3110 4434/3322/3099 4437/3325/3102 1612/3346/3118
f 4443/3347/3119 4444/3348/3120 4447/3349/3121 4446/3350/3122
f 4444/3348/3120 4445/3351/3123 4448/3352/3124 4447/3349/3121
f 4446/3350/3122 4447/3349/3121 4450/3353/3125 4449/3354/3126
f 4447/3349/3121 4448/3352/3124 4451/3355/3127 4450/3353/3125
f 191/3278/3059 1620/3356/3128 4443/3347/3119 1595/3279/3060
f 1620/3356/3128 1621/3357/3129 4444/3348/3120 4443/3347/3119
f 1621/3357/3129 1622/3358/3130 4445/3351/3123 4444/3348/3120
f 1622/3358/3130 196/3359/3131 1625/3360/3132 4445/3351/3123
f 4445/3351/3123 1625/3360/3132 1624/3361/3133 4448/3352/3124
f 4448/3352/3124 1624/3361/3133 1623/3362/3134 4451/3355/3127
f 4451/3355/3127 1623/3362/3134 195/3363/3135 1628/3364/3136
f 4450/3353/3125 4451/3355/3127 1628/3364/3136 1627/3365/3137
f 4449/3354/3126 4450/3353/3125 1627/3365/3137 1626/3366/3138
f 1593/3281/3062 4449/3354/3126 1626/3366/3138 190/3282/3063
f 1594/3280/3061 4446/3350/3122 4449/3354/3126 1593/3281/3062
f 1595/3279/3060 4443/3347/3119 4446/3350/3122 1594/3280/3061
f 4452/3367/3139 4453/3368/3140 4456/3369/3141 4455/3370/3142
f 4453/3368/3140 4454/3371/3143 4457/3372/3144 4456/3369/3141
f 4455/3370/3142 4456/3369/3141 4459/3373/3145 4458/3374/3146
f 4456/3369/3141 4457/3372/3144 4460/3375/3147 4459/3373/3145
f 190/3298/3063 1626/3376/3138 4452/3367/3139 1599/3299/3076
f 1626/3376/3138 1627/3377/3137 4453/3368/3140 4452/3367/3139
f 1627/3377/3137 1628/3378/3136 4454/3371/3143 4453/3368/3140
f 1628/3378/3136 195/3379/3135 1629/3380/3148 4454/3371/3143
f 4454/3371/3143 1629/3380/3148 1630/3381/3149 4457/3372/3144
f 4457/3372/3144 1630/3381/3149 1631/3382/3150 4460/3375/3147
f 4460/3375/3147 1631/3382/3150 197/3383/3151 1634/3384/3152
f 4459/3373/3145 4460/3375/3147 1634/3384/3152 1633/3385/3153
f 4458/3374/3146 4459/3373/3145 1633/3385/3153 1632/3386/3154
f 1601/3301/3078 4458/3374/3146 1632/3386/3154 192/3302/3079
f 1600/3300/3077 4455/3370/3142 4458/3374/3146 1601/3301/3078
f 1599/3299/3076 4452/3367/3139 4455/3370/3142 1600/3300/3077
f 4461/3387/3155 4462/3388/3156 4465/3389/3157 4464/3390/3158
f 4462/3388/3156 4463/3391/3159 4466/3392/3160 4465/3389/3157
f 4464/3390/3158 4465/3389/3157 4468/3393/3161 4467/3394/3162
f 4465/3389/3157 4466/3392/3160 4469/3395/3163 4468/3393/3161
f 193/3318/3095 1635/3396/3164 4461/3387/3155 1610/3319/3096
f 1635/3396/3164 1636/3397/3165 4462/3388/3156 4461/3387/3155
f 1636/3397/3165 1637/3398/3166 4463/3391/3159 4462/3388/3156
f 1637/3398/3166 198/3399/3167 1640/3400/3168 4463/3391/3159
f 4463/3391/3159 1640/3400/3168 1639/3401/3169 4466/3392/3160
f 4466/3392/3160 1639/3401/3169 1638/3402/3170 4469/3395/3163
f 4469/3395/3163 1638/3402/3170 196/3359/3131 1622/3358/3130
f 4468/3393/3161 4469/3395/3163 1622/3358/3130 1621/3357/3129
f 4467/3394/3162 4468/3393/3161 1621/3357/3129 1620/3356/3128
f 1608/3321/3098 4467/3394/3162 1620/3356/3128 191/3278/3059
f 1609/3320/3097 4464/3390/3158 4467/3394/3162 1608/3321/3098
f 1610/3319/3096 4461/3387/3155 4464/3390/3158 1609/3320/3097
f 4470/3403/3171 4471/3404/3172 4474/3405/3173 4473/3406/3174
f 4471/3404/3172 4472/3407/3175 4475/3408/3176 4474/3405/3173
f 4473/3406/3174 4474/3405/3173 4477/3409/3177 4476/3410/3178
f 4474/3405/3173 4475/3408/3176 4478/3411/3179 4477/3409/3177
f 199/3336/3113 1641/3412/3180 4470/3403/3171 1619/3337/3114
f 1641/3412/3180 1642/3413/3181 4471/3404/3172 4470/3403/3171
f 1642/3413/3181 1643/3414/3182 4472/3407/3175 4471/3404/3172
f 1643/3414/3182 204/3415/3183 1646/3416/3184 4472/3407/3175
f 4472/3407/3175 1646/3416/3184 1645/3417/3185 4475/3408/3176
f 4475/3408/3176 1645/3417/3185 1644/3418/3186 4478/3411/3179
f 4478/3411/3179 1644/3418/3186 198/3419/3167 1637/3420/3166
f 4477/3409/3177 4478/3411/3179 1637/3420/3166 1636/3421/3165
f 4476/3410/3178 4477/3409/3177 1636/3421/3165 1635/3422/3164
f 1617/3339/3116 4476/3410/3178 1635/3422/3164 193/3340/3095
f 1618/3338/3115 4473/3406/3174 4476/3410/3178 1617/3339/3116
f 1619/3337/3114 4470/3403/3171 4473/3406/3174 1618/3338/3115
f 4479/3423/3187 4480/3424/3188 4483/3425/3189 4482/3426/3190
f 4480/3424/3188 4481/3427/3191 4484/3428/3192 4483/3425/3189
f 4482/3426/3190 4483/3425/3189 4486/3429/3193 4485/3430/3194
f 4483/3425/3189 4484/3428/3192 4487/3431/3195 4486/3429/3193
f 196/3359/3131 1647/3432/3196 4479/3423/3187 1625/3360/3132
f 1647/3432/3196 1648/3433/3197 4480/3424/3188 4479/3423/3187
f 1648/3433/3197 1649/3434/3198 4481/3427/3191 4480/3424/3188
f 1649/3434/3198 201/3435/3199 1652/3436/3200 4481/3427/3191
f 4481/3427/3191 1652/3436/3200 1651/3437/3201 4484/3428/3192
f 4484/3428/3192 1651/3437/3201 1650/3438/3202 4487/3431/3195
f 4487/3431/3195 1650/3438/3202 200/3439/3203 1655/3440/3204
f 4486/3429/3193 4487/3431/3195 1655/3440/3204 1654/3441/3205
f 4485/3430/3194 4486/3429/3193 1654/3441/3205 1653/3442/3206
f 1623/3362/3134 4485/3430/3194 1653/3442/3206 195/3363/3135
f 1624/3361/3133 4482/3426/3190 4485/3430/3194 1623/3362/3134
f 1625/3360/3132 4479/3423/3187 4482/3426/3190 1624/3361/3133
f 4488/3443/3207 4489/3444/3208 4492/3445/3209 4491/3446/3210
f 4489/3444/3208 4490/3447/3211 4493/3448/3212 4492/3445/3209
f 4491/3446/3210 4492/3445/3209 4495/3449/3213 4494/3450/3214
f 4492/3445/3209 4493/3448/3212 4496/3451/3215 4495/3449/3213
f 195/3379/3135 1653/3452/3206 4488/3443/3207 1629/3380/3148
f 1653/3452/3206 1654/3453/3205 4489/3444/3208 4488/3443/3207
f 1654/3453/3205 1655/3454/3204 4490/3447/3211 4489/3444/3208
f 1655/3454/3204 200/3455/3203 1656/3456/3216 4490/3447/3211
f 4490/3447/3211 1656/3456/3216 1657/3457/3217 4493/3448/3212
f 4493/3448/3212 1657/3457/3217 1658/3458/3218 4496/3451/3215
f 4496/3451/3215 1658/3458/3218 202/3459/3219 1661/3460/3220
f 4495/3449/3213 4496/3451/3215 1661/3460/3220 1660/3461/3221
f 4494/3450/3214 4495/3449/3213 1660/3461/3221 1659/3462/3222
f 1631/3382/3150 4494/3450/3214 1659/3462/3222 197/3383/3151
f 1630/3381/3149 4491/3446/3210 4494/3450/3214 1631/3382/3150
f 1629/3380/3148 4488/3443/3207 4491/3446/3210 1630/3381/3149
f 4497/3463/3223 4498/3464/3224 4501/3465/3225 4500/3466/3226
f 4498/3464/3224 4499/3467/3227 4502/3468/3228 4501/3465/3225
f 4500/3466/3226 4501/3465/3225 4504/3469/3229 4503/3470/3230
f 4501/3465/3225 4502/3468/3228 4505/3471/3231 4504/3469/3229
f 198/3399/3167 1662/3472/3232 4497/3463/3223 1640/3400/3168
f 1662/3472/3232 1663/3473/3233 4498/3464/3224 4497/3463/3223
f 1663/3473/3233 1664/3474/3234 4499/3467/3227 4498/3464/3224
f 1664/3474/3234 203/3475/3235 1667/3476/3236 4499/3467/3227
f 4499/3467/3227 1667/3476/3236 1666/3477/3237 4502/3468/3228
f 4502/3468/3228 1666/3477/3237 1665/3478/3238 4505/3471/3231
f 4505/3471/3231 1665/3478/3238 201/3435/3199 1649/3434/3198
f 4504/3469/3229 4505/3471/3231 1649/3434/3198 1648/3433/3197
f 4503/3470/3230 4504/3469/3229 1648/3433/3197 1647/3432/3196
f 1638/3402/3170 4503/3470/3230 1647/3432/3196 196/3359/3131
f 1639/3401/3169 4500/3466/3226 4503/3470/3230 1638/3402/3170
f 1640/3400/3168 4497/3463/3223 4500/3466/3226 1639/3401/3169
f 4506/3479/3239 4507/3480/3240 4510/3481/3241 4509/3482/3242
f 4507/3480/3240 4508/3483/3243 4511/3484/3244 4510/3481/3241
f 4509/3482/3242 4510/3481/3241 4513/3485/3245 4512/3486/3246
f 4510/3481/3241 4511/3484/3244 4514/3487/3247 4513/3485/3245
f 204/3415/3183 1668/3488/3248 4506/3479/3239 1646/3416/3184
f 1668/3488/3248 1669/3489/3249 4507/3480/3240 4506/3479/3239
f 1669/3489/3249 1670/3490/3250 4508/3483/3243 4507/3480/3240
f 1670/3490/3250 205/3491/3251 1673/3492/3252 4508/3483/3243
f 4508/3483/3243 1673/3492/3252 1672/3493/3253 4511/3484/3244
f 4511/3484/3244 1672/3493/3253 1671/3494/3254 4514/3487/3247
f 4514/3487/3247 1671/3494/3254 203/3495/3235 1664/3496/3234
f 4513/3485/3245 4514/3487/3247 1664/3496/3234 1663/3497/3233
f 4512/3486/3246 4513/3485/3245 1663/3497/3233 1662/3498/3232
f 1644/3418/3186 4512/3486/3246 1662/3498/3232 198/3419/3167
f 1645/3417/3185 4509/3482/3242 4512/3486/3246 1644/3418/3186
f 1646/3416/3184 4506/3479/3239 4509/3482/3242 1645/3417/3185
f 4515/3499/3255 4516/3500/3256 4519/3501/3257 4518/3502/3258
f 4516/3500/3256 4517/3503/3259 4520/3504/3260 4519/3501/3257
f 4518/3502/3258 4519/3501/3257 4522/3505/3261 4521/3506/3262
f 4519/3501/3257 4520/3504/3260 4523/3507/3263 4522/3505/3261
f 201/3435/3199 1674/3508/3264 4515/3499/3255 1652/3436/3200
f 1674/3508/3264 1675/3509/3265 4516/3500/3256 4515/3499/3255
f 1675/3509/3265 1676/3510/3266 4517/3503/3259 4516/3500/3256
f 1676/3510/3266 207/3511/3267 1679/3512/3268 4517/3503/3259
f 4517/3503/3259 1679/3512/3268 1678/3513/3269 4520/3504/3260
f 4520/3504/3260 1678/3513/3269 1677/3514/3270 4523/3507/3263
f 4523/3507/3263 1677/3514/3270 206/3515/3271 1682/3516/3272
f 4522/3505/3261 4523/3507/3263 1682/3516/3272 1681/3517/3273
f 4521/3506/3262 4522/3505/3261 1681/3517/3273 1680/3518/3274
f 1650/3438/3202 4521/3506/3262 1680/3518/3274 200/3439/3203
f 1651/3437/3201 4518/3502/3258 4521/3506/3262 1650/3438/3202
f 1652/3436/3200 4515/3499/3255 4518/3502/3258 1651/3437/3201
f 4524/3519/3275 4525/3520/3276 4528/3521/3277 4527/3522/3278
f 4525/3520/3276 4526/3523/3279 4529/3524/3280 4528/3521/3277
f 4527/3522/3278 4528/3521/3277 4531/3525/3281 4530/3526/3282
f 4528/3521/3277 4529/3524/3280 4532/3527/3283 4531/3525/3281
f 200/3455/3203 1680/3528/3274 4524/3519/3275 1656/3456/3216
f 1680/3528/3274 1681/3529/3273 4525/3520/3276 4524/3519/3275
f 1681/3529/3273 1682/3530/3272 4526/3523/3279 4525/3520/3276
f 1682/3530/3272 206/3531/3271 1683/3532/3284 4526/3523/3279
f 4526/3523/3279 1683/3532/3284 1684/3533/3285 4529/3524/3280
f 4529/3524/3280 1684/3533/3285 1685/3534/3286 4532/3527/3283
f 4532/3527/3283 1685/3534/3286 208/3535/3287 1688/3536/3288
f 4531/3525/3281 4532/3527/3283 1688/3536/3288 1687/3537/3289
f 4530/3526/3282 4531/3525/3281 1687/3537/3289 1686/3538/3290
f 1658/3458/3218 4530/3526/3282 1686/3538/3290 202/3459/3219
f 1657/3457/3217 4527/3522/3278 4530/3526/3282 1658/3458/3218
f 1656/3456/3216 4524/3519/3275 4527/3522/3278 1657/3457/3217
f 4533/3539/3291 4534/3540/3292 4537/3541/3293 4536/3542/3294
f 4534/3540/3292 4535/3543/3295 4538/3544/3296 4537/3541/3293
f 4536/3542/3294 4537/3541/3293 4540/3545/3297 4539/3546/3298
f 4537/3541/3293 4538/3544/3296 4541/3547/3299 4540/3545/3297
f 203/3475/3235 1689/3548/3300 4533/3539/3291 1667/3476/3236
f 1689/3548/3300 1690/3549/3301 4534/3540/3292 4533/3539/3291
f 1690/3549/3301 1691/3550/3302 4535/3543/3295 4534/3540/3292
f 1691/3550/3302 209/3551/3303 1694/3552/3304 4535/3543/3295
f 4535/3543/3295 1694/3552/3304 1693/3553/3305 4538/3544/3296
f 4538/3544/3296 1693/3553/3305 1692/3554/3306 4541/3547/3299
f 4541/3547/3299 1692/3554/3306 207/3511/3267 1676/3510/3266
f 4540/3545/3297 4541/3547/3299 1676/3510/3266 1675/3509/3265
f 4539/3546/3298 4540/3545/3297 1675/3509/3265 1674/3508/3264
f 1665/3478/3238 4539/3546/3298 1674/3508/3264 201/3435/3199
f 1666/3477/3237 4536/3542/3294 4539/3546/3298 1665/3478/3238
f 1667/3476/3236 4533/3539/3291 4536/3542/3294 1666/3477/3237
f 4542/3555/3307 4543/3556/3308 4546/3557/3309 4545/3558/3310
f 4543/3556/3308 4544/3559/3311 4547/3560/3312 4546/3557/3309
f 4545/3558/3310 4546/3557/3309 4549/3561/3313 4548/3562/3314
f 4546/3557/3309 4547/3560/3312 4550/3563/3315 4549/3561/3313
f 205/3491/3251 1695/3564/3316 4542/3555/3307 1673/3492/3252
f 1695/3564/3316 1696/3565/3317 4543/3556/3308 4542/3555/3307
f 1696/3565/3317 1697/3566/3318 4544/3559/3311 4543/3556/3308
f 1697/3566/3318 210/3567/3319 1700/3568/3320 4544/3559/3311
f 4544/3559/3311 1700/3568/3320 1699/3569/3321 4547/3560/3312
f 4547/3560/3312 1699/3569/3321 1698/3570/3322 4550/3563/3315
f 4550/3563/3315 1698/3570/3322 209/3571/3303 1691/3572/3302
f 4549/3561/3313 4550/3563/3315 1691/3572/3302 1690/3573/3301
f 4548/3562/3314 4549/3561/3313 1690/3573/3301 1689/3574/3300
f 1671/3494/3254 4548/3562/3314 1689/3574/3300 203/3495/3235
f 1672/3493/3253 4545/3558/3310 4548/3562/3314 1671/3494/3254
f 1673/3492/3252 4542/3555/3307 4545/3558/3310 1672/3493/3253
f 4551/3575/3323 4552/3576/3324 4555/3577/3325 4554/3578/3326
f 4552/3576/3324 4553/3579/3327 4556/3580/3328 4555/3577/3325
f 4554/3578/3326 4555/3577/3325 4558/3581/3329 4557/3582/3330
f 4555/3577/3325 4556/3580/3328 4559/3583/3331 4558/3581/3329
f 207/3511/3267 1701/3584/3332 4551/3575/3323 1679/3512/3268
f 1701/3584/3332 1702/3585/3333 4552/3576/3324 4551/3575/3323
f 1702/3585/3333 1703/3586/3334 4553/3579/3327 4552/3576/3324
f 1703/3586/3334 212/3587/3335 1706/3588/3336 4553/3579/3327
f 4553/3579/3327 1706/3588/3336 1705/3589/3337 4556/3580/3328
f 4556/3580/3328 1705/3589/3337 1704/3590/3338 4559/3583/3331
f 4559/3583/3331 1704/3590/3338 211/3591/3339 1709/3592/3340
f 4558/3581/3329 4559/3583/3331 1709/3592/3340 1708/3593/3341
f 4557/3582/3330 4558/3581/3329 1708/3593/3341 1707/3594/3342
f 1677/3514/3270 4557/3582/3330 1707/3594/3342 206/3515/3271
f 1678/3513/3269 4554/3578/3326 4557/3582/3330 1677/3514/3270
f 1679/3512/3268 4551/3575/3323 4554/3578/3326 1678/3513/3269
f 4560/3595/3343 4561/3596/3344 4564/3597/3345 4563/3598/3346
f 4561/3596/3344 4562/3599/3347 4565/3600/3348 4564/3597/3345
f 4563/3598/3346 4564/3597/3345 4567/3601/3349 4566/3602/3350
f 4564/3597/3345 4565/3600/3348 4568/3603/3351 4567/3601/3349
f 206/3531/3271 1707/3604/3342 4560/3595/3343 1683/3532/3284
f 1707/3604/3342 1708/3605/3341 4561/3596/3344 4560/3595/3343
f 1708/3605/3341 1709/3606/3340 4562/3599/3347 4561/3596/3344
f 1709/3606/3340 211/3607/3339 1710/3608/3352 4562/3599/3347
f 4562/3599/3347 1710/3608/3352 1711/3609/3353 4565/3600/3348
f 4565/3600/3348 1711/3609/3353 1712/3610/3354 4568/3603/3351
f 4568/3603/3351 1712/3610/3354 213/3611/3355 1715/3612/3356
f 4567/3601/3349 4568/3603/3351 1715/3612/3356 1714/3613/3357
f 4566/3602/3350 4567/3601/3349 1714/3613/3357 1713/3614/3358
f 1685/3534/3286 4566/3602/3350 1713/3614/3358 208/3535/3287
f 1684/3533/3285 4563/3598/3346 4566/3602/3350 1685/3534/3286
f 1683/3532/3284 4560/3595/3343 4563/3598/3346 1684/3533/3285
f 4569/3615/3359 4570/3616/3360 4573/3617/3361 4572/3618/3362
f 4570/3616/3360 4571/3619/3363 4574/3620/3364 4573/3617/3361
f 4572/3618/3362 4573/3617/3361 4576/3621/3365 4575/3622/3366
f 4573/3617/3361 4574/3620/3364 4577/3623/3367 4576/3621/3365
f 209/3551/3303 1716/3624/3368 4569/3615/3359 1694/3552/3304
f 1716/3624/3368 1717/3625/3369 4570/3616/3360 4569/3615/3359
f 1717/3625/3369 1718/3626/3370 4571/3619/3363 4570/3616/3360
f 1718/3626/3370 214/3627/3371 1721/3628/3372 4571/3619/3363
f 4571/3619/3363 1721/3628/3372 1720/3629/3373 4574/3620/3364
f 4574/3620/3364 1720/3629/3373 1719/3630/3374 4577/3623/3367
f 4577/3623/3367 1719/3630/3374 212/3587/3335 1703/3586/3334
f 4576/3621/3365 4577/3623/3367 1703/3586/3334 1702/3585/3333
f 4575/3622/3366 4576/3621/3365 1702/3585/3333 1701/3584/3332
f 1692/3554/3306 4575/3622/3366 1701/3584/3332 207/3511/3267
f 1693/3553/3305 4572/3618/3362 4575/3622/3366 1692/3554/3306
f 1694/3552/3304 4569/3615/3359 4572/3618/3362 1693/3553/3305
f 4578/3631/3375 4579/3632/3376 4582/3633/3377 4581/3634/3378
f 4579/3632/3376 4580/3635/3379 4583/3636/3380 4582/3633/3377
f 4581/3634/3378 4582/3633/3377 4585/3637/3381 4584/3638/3382
f 4582/3633/3377 4583/3636/3380 4586/3639/3383 4585/3637/3381
f 210/3567/3319 1722/3640/3384 4578/3631/3375 1700/3568/3320
f 1722/3640/3384 1723/3641/3385 4579/3632/3376 4578/3631/3375
f 1723/3641/3385 1724/3642/3386 4580/3635/3379 4579/3632/3376
f 1724/3642/3386 215/3643/3387 1727/3644/3388 4580/3635/3379
f 4580/3635/3379 1727/3644/3388 1726/3645/3389 4583/3636/3380
f 4583/3636/3380 1726/3645/3389 1725/3646/3390 4586/3639/3383
f 4586/3639/3383 1725/3646/3390 214/3647/3371 1718/3648/3370
f 4585/3637/3381 4586/3639/3383 1718/3648/3370 1717/3649/3369
f 4584/3638/3382 4585/3637/3381 1717/3649/3369 1716/3650/3368
f 1698/3570/3322 4584/3638/3382 1716/3650/3368 209/3571/3303
f 1699/3569/3321 4581/3634/3378 4584/3638/3382 1698/3570/3322
f 1700/3568/3320 4578/3631/3375 4581/3634/3378 1699/3569/3321
f 4587/3651/3391 4588/3652/3392 4591/3653/3393 4590/3654/3394
f 4588/3652/3392 4589/3655/3395 4592/3656/3396 4591/3653/3393
f 4590/3654/3394 4591/3653/3393 4594/3657/3397 4593/3658/3398
f 4591/3653/3393 4592/3656/3396 4595/3659/3399 4594/3657/3397
f 212/3587/3335 1728/3660/3400 4587/3651/3391 1706/3588/3336
f 1728/3660/3400 1729/3661/3401 4588/3652/3392 4587/3651/3391
f 1729/3661/3401 1730/3662/3402 4589/3655/3395 4588/3652/3392
f 1730/3662/3402 217/3663/3403 1733/3664/3404 4589/3655/3395
f 4589/3655/3395 1733/3664/3404 1732/3665/3405 4592/3656/3396
f 4592/3656/3396 1732/3665/3405 1731/3666/3406 4595/3659/3399
f 4595/3659/3399 1731/3666/3406 216/3667/3407 1736/3668/3408
f 4594/3657/3397 4595/3659/3399 1736/3668/3408 1735/3669/3409
f 4593/3658/3398 4594/3657/3397 1735/3669/3409 1734/3670/3410
f 1704/3590/3338 4593/3658/3398 1734/3670/3410 211/3591/3339
f 1705/3589/3337 4590/3654/3394 4593/3658/3398 1704/3590/3338
f 1706/3588/3336 4587/3651/3391 4590/3654/3394 1705/3589/3337
f 4596/3671/3411 4597/3672/3412 4600/3673/3413 4599/3674/3414
f 4597/3672/3412 4598/3675/3415 4601/3676/3416 4600/3673/3413
f 4599/3674/3414 4600/3673/3413 4603/3677/3417 4602/3678/3418
f 4600/3673/3413 4601/3676/3416 4604/3679/3419 4603/3677/3417
f 211/3607/3339 1734/3680/3410 4596/3671/3411 1710/3608/3352
f 1734/3680/3410 1735/3681/3409 4597/3672/3412 4596/3671/3411
f 1735/3681/3409 1736/3682/3408 4598/3675/3415 4597/3672/3412
f 1736/3682/3408 216/3683/3407 1737/3684/3420 4598/3675/3415
f 4598/3675/3415 1737/3684/3420 1738/3685/3421 4601/3676/3416
f 4601/3676/3416 1738/3685/3421 1739/3686/3422 4604/3679/3419
f 4604/3679/3419 1739/3686/3422 218/3687/3423 1742/3688/3424
f 4603/3677/3417 4604/3679/3419 1742/3688/3424 1741/3689/3425
f 4602/3678/3418 4603/3677/3417 1741/3689/3425 1740/3690/3426
f 1712/3610/3354 4602/3678/3418 1740/3690/3426 213/3611/3355
f 1711/3609/3353 4599/3674/3414 4602/3678/3418 1712/3610/3354
f 1710/3608/3352 4596/3671/3411 4599/3674/3414 1711/3609/3353
f 4605/3691/3427 4606/3692/3428 4609/3693/3429 4608/3694/3430
f 4606/3692/3428 4607/3695/3431 4610/3696/3432 4609/3693/3429
f 4608/3694/3430 4609/3693/3429 4612/3697/3433 4611/3698/3434
f 4609/3693/3429 4610/3696/3432 4613/3699/3435 4612/3697/3433
f 214/3627/3371 1743/3700/3436 4605/3691/3427 1721/3628/3372
f 1743/3700/3436 1744/3701/3437 4606/3692/3428 4605/3691/3427
f 1744/3701/3437 1745/3702/3438 4607/3695/3431 4606/3692/3428
f 1745/3702/3438 219/3703/3439 1748/3704/3440 4607/3695/3431
f 4607/3695/3431 1748/3704/3440 1747/3705/3441 4610/3696/3432
f 4610/3696/3432 1747/3705/3441 1746/3706/3442 4613/3699/3435
f 4613/3699/3435 1746/3706/3442 217/3663/3403 1730/3662/3402
f 4612/3697/3433 4613/3699/3435 1730/3662/3402 1729/3661/3401
f 4611/3698/3434 4612/3697/3433 1729/3661/3401 1728/3660/3400
f 1719/3630/3374 4611/3698/3434 1728/3660/3400 212/3587/3335
f 1720/3629/3373 4608/3694/3430 4611/3698/3434 1719/3630/3374
f 1721/3628/3372 4605/3691/3427 4608/3694/3430 1720/3629/3373
f 4614/3707/3443 4615/3708/3444 4618/3709/3445 4617/3710/3446
f 4615/3708/3444 4616/3711/3447 4619/3712/3448 4618/3709/3445
f 4617/3710/3446 4618/3709/3445 4621/3713/3449 4620/3714/3450
f 4618/3709/3445 4619/3712/3448 4622/3715/3451 4621/3713/3449
f 215/3643/3387 1749/3716/3452 4614/3707/3443 1727/3644/3388
f 1749/3716/3452 1750/3717/3453 4615/3708/3444 4614/3707/3443
f 1750/3717/3453 1751/3718/3454 4616/3711/3447 4615/3708/3444
f 1751/3718/3454 220/3719/3455 1754/3720/3456 4616/3711/3447
f 4616/3711/3447 1754/3720/3456 1753/3721/3457 4619/3712/3448
f 4619/3712/3448 1753/3721/3457 1752/3722/3458 4622/3715/3451
f 4622/3715/3451 1752/3722/3458 219/3723/3439 1745/3724/3438
f 4621/3713/3449 4622/3715/3451 1745/3724/3438 1744/3725/3437
f 4620/3714/3450 4621/3713/3449 1744/3725/3437 1743/3726/3436
f 1725/3646/3390 4620/3714/3450 1743/3726/3436 214/3647/3371
f 1726/3645/3389 4617/3710/3446 4620/3714/3450 1725/3646/3390
f 1727/3644/3388 4614/3707/3443 4617/3710/3446 1726/3645/3389
f 4623/3727/3459 4624/3728/3460 4627/3729/3461 4626/3730/3462
f 4624/3728/3460 4625/3731/3463 4628/3732/3464 4627/3729/3461
f 4626/3730/3462 4627/3729/3461 4630/3733/3465 4629/3734/3466
f 4627/3729/3461 4628/3732/3464 4631/3735/3467 4630/3733/3465
f 216/3683/3407 1755/3736/3468 4623/3727/3459 1737/3684/3420
f 1755/3736/3468 1756/3737/3469 4624/3728/3460 4623/3727/3459
f 1756/3737/3469 1757/3738/3470 4625/3731/3463 4624/3728/3460
f 1757/3738/3470 222/3739/3471 1760/3740/3472 4625/3731/3463
f 4625/3731/3463 1760/3740/3472 1759/3741/3473 4628/3732/3464
f 4628/3732/3464 1759/3741/3473 1758/3742/3474 4631/3735/3467
f 4631/3735/3467 1758/3742/3474 221/3743/3475 1763/3744/3476
f 4630/3733/3465 4631/3735/3467 1763/3744/3476 1762/3745/3477
f 4629/3734/3466 4630/3733/3465 1762/3745/3477 1761/3746/3478
f 1739/3686/3422 4629/3734/3466 1761/3746/3478 218/3687/3423
f 1738/3685/3421 4626/3730/3462 4629/3734/3466 1739/3686/3422
f 1737/3684/3420 4623/3727/3459 4626/3730/3462 1738/3685/3421
f 4632/3747/3479 4633/3748/3480 4636/3749/3481 4635/3750/3482
f 4633/3748/3480 4634/3751/3483 4637/3752/3484 4636/3749/3481
f 4635/3750/3482 4636/3749/3481 4639/3753/3485 4638/3754/3486
f 4636/3749/3481 4637/3752/3484 4640/3755/3487 4639/3753/3485
f 220/3719/3455 1764/3756/3488 4632/3747/3479 1754/3720/3456
f 1764/3756/3488 1765/3757/3489 4633/3748/3480 4632/3747/3479
f 1765/3757/3489 1766/3758/3490 4634/3751/3483 4633/3748/3480
f 1766/3758/3490 224/3759/3491 1769/3760/3492 4634/3751/3483
f 4634/3751/3483 1769/3760/3492 1768/3761/3493 4637/3752/3484
f 4637/3752/3484 1768/3761/3493 1767/3762/3494 4640/3755/3487
f 4640/3755/3487 1767/3762/3494 223/3763/3495 1772/3764/3496
f 4639/3753/3485 4640/3755/3487 1772/3764/3496 1771/3765/3497
f 4638/3754/3486 4639/3753/3485 1771/3765/3497 1770/3766/3498
f 1752/3722/3458 4638/3754/3486 1770/3766/3498 219/3723/3439
f 1753/3721/3457 4635/3750/3482 4638/3754/3486 1752/3722/3458
f 1754/3720/3456 4632/3747/3479 4635/3750/3482 1753/3721/3457
f 4641/3767/3499 4642/3768/3500 4645/3769/3501 4644/3770/3502
f 4642/3768/3500 4643/3771/3503 4646/3772/3504 4645/3769/3501
f 4644/3770/3502 4645/3769/3501 4648/3773/3505 4647/3774/3506
f 4645/3769/3501 4646/3772/3504 4649/3775/3507 4648/3773/3505
f 224/3759/3491 1766/3758/3490 4641/3767/3499 1773/3776/3508
f 1766/3758/3490 1765/3757/3489 4642/3768/3500 4641/3767/3499
f 1765/3757/3489 1764/3756/3488 4643/3771/3503 4642/3768/3500
f 1764/3756/3488 220/3719/3455 1776/3777/3509 4643/3771/3503
f 4643/3771/3503 1776/3777/3509 1777/3778/3510 4646/3772/3504
f 4646/3772/3504 1777/3778/3510 1778/3779/3511 4649/3775/3507
f 4649/3775/3507 1778/3779/3511 226/3780/3512 1781/3781/3513
f 4648/3773/3505 4649/3775/3507 1781/3781/3513 1780/3782/3514
f 4647/3774/3506 4648/3773/3505 1780/3782/3514 1779/3783/3515
f 1775/3784/3516 4647/3774/3506 1779/3783/3515 225/3785/3517
f 1774/3786/3518 4644/3770/3502 4647/3774/3506 1775/3784/3516
f 1773/3776/3508 4641/3767/3499 4644/3770/3502 1774/3786/3518
f 4650/3787/3519 4651/3788/3520 4654/3789/3521 4653/3790/3522
f 4651/3788/3520 4652/3791/3523 4655/3792/3524 4654/3789/3521
f 4653/3790/3522 4654/3789/3521 4657/3793/3525 4656/3794/3526
f 4654/3789/3521 4655/3792/3524 4658/3795/3527 4657/3793/3525
f 226/3780/3512 1778/3779/3511 4650/3787/3519 1782/3796/3528
f 1778/3779/3511 1777/3778/3510 4651/3788/3520 4650/3787/3519
f 1777/3778/3510 1776/3777/3509 4652/3791/3523 4651/3788/3520
f 1776/3777/3509 220/3719/3455 1751/3718/3454 4652/3791/3523
f 4652/3791/3523 1751/3718/3454 1750/3717/3453 4655/3792/3524
f 4655/3792/3524 1750/3717/3453 1749/3716/3452 4658/3795/3527
f 4658/3795/3527 1749/3716/3452 215/3643/3387 1785/3797/3529
f 4657/3793/3525 4658/3795/3527 1785/3797/3529 1786/3798/3530
f 4656/3794/3526 4657/3793/3525 1786/3798/3530 1787/3799/3531
f 1784/3800/3532 4656/3794/3526 1787/3799/3531 227/3801/3533
f 1783/3802/3534 4653/3790/3522 4656/3794/3526 1784/3800/3532
f 1782/3796/3528 4650/3787/3519 4653/3790/3522 1783/3802/3534
f 4659/3803/3535 4660/3804/3536 4663/3805/3537 4662/3806/3538
f 4660/3804/3536 4661/3807/3539 4664/3808/3540 4663/3805/3537
f 4662/3806/3538 4663/3805/3537 4666/3809/3541 4665/3810/3542
f 4663/3805/3537 4664/3808/3540 4667/3811/3543 4666/3809/3541
f 227/3801/3533 1787/3799/3531 4659/3803/3535 1788/3812/3544
f 1787/3799/3531 1786/3798/3530 4660/3804/3536 4659/3803/3535
f 1786/3798/3530 1785/3797/3529 4661/3807/3539 4660/3804/3536
f 1785/3797/3529 215/3643/3387 1724/3642/3386 4661/3807/3539
f 4661/3807/3539 1724/3642/3386 1723/3641/3385 4664/3808/3540
f 4664/3808/3540 1723/3641/3385 1722/3640/3384 4667/3811/3543
f 4667/3811/3543 1722/3640/3384 210/3567/3319 1791/3813/3545
f 4666/3809/3541 4667/3811/3543 1791/3813/3545 1792/3814/3546
f 4665/3810/3542 4666/3809/3541 1792/3814/3546 1793/3815/3547
f 1790/3816/3548 4665/3810/3542 1793/3815/3547 228/3817/3549
f 1789/3818/3550 4662/3806/3538 4665/3810/3542 1790/3816/3548
f 1788/3812/3544 4659/3803/3535 4662/3806/3538 1789/3818/3550
f 4668/3819/3551 4669/3820/3552 4672/3821/3553 4671/3822/3554
f 4669/3820/3552 4670/3823/3555 4673/3824/3556 4672/3821/3553
f 4671/3822/3554 4672/3821/3553 4675/3825/3557 4674/3826/3558
f 4672/3821/3553 4673/3824/3556 4676/3827/3559 4675/3825/3557
f 228/3817/3549 1793/3815/3547 4668/3819/3551 1794/3828/3560
f 1793/3815/3547 1792/3814/3546 4669/3820/3552 4668/3819/3551
f 1792/3814/3546 1791/3813/3545 4670/3823/3555 4669/3820/3552
f 1791/3813/3545 210/3567/3319 1697/3566/3318 4670/3823/3555
f 4670/3823/3555 1697/3566/3318 1696/3565/3317 4673/3824/3556
f 4673/3824/3556 1696/3565/3317 1695/3564/3316 4676/3827/3559
f 4676/3827/3559 1695/3564/3316 205/3491/3251 1797/3829/3561
f 4675/3825/3557 4676/3827/3559 1797/3829/3561 1798/3830/3562
f 4674/3826/3558 4675/3825/3557 1798/3830/3562 1799/3831/3563
f 1796/3832/3564 4674/3826/3558 1799/3831/3563 229/3833/3565
f 1795/3834/3566 4671/3822/3554 4674/3826/3558 1796/3832/3564
f 1794/3828/3560 4668/3819/3551 4671/3822/3554 1795/3834/3566
f 4677/3835/3567 4678/3836/3568 4681/3837/3569 4680/3838/3570
f 4678/3836/3568 4679/3839/3571 4682/3840/3572 4681/3837/3569
f 4680/3838/3570 4681/3837/3569 4684/3841/3573 4683/3842/3574
f 4681/3837/3569 4682/3840/3572 4685/3843/3575 4684/3841/3573
f 229/3833/3565 1799/3831/3563 4677/3835/3567 1800/3844/3576
f 1799/3831/3563 1798/3830/3562 4678/3836/3568 4677/3835/3567
f 1798/3830/3562 1797/3829/3561 4679/3839/3571 4678/3836/3568
f 1797/3829/3561 205/3491/3251 1670/3490/3250 4679/3839/3571
f 4679/3839/3571 1670/3490/3250 1669/3489/3249 4682/3840/3572
f 4682/3840/3572 1669/3489/3249 1668/3488/3248 4685/3843/3575
f 4685/3843/3575 1668/3488/3248 204/3415/3183 1803/3845/3577
f 4684/3841/3573 4685/3843/3575 1803/3845/3577 1804/3846/3578
f 4683/3842/3574 4684/3841/3573 1804/3846/3578 1805/3847/3579
f 1802/3848/3580 4683/3842/3574 1805/3847/3579 230/3849/3581
f 1801/3850/3582 4680/3838/3570 4683/3842/3574 1802/3848/3580
f 1800/3844/3576 4677/3835/3567 4680/3838/3570 1801/3850/3582
f 4686/3851/3583 4687/3852/3584 4690/3853/3585 4689/3854/3586
f 4687/3852/3584 4688/3855/3587 4691/3856/3588 4690/3853/3585
f 4689/3854/3586 4690/3853/3585 4693/3857/3589 4692/3858/3590
f 4690/3853/3585 4691/3856/3588 4694/3859/3591 4693/3857/3589
f 230/3849/3581 1805/3847/3579 4686/3851/3583 1806/3860/3592
f 1805/3847/3579 1804/3846/3578 4687/3852/3584 4686/3851/3583
f 1804/3846/3578 1803/3845/3577 4688/3855/3587 4687/3852/3584
f 1803/3845/3577 204/3415/3183 1643/3414/3182 4688/3855/3587
f 4688/3855/3587 1643/3414/3182 1642/3413/3181 4691/3856/3588
f 4691/3856/3588 1642/3413/3181 1641/3412/3180 4694/3859/3591
f 4694/3859/3591 1641/3412/3180 199/3336/3113 1809/3861/3593
f 4693/3857/3589 4694/3859/3591 1809/3861/3593 1810/3862/3594
f 4692/3858/3590 4693/3857/3589 1810/3862/3594 1811/3863/3595
f 1808/3864/3596 4692/3858/3590 1811/3863/3595 231/3865/3597
f 1807/3866/3598 4689/3854/3586 4692/3858/3590 1808/3864/3596
f 1806/3860/3592 4686/3851/3583 4689/3854/3586 1807/3866/3598
f 4695/3867/3599 4696/3868/3600 4699/3869/3601 4698/3870/3602
f 4696/3868/3600 4697/3871/3603 4700/3872/3604 4699/3869/3601
f 4698/3870/3602 4699/3869/3601 4702/3873/3605 4701/3874/3606
f 4699/3869/3601 4700/3872/3604 4703/3875/3607 4702/3873/3605
f 231/3865/3597 1811/3863/3595 4695/3867/3599 1812/3876/3608
f 1811/3863/3595 1810/3862/3594 4696/3868/3600 4695/3867/3599
f 1810/3862/3594 1809/3861/3593 4697/3871/3603 4696/3868/3600
f 1809/3861/3593 199/3336/3113 1616/3335/3112 4697/3871/3603
f 4697/3871/3603 1616/3335/3112 1615/3334/3111 4700/3872/3604
f 4700/3872/3604 1615/3334/3111 1614/3332/3109 4703/3875/3607
f 4703/3875/3607 1614/3332/3109 194/3331/3108 1815/3877/3609
f 4702/3873/3605 4703/3875/3607 1815/3877/3609 1816/3878/3610
f 4701/3874/3606 4702/3873/3605 1816/3878/3610 1817/3879/3611
f 1814/3880/3612 4701/3874/3606 1817/3879/3611 232/3881/3613
f 1813/3882/3614 4698/3870/3602 4701/3874/3606 1814/3880/3612
f 1812/3876/3608 4695/3867/3599 4698/3870/3602 1813/3882/3614
f 4704/3883/3615 4705/3884/3616 4708/3885/3617 4707/3886/3618
f 4705/3884/3616 4706/3887/3619 4709/3888/3620 4708/3885/3617
f 4707/3886/3618 4708/3885/3617 4711/3889/3621 4710/3890/3622
f 4708/3885/3617 4709/3888/3620 4712/3891/3623 4711/3889/3621
f 194/3331/3108 1820/3892/3624 4704/3883/3615 1815/3877/3609
f 1820/3892/3624 1819/3893/3625 4705/3884/3616 4704/3883/3615
f 1819/3893/3625 1818/3894/3626 4706/3887/3619 4705/3884/3616
f 1818/3894/3626 188/3264/3045 1821/3895/3627 4706/3887/3619
f 4706/3887/3619 1821/3895/3627 1822/3896/3628 4709/3888/3620
f 4709/3888/3620 1822/3896/3628 1823/3897/3629 4712/3891/3623
f 4712/3891/3623 1823/3897/3629 233/3898/3630 1826/3899/3631
f 4711/3889/3621 4712/3891/3623 1826/3899/3631 1825/3900/3632
f 4710/3890/3622 4711/3889/3621 1825/3900/3632 1824/3901/3633
f 1817/3879/3611 4710/3890/3622 1824/3901/3633 232/3881/3613
f 1816/3878/3610 4707/3886/3618 4710/3890/3622 1817/3879/3611
f 1815/3877/3609 4704/3883/3615 4707/3886/3618 1816/3878/3610
f 4713/3902/3634 4714/3903/3635 4717/3904/3636 4716/3905/3637
f 4714/3903/3635 4715/3906/3638 4718/3907/3639 4717/3904/3636
f 4716/3905/3637 4717/3904/3636 4720/3908/3640 4719/3909/3641
f 4717/3904/3636 4718/3907/3639 4721/3910/3642 4720/3908/3640
f 221/3743/3475 1758/3742/3474 4713/3902/3634 1827/3911/3643
f 1758/3742/3474 1759/3741/3473 4714/3903/3635 4713/3902/3634
f 1759/3741/3473 1760/3740/3472 4715/3906/3638 4714/3903/3635
f 1760/3740/3472 222/3739/3471 1830/3912/3644 4715/3906/3638
f 4715/3906/3638 1830/3912/3644 1831/3913/3645 4718/3907/3639
f 4718/3907/3639 1831/3913/3645 1832/3914/3646 4721/3910/3642
f 4721/3910/3642 1832/3914/3646 234/3915/3647 1835/3916/3648
f 4720/3908/3640 4721/3910/3642 1835/3916/3648 1834/3917/3649
f 4719/3909/3641 4720/3908/3640 1834/3917/3649 1833/3918/3650
f 1829/3919/3651 4719/3909/3641 1833/3918/3650 225/3785/3517
f 1828/3920/3652 4716/3905/3637 4719/3909/3641 1829/3919/3651
f 1827/3911/3643 4713/3902/3634 4716/3905/3637 1828/3920/3652
f 4722/3921/3653 4723/3922/3654 4726/3923/3655 4725/3924/3656
f 4723/3922/3654 4724/3925/3657 4727/3926/3658 4726/3923/3655
f 4725/3924/3656 4726/3923/3655 4729/3927/3659 4728/3928/3660
f 4726/3923/3655 4727/3926/3658 4730/3929/3661 4729/3927/3659
f 235/3930/3662 1839/3931/3663 4722/3921/3653 1838/3932/3664
f 1839/3931/3663 1840/3933/3665 4723/3922/3654 4722/3921/3653
f 1840/3933/3665 1841/3934/3666 4724/3925/3657 4723/3922/3654
f 1841/3934/3666 236/3935/3667 1844/3936/3668 4724/3925/3657
f 4724/3925/3657 1844/3936/3668 1843/3937/3669 4727/3926/3658
f 4727/3926/3658 1843/3937/3669 1842/3938/3670 4730/3929/3661
f 4730/3929/3661 1842/3938/3670 217/3663/3403 1746/3706/3442
f 4729/3927/3659 4730/3929/3661 1746/3706/3442 1747/3705/3441
f 4728/3928/3660 4729/3927/3659 1747/3705/3441 1748/3704/3440
f 1836/3939/3671 4728/3928/3660 1748/3704/3440 219/3703/3439
f 1837/3940/3672 4725/3924/3656 4728/3928/3660 1836/3939/3671
f 1838/3932/3664 4722/3921/3653 4725/3924/3656 1837/3940/3672
f 4731/3941/3673 4732/3942/3674 4735/3943/3675 4734/3944/3676
f 4732/3942/3674 4733/3945/3677 4736/3946/3678 4735/3943/3675
f 4734/3944/3676 4735/3943/3675 4738/3947/3679 4737/3948/3680
f 4735/3943/3675 4736/3946/3678 4739/3949/3681 4738/3947/3679
f 237/3950/3682 1850/3951/3683 4731/3941/3673 1847/3952/3684
f 1850/3951/3683 1849/3953/3685 4732/3942/3674 4731/3941/3673
f 1849/3953/3685 1848/3954/3686 4733/3945/3677 4732/3942/3674
f 1848/3954/3686 216/3667/3407 1731/3666/3406 4733/3945/3677
f 4733/3945/3677 1731/3666/3406 1732/3665/3405 4736/3946/3678
f 4736/3946/3678 1732/3665/3405 1733/3664/3404 4739/3949/3681
f 4739/3949/3681 1733/3664/3404 217/3663/3403 1842/3938/3670
f 4738/3947/3679 4739/3949/3681 1842/3938/3670 1843/3937/3669
f 4737/3948/3680 4738/3947/3679 1843/3937/3669 1844/3936/3668
f 1845/3955/3687 4737/3948/3680 1844/3936/3668 236/3935/3667
f 1846/3956/3688 4734/3944/3676 4737/3948/3680 1845/3955/3687
f 1847/3952/3684 4731/3941/3673 4734/3944/3676 1846/3956/3688
f 4740/3957/3689 4741/3958/3690 4744/3959/3691 4743/3960/3692
f 4741/3958/3690 4742/3961/3693 4745/3962/3694 4744/3959/3691
f 4743/3960/3692 4744/3959/3691 4747/3963/3695 4746/3964/3696
f 4744/3959/3691 4745/3962/3694 4748/3965/3697 4747/3963/3695
f 238/3966/3698 1856/3967/3699 4740/3957/3689 1851/3968/3700
f 1856/3967/3699 1855/3969/3701 4741/3958/3690 4740/3957/3689
f 1855/3969/3701 1854/3970/3702 4742/3961/3693 4741/3958/3690
f 1854/3970/3702 223/3971/3495 1857/3972/3703 4742/3961/3693
f 4742/3961/3693 1857/3972/3703 1858/3973/3704 4745/3962/3694
f 4745/3962/3694 1858/3973/3704 1859/3974/3705 4748/3965/3697
f 4748/3965/3697 1859/3974/3705 234/3975/3647 1860/3976/3706
f 4747/3963/3695 4748/3965/3697 1860/3976/3706 1861/3977/3707
f 4746/3964/3696 4747/3963/3695 1861/3977/3707 1862/3978/3708
f 1853/3979/3709 4746/3964/3696 1862/3978/3708 239/3980/3710
f 1852/3981/3711 4743/3960/3692 4746/3964/3696 1853/3979/3709
f 1851/3968/3700 4740/3957/3689 4743/3960/3692 1852/3981/3711
f 4749/3982/3712 4750/3983/3713 4753/3984/3714 4752/3985/3715
f 4750/3983/3713 4751/3986/3716 4754/3987/3717 4753/3984/3714
f 4752/3985/3715 4753/3984/3714 4756/3988/3718 4755/3989/3719
f 4753/3984/3714 4754/3987/3717 4757/3990/3720 4756/3988/3718
f 240/3991/3721 1868/3992/3722 4749/3982/3712 1865/3993/3723
f 1868/3992/3722 1867/3994/3724 4750/3983/3713 4749/3982/3712
f 1867/3994/3724 1866/3995/3725 4751/3986/3716 4750/3983/3713
f 1866/3995/3725 237/3950/3682 1847/3952/3684 4751/3986/3716
f 4751/3986/3716 1847/3952/3684 1846/3956/3688 4754/3987/3717
f 4754/3987/3717 1846/3956/3688 1845/3955/3687 4757/3990/3720
f 4757/3990/3720 1845/3955/3687 236/3935/3667 1869/3996/3726
f 4756/3988/3718 4757/3990/3720 1869/3996/3726 1870/3997/3727
f 4755/3989/3719 4756/3988/3718 1870/3997/3727 1871/3998/3728
f 1863/3999/3729 4755/3989/3719 1871/3998/3728 239/3980/3710
f 1864/4000/3730 4752/3985/3715 4755/3989/3719 1863/3999/3729
f 1865/3993/3723 4749/3982/3712 4752/3985/3715 1864/4000/3730
f 4758/4001/3731 4759/4002/3732 4762/4003/3733 4761/4004/3734
f 4759/4002/3732 4760/4005/3735 4763/4006/3736 4762/4003/3733
f 4761/4004/3734 4762/4003/3733 4765/4007/3737 4764/4008/3738
f 4762/4003/3733 4763/4006/3736 4766/4009/3739 4765/4007/3737
f 239/3980/3710 1871/3998/3728 4758/4001/3731 1853/3979/3709
f 1871/3998/3728 1870/3997/3727 4759/4002/3732 4758/4001/3731
f 1870/3997/3727 1869/3996/3726 4760/4005/3735 4759/4002/3732
f 1869/3996/3726 236/3935/3667 1841/3934/3666 4760/4005/3735
f 4760/4005/3735 1841/3934/3666 1840/3933/3665 4763/4006/3736
f 4763/4006/3736 1840/3933/3665 1839/3931/3663 4766/4009/3739
f 4766/4009/3739 1839/3931/3663 235/3930/3662 1872/4010/3740
f 4765/4007/3737 4766/4009/3739 1872/4010/3740 1873/4011/3741
f 4764/4008/3738 4765/4007/3737 1873/4011/3741 1874/4012/3742
f 1851/3968/3700 4764/4008/3738 1874/4012/3742 238/3966/3698
f 1852/3981/3711 4761/4004/3734 4764/4008/3738 1851/3968/3700
f 1853/3979/3709 4758/4001/3731 4761/4004/3734 1852/3981/3711
f 4767/4013/3743 4768/4014/3744 4771/4015/3745 4770/4016/3746
f 4768/4014/3744 4769/4017/3747 4772/4018/3748 4771/4015/3745
f 4770/4016/3746 4771/4015/3745 4774/4019/3749 4773/4020/3750
f 4771/4015/3745 4772/4018/3748 4775/4021/3751 4774/4019/3749
f 235/3930/3662 1838/3932/3664 4767/4013/3743 1872/4010/3740
f 1838/3932/3664 1837/3940/3672 4768/4014/3744 4767/4013/3743
f 1837/3940/3672 1836/3939/3671 4769/4017/3747 4768/4014/3744
f 1836/3939/3671 219/3703/3439 1770/4022/3498 4769/4017/3747
f 4769/4017/3747 1770/4022/3498 1771/4023/3497 4772/4018/3748
f 4772/4018/3748 1771/4023/3497 1772/4024/3496 4775/4021/3751
f 4775/4021/3751 1772/4024/3496 223/3971/3495 1854/3970/3702
f 4774/4019/3749 4775/4021/3751 1854/3970/3702 1855/3969/3701
f 4773/4020/3750 4774/4019/3749 1855/3969/3701 1856/3967/3699
f 1874/4012/3742 4773/4020/3750 1856/3967/3699 238/3966/3698
f 1873/4011/3741 4770/4016/3746 4773/4020/3750 1874/4012/3742
f 1872/4010/3740 4767/4013/3743 4770/4016/3746 1873/4011/3741
f 4776/4025/3752 4777/4026/3753 4780/4027/3754 4779/4028/3755
f 4777/4026/3753 4778/4029/3756 4781/4030/3757 4780/4027/3754
f 4779/4028/3755 4780/4027/3754 4783/4031/3758 4782/4032/3759
f 4780/4027/3754 4781/4030/3757 4784/4033/3760 4783/4031/3758
f 237/3950/3682 1866/3995/3725 4776/4025/3752 1850/3951/3683
f 1866/3995/3725 1867/3994/3724 4777/4026/3753 4776/4025/3752
f 1867/3994/3724 1868/3992/3722 4778/4029/3756 4777/4026/3753
f 1868/3992/3722 240/3991/3721 1877/4034/3761 4778/4029/3756
f 4778/4029/3756 1877/4034/3761 1876/4035/3762 4781/4030/3757
f 4781/4030/3757 1876/4035/3762 1875/4036/3763 4784/4033/3760
f 4784/4033/3760 1875/4036/3763 222/4037/3471 1757/4038/3470
f 4783/4031/3758 4784/4033/3760 1757/4038/3470 1756/4039/3469
f 4782/4032/3759 4783/4031/3758 1756/4039/3469 1755/4040/3468
f 1848/3954/3686 4782/4032/3759 1755/4040/3468 216/3667/3407
f 1849/3953/3685 4779/4028/3755 4782/4032/3759 1848/3954/3686
f 1850/3951/3683 4776/4025/3752 4779/4028/3755 1849/3953/3685
f 4785/4041/3764 4786/4042/3765 4789/4043/3766 4788/4044/3767
f 4786/4042/3765 4787/4045/3768 4790/4046/3769 4789/4043/3766
f 4788/4044/3767 4789/4043/3766 4792/4047/3770 4791/4048/3771
f 4789/4043/3766 4790/4046/3769 4793/4049/3772 4792/4047/3770
f 186/3238/3020 1574/3237/3019 4785/4041/3764 1584/4050/3037
f 1574/3237/3019 1573/3236/3018 4786/4042/3765 4785/4041/3764
f 1573/3236/3018 1572/3235/3017 4787/4045/3768 4786/4042/3765
f 1572/3235/3017 182/3194/2981 1878/4051/3773 4787/4045/3768
f 4787/4045/3768 1878/4051/3773 1879/4052/3774 4790/4046/3769
f 4790/4046/3769 1879/4052/3774 1880/4053/3775 4793/4049/3772
f 4793/4049/3772 1880/4053/3775 241/1263/1185 917/1301/1223
f 4792/4047/3770 4793/4049/3772 917/1301/1223 916/1300/1222
f 4791/4048/3771 4792/4047/3770 916/1300/1222 915/1299/1221
f 1586/4054/3040 4791/4048/3771 915/1299/1221 187/1298/1220
f 1585/4055/3039 4788/4044/3767 4791/4048/3771 1586/4054/3040
f 1584/4050/3037 4785/4041/3764 4788/4044/3767 1585/4055/3039
f 4794/4056/3776 4795/4057/3777 4798/4058/3778 4797/4059/3779
f 4795/4057/3777 4796/4060/3780 4799/4061/3781 4798/4058/3778
f 4797/4059/3779 4798/4058/3778 4801/4062/3782 4800/4063/3783
f 4798/4058/3778 4799/4061/3781 4802/4064/3784 4801/4062/3782
f 182/3194/2981 1559/3193/2980 4794/4056/3776 1878/4051/3773
f 1559/3193/2980 1558/3192/2979 4795/4057/3777 4794/4056/3776
f 1558/3192/2979 1557/3191/2978 4796/4060/3780 4795/4057/3777
f 1557/3191/2978 179/3190/2977 1881/4065/3785 4796/4060/3780
f 4796/4060/3780 1881/4065/3785 1882/4066/3786 4799/4061/3781
f 4799/4061/3781 1882/4066/3786 1883/4067/3787 4802/4064/3784
f 4802/4064/3784 1883/4067/3787 242/1268/1190 905/1267/1189
f 4801/4062/3782 4802/4064/3784 905/1267/1189 904/1266/1188
f 4800/4063/3783 4801/4062/3782 904/1266/1188 903/1264/1186
f 1880/4053/3775 4800/4063/3783 903/1264/1186 241/1263/1185
f 1879/4052/3774 4797/4059/3779 4800/4063/3783 1880/4053/3775
f 1878/4051/3773 4794/4056/3776 4797/4059/3779 1879/4052/3774
f 4803/4068/3788 4804/4069/3789 4807/4070/3790 4806/4071/3791
f 4804/4069/3789 4805/4072/3792 4808/4073/3793 4807/4070/3790
f 4806/4071/3791 4807/4070/3790 4810/4074/3794 4809/4075/3795
f 4807/4070/3790 4808/4073/3793 4811/4076/3796 4810/4074/3794
f 242/1693/1190 1883/4077/3787 4803/4068/3788 1065/1694/1602
f 1883/4077/3787 1882/4078/3786 4804/4069/3789 4803/4068/3788
f 1882/4078/3786 1881/4079/3785 4805/4072/3792 4804/4069/3789
f 1881/4079/3785 179/3219/2977 1569/3218/3005 4805/4072/3792
f 4805/4072/3792 1569/3218/3005 1570/3217/3004 4808/4073/3793
f 4808/4073/3793 1570/3217/3004 1571/3216/3003 4811/4076/3796
f 4811/4076/3796 1571/3216/3003 183/3215/3002 1884/4080/3797
f 4810/4074/3794 4811/4076/3796 1884/4080/3797 1885/4081/3798
f 4809/4075/3795 4810/4074/3794 1885/4081/3798 1886/4082/3799
f 1067/1697/1604 4809/4075/3795 1886/4082/3799 243/1698/1605
f 1066/1696/1603 4806/4071/3791 4809/4075/3795 1067/1697/1604
f 1065/1694/1602 4803/4068/3788 4806/4071/3791 1066/1696/1603
f 4812/4083/3800 4813/4084/3801 4816/4085/3802 4815/4086/3803
f 4813/4084/3801 4814/4087/3804 4817/4088/3805 4816/4085/3802
f 4815/4086/3803 4816/4085/3802 4819/4089/3806 4818/4090/3807
f 4816/4085/3802 4817/4088/3805 4820/4091/3808 4819/4089/3806
f 221/3743/3475 1827/3911/3643 4812/4083/3800 1763/3744/3476
f 1827/3911/3643 1828/3920/3652 4813/4084/3801 4812/4083/3800
f 1828/3920/3652 1829/3919/3651 4814/4087/3804 4813/4084/3801
f 1829/3919/3651 225/3785/3517 1779/3783/3515 4814/4087/3804
f 4814/4087/3804 1779/3783/3515 1780/3782/3514 4817/4088/3805
f 4817/4088/3805 1780/3782/3514 1781/3781/3513 4820/4091/3808
f 4820/4091/3808 1781/3781/3513 226/3780/3512 1889/4092/3809
f 4819/4089/3806 4820/4091/3808 1889/4092/3809 1888/4093/3810
f 4818/4090/3807 4819/4089/3806 1888/4093/3810 1887/4094/3811
f 1761/3746/3478 4818/4090/3807 1887/4094/3811 218/3687/3423
f 1762/3745/3477 4815/4086/3803 4818/4090/3807 1761/3746/3478
f 1763/3744/3476 4812/4083/3800 4815/4086/3803 1762/3745/3477
f 4821/4095/3812 4822/4096/3813 4825/4097/3814 4824/4098/3815
f 4822/4096/3813 4823/4099/3816 4826/4100/3817 4825/4097/3814
f 4824/4098/3815 4825/4097/3814 4828/4101/3818 4827/4102/3819
f 4825/4097/3814 4826/4100/3817 4829/4103/3820 4828/4101/3818
f 218/3687/3423 1887/4094/3811 4821/4095/3812 1742/3688/3424
f 1887/4094/3811 1888/4093/3810 4822/4096/3813 4821/4095/3812
f 1888/4093/3810 1889/4092/3809 4823/4099/3816 4822/4096/3813
f 1889/4092/3809 226/3780/3512 1782/3796/3528 4823/4099/3816
f 4823/4099/3816 1782/3796/3528 1783/3802/3534 4826/4100/3817
f 4826/4100/3817 1783/3802/3534 1784/3800/3532 4829/4103/3820
f 4829/4103/3820 1784/3800/3532 227/3801/3533 1892/4104/3821
f 4828/4101/3818 4829/4103/3820 1892/4104/3821 1891/4105/3822
f 4827/4102/3819 4828/4101/3818 1891/4105/3822 1890/4106/3823
f 1740/3690/3426 4827/4102/3819 1890/4106/3823 213/3611/3355
f 1741/3689/3425 4824/4098/3815 4827/4102/3819 1740/3690/3426
f 1742/3688/3424 4821/4095/3812 4824/4098/3815 1741/3689/3425
f 4830/4107/3824 4831/4108/3825 4834/4109/3826 4833/4110/3827
f 4831/4108/3825 4832/4111/3828 4835/4112/3829 4834/4109/3826
f 4833/4110/3827 4834/4109/3826 4837/4113/3830 4836/4114/3831
f 4834/4109/3826 4835/4112/3829 4838/4115/3832 4837/4113/3830
f 213/3611/3355 1890/4106/3823 4830/4107/3824 1715/3612/3356
f 1890/4106/3823 1891/4105/3822 4831/4108/3825 4830/4107/3824
f 1891/4105/3822 1892/4104/3821 4832/4111/3828 4831/4108/3825
f 1892/4104/3821 227/3801/3533 1788/3812/3544 4832/4111/3828
f 4832/4111/3828 1788/3812/3544 1789/3818/3550 4835/4112/3829
f 4835/4112/3829 1789/3818/3550 1790/3816/3548 4838/4115/3832
f 4838/4115/3832 1790/3816/3548 228/3817/3549 1895/4116/3833
f 4837/4113/3830 4838/4115/3832 1895/4116/3833 1894/4117/3834
f 4836/4114/3831 4837/4113/3830 1894/4117/3834 1893/4118/3835
f 1713/3614/3358 4836/4114/3831 1893/4118/3835 208/3535/3287
f 1714/3613/3357 4833/4110/3827 4836/4114/3831 1713/3614/3358
f 1715/3612/3356 4830/4107/3824 4833/4110/3827 1714/3613/3357
f 4839/4119/3836 4840/4120/3837 4843/4121/3838 4842/4122/3839
f 4840/4120/3837 4841/4123/3840 4844/4124/3841 4843/4121/3838
f 4842/4122/3839 4843/4121/3838 4846/4125/3842 4845/4126/3843
f 4843/4121/3838 4844/4124/3841 4847/4127/3844 4846/4125/3842
f 208/3535/3287 1893/4118/3835 4839/4119/3836 1688/3536/3288
f 1893/4118/3835 1894/4117/3834 4840/4120/3837 4839/4119/3836
f 1894/4117/3834 1895/4116/3833 4841/4123/3840 4840/4120/3837
f 1895/4116/3833 228/3817/3549 1794/3828/3560 4841/4123/3840
f 4841/4123/3840 1794/3828/3560 1795/3834/3566 4844/4124/3841
f 4844/4124/3841 1795/3834/3566 1796/3832/3564 4847/4127/3844
f 4847/4127/3844 1796/3832/3564 229/3833/3565 1898/4128/3845
f 4846/4125/3842 4847/4127/3844 1898/4128/3845 1897/4129/3846
f 4845/4126/3843 4846/4125/3842 1897/4129/3846 1896/4130/3847
f 1686/3538/3290 4845/4126/3843 1896/4130/3847 202/3459/3219
f 1687/3537/3289 4842/4122/3839 4845/4126/3843 1686/3538/3290
f 1688/3536/3288 4839/4119/3836 4842/4122/3839 1687/3537/3289
f 4848/4131/3848 4849/4132/3849 4852/4133/3850 4851/4134/3851
f 4849/4132/3849 4850/4135/3852 4853/4136/3853 4852/4133/3850
f 4851/4134/3851 4852/4133/3850 4855/4137/3854 4854/4138/3855
f 4852/4133/3850 4853/4136/3853 4856/4139/3856 4855/4137/3854
f 202/3459/3219 1896/4130/3847 4848/4131/3848 1661/3460/3220
f 1896/4130/3847 1897/4129/3846 4849/4132/3849 4848/4131/3848
f 1897/4129/3846 1898/4128/3845 4850/4135/3852 4849/4132/3849
f 1898/4128/3845 229/3833/3565 1800/3844/3576 4850/4135/3852
f 4850/4135/3852 1800/3844/3576 1801/3850/3582 4853/4136/3853
f 4853/4136/3853 1801/3850/3582 1802/3848/3580 4856/4139/3856
f 4856/4139/3856 1802/3848/3580 230/3849/3581 1901/4140/3857
f 4855/4137/3854 4856/4139/3856 1901/4140/3857 1900/4141/3858
f 4854/4138/3855 4855/4137/3854 1900/4141/3858 1899/4142/3859
f 1659/3462/3222 4854/4138/3855 1899/4142/3859 197/3383/3151
f 1660/3461/3221 4851/4134/3851 4854/4138/3855 1659/3462/3222
f 1661/3460/3220 4848/4131/3848 4851/4134/3851 1660/3461/3221
f 4857/4143/3860 4858/4144/3861 4861/4145/3862 4860/4146/3863
f 4858/4144/3861 4859/4147/3864 4862/4148/3865 4861/4145/3862
f 4860/4146/3863 4861/4145/3862 4864/4149/3866 4863/4150/3867
f 4861/4145/3862 4862/4148/3865 4865/4151/3868 4864/4149/3866
f 197/3383/3151 1899/4142/3859 4857/4143/3860 1634/3384/3152
f 1899/4142/3859 1900/4141/3858 4858/4144/3861 4857/4143/3860
f 1900/4141/3858 1901/4140/3857 4859/4147/3864 4858/4144/3861
f 1901/4140/3857 230/3849/3581 1806/3860/3592 4859/4147/3864
f 4859/4147/3864 1806/3860/3592 1807/3866/3598 4862/4148/3865
f 4862/4148/3865 1807/3866/3598 1808/3864/3596 4865/4151/3868
f 4865/4151/3868 1808/3864/3596 231/3865/3597 1904/4152/3869
f 4864/4149/3866 4865/4151/3868 1904/4152/3869 1903/4153/3870
f 4863/4150/3867 4864/4149/3866 1903/4153/3870 1902/4154/3871
f 1632/3386/3154 4863/4150/3867 1902/4154/3871 192/3302/3079
f 1633/3385/3153 4860/4146/3863 4863/4150/3867 1632/3386/3154
f 1634/3384/3152 4857/4143/3860 4860/4146/3863 1633/3385/3153
f 4866/4155/3872 4867/4156/3873 4870/4157/3874 4869/4158/3875
f 4867/4156/3873 4868/4159/3876 4871/4160/3877 4870/4157/3874
f 4869/4158/3875 4870/4157/3874 4873/4161/3878 4872/4162/3879
f 4870/4157/3874 4871/4160/3877 4874/4163/3880 4873/4161/3878
f 192/3302/3079 1902/4154/3871 4866/4155/3872 1604/3303/3080
f 1902/4154/3871 1903/4153/3870 4867/4156/3873 4866/4155/3872
f 1903/4153/3870 1904/4152/3869 4868/4159/3876 4867/4156/3873
f 1904/4152/3869 231/3865/3597 1812/3876/3608 4868/4159/3876
f 4868/4159/3876 1812/3876/3608 1813/3882/3614 4871/4160/3877
f 4871/4160/3877 1813/3882/3614 1814/3880/3612 4874/4163/3880
f 4874/4163/3880 1814/3880/3612 232/3881/3613 1907/4164/3881
f 4873/4161/3878 4874/4163/3880 1907/4164/3881 1906/4165/3882
f 4872/4162/3879 4873/4161/3878 1906/4165/3882 1905/4166/3883
f 1602/3305/3082 4872/4162/3879 1905/4166/3883 184/3210/2997
f 1603/3304/3081 4869/4158/3875 4872/4162/3879 1602/3305/3082
f 1604/3303/3080 4866/4155/3872 4869/4158/3875 1603/3304/3081
f 4875/4167/3884 4876/4168/3885 4879/4169/3886 4878/4170/3887
f 4876/4168/3885 4877/4171/3888 4880/4172/3889 4879/4169/3886
f 4878/4170/3887 4879/4169/3886 4882/4173/3890 4881/4174/3891
f 4879/4169/3886 4880/4172/3889 4883/4175/3892 4882/4173/3890
f 232/3881/3613 1824/3901/3633 4875/4167/3884 1907/4164/3881
f 1824/3901/3633 1825/3900/3632 4876/4168/3885 4875/4167/3884
f 1825/3900/3632 1826/3899/3631 4877/4171/3888 4876/4168/3885
f 1826/3899/3631 233/3898/3630 1910/4176/3893 4877/4171/3888
f 4877/4171/3888 1910/4176/3893 1909/4177/3894 4880/4172/3889
f 4880/4172/3889 1909/4177/3894 1908/4178/3895 4883/4175/3892
f 4883/4175/3892 1908/4178/3895 183/3215/3002 1566/3214/3001
f 4882/4173/3890 4883/4175/3892 1566/3214/3001 1567/3213/3000
f 4881/4174/3891 4882/4173/3890 1567/3213/3000 1568/3211/2998
f 1905/4166/3883 4881/4174/3891 1568/3211/2998 184/3210/2997
f 1906/4165/3882 4878/4170/3887 4881/4174/3891 1905/4166/3883
f 1907/4164/3881 4875/4167/3884 4878/4170/3887 1906/4165/3882
f 4884/4179/3896 4885/4180/3897 4888/4181/3898 4887/4182/3899
f 4885/4180/3897 4886/4183/3900 4889/4184/3901 4888/4181/3898
f 4887/4182/3899 4888/4181/3898 4891/4185/3902 4890/4186/3903
f 4888/4181/3898 4889/4184/3901 4892/4187/3904 4891/4185/3902
f 224/3759/3491 1773/3776/3508 4884/4179/3896 1769/3760/3492
f 1773/3776/3508 1774/3786/3518 4885/4180/3897 4884/4179/3896
f 1774/3786/3518 1775/3784/3516 4886/4183/3900 4885/4180/3897
f 1775/3784/3516 225/3785/3517 1833/3918/3650 4886/4183/3900
f 4886/4183/3900 1833/3918/3650 1834/3917/3649 4889/4184/3901
f 4889/4184/3901 1834/3917/3649 1835/3916/3648 4892/4187/3904
f 4892/4187/3904 1835/3916/3648 234/3915/3647 1859/4188/3705
f 4891/4185/3902 4892/4187/3904 1859/4188/3705 1858/4189/3704
f 4890/4186/3903 4891/4185/3902 1858/4189/3704 1857/4190/3703
f 1767/3762/3494 4890/4186/3903 1857/4190/3703 223/3763/3495
f 1768/3761/3493 4887/4182/3899 4890/4186/3903 1767/3762/3494
f 1769/3760/3492 4884/4179/3896 4887/4182/3899 1768/3761/3493
f 4893/4191/3905 4894/4192/3906 4897/4193/3907 4896/4194/3908
f 4894/4192/3906 4895/4195/3909 4898/4196/3910 4897/4193/3907
f 4896/4194/3908 4897/4193/3907 4900/4197/3911 4899/4198/3912
f 4897/4193/3907 4898/4196/3910 4901/4199/3913 4900/4197/3911
f 240/3991/3721 1865/3993/3723 4893/4191/3905 1877/4034/3761
f 1865/3993/3723 1864/4000/3730 4894/4192/3906 4893/4191/3905
f 1864/4000/3730 1863/3999/3729 4895/4195/3909 4894/4192/3906
f 1863/3999/3729 239/3980/3710 1862/3978/3708 4895/4195/3909
f 4895/4195/3909 1862/3978/3708 1861/3977/3707 4898/4196/3910
f 4898/4196/3910 1861/3977/3707 1860/3976/3706 4901/4199/3913
f 4901/4199/3913 1860/3976/3706 234/3975/3647 1832/4200/3646
f 4900/4197/3911 4901/4199/3913 1832/4200/3646 1831/4201/3645
f 4899/4198/3912 4900/4197/3911 1831/4201/3645 1830/4202/3644
f 1875/4036/3763 4899/4198/3912 1830/4202/3644 222/4037/3471
f 1876/4035/3762 4896/4194/3908 4899/4198/3912 1875/4036/3763
f 1877/4034/3761 4893/4191/3905 4896/4194/3908 1876/4035/3762
f 4902/4203/3914 4903/4204/3915 4906/4205/3916 4905/4206/3917
f 4903/4204/3915 4904/4207/3918 4907/4208/3919 4906/4205/3916
f 4905/4206/3917 4906/4205/3916 4909/4209/3920 4908/4210/3921
f 4906/4205/3916 4907/4208/3919 4910/4211/3922 4909/4209/3920
f 186/3255/3020 1581/3257/3038 4902/4203/3914 1577/4212/3021
f 1581/3257/3038 1582/3265/3046 4903/4204/3915 4902/4203/3914
f 1582/3265/3046 1583/3263/3044 4904/4207/3918 4903/4204/3915
f 1583/3263/3044 188/3264/3045 1818/3894/3626 4904/4207/3918
f 4904/4207/3918 1818/3894/3626 1819/3893/3625 4907/4208/3919
f 4907/4208/3919 1819/3893/3625 1820/3892/3624 4910/4211/3922
f 4910/4211/3922 1820/3892/3624 194/3331/3108 1613/3333/3110
f 4909/4209/3920 4910/4211/3922 1613/3333/3110 1612/3346/3118
f 4908/4210/3921 4909/4209/3920 1612/3346/3118 1611/3344/3117
f 1575/4213/3023 4908/4210/3921 1611/3344/3117 185/3345/3024
f 1576/4214/3022 4905/4206/3917 4908/4210/3921 1575/4213/3023
f 1577/4212/3021 4902/4203/3914 4905/4206/3917 1576/4214/3022
f 4911/4215/3923 4912/4216/3924 4915/4217/3925 4914/4218/3926
f 4912/4216/3924 4913/4219/3927 4916/4220/3928 4915/4217/3925
f 4914/4218/3926 4915/4217/3925 4918/4221/3929 4917/4222/3930
f 4915/4217/3925 4916/4220/3928 4919/4223/3931 4918/4221/3929
f 243/1698/1605 1886/4082/3799 4911/4215/3923 1151/1915/1796
f 1886/4082/3799 1885/4081/3798 4912/4216/3924 4911/4215/3923
f 1885/4081/3798 1884/4080/3797 4913/4219/3927 4912/4216/3924
f 1884/4080/3797 183/3215/3002 1908/4178/3895 4913/4219/3927
f 4913/4219/3927 1908/4178/3895 1909/4177/3894 4916/4220/3928
f 4916/4220/3928 1909/4177/3894 1910/4176/3893 4919/4223/3931
f 4919/4223/3931 1910/4176/3893 233/3898/3630 1913/4224/3932
f 4918/4221/3929 4919/4223/3931 1913/4224/3932 1912/4225/3933
f 4917/4222/3930 4918/4221/3929 1912/4225/3933 1911/4226/3934
f 1149/1917/1798 4917/4222/3930 1911/4226/3934 95/1919/1800
f 1150/1916/1797 4914/4218/3926 4917/4222/3930 1149/1917/1798
f 1151/1915/1796 4911/4215/3923 4914/4218/3926 1150/1916/1797
f 4920/4227/3935 4921/4228/3936 4924/4229/3937 4923/4230/3938
f 4921/4228/3936 4922/4231/3939 4925/4232/3940 4924/4229/3937
f 4923/4230/3938 4924/4229/3937 4927/4233/3941 4926/4234/3942
f 4924/4229/3937 4925/4232/3940 4928/4235/3943 4927/4233/3941
f 95/1919/1800 1911/4226/3934 4920/4227/3935 1914/4236/3944
f 1911/4226/3934 1912/4225/3933 4921/4228/3936 4920/4227/3935
f 1912/4225/3933 1913/4224/3932 4922/4231/3939 4921/4228/3936
f 1913/4224/3932 233/3898/3630 1823/3897/3629 4922/4231/3939
f 4922/4231/3939 1823/3897/3629 1822/3896/3628 4925/4232/3940
f 4925/4232/3940 1822/3896/3628 1821/3895/3627 4928/4235/3943
f 4928/4235/3943 1821/3895/3627 188/3264/3045 1587/3262/3043
f 4927/4233/3941 4928/4235/3943 1587/3262/3043 1588/3261/3042
f 4926/4234/3942 4927/4233/3941 1588/3261/3042 1589/3260/3041
f 1916/4237/3945 4926/4234/3942 1589/3260/3041 189/1831/1722
f 1915/4238/3946 4923/4230/3938 4926/4234/3942 1916/4237/3945
f 1914/4236/3944 4920/4227/3935 4923/4230/3938 1915/4238/3946
f 4929/4239/3947 4930/4240/3948 4933/4241/3949 4932/4242/3950
f 4930/4240/3948 4931/4243/3951 4934/4244/3952 4933/4241/3949
f 4932/4242/3950 4933/4241/3949 4936/4245/3953 4935/4246/3954
f 4933/4241/3949 4934/4244/3952 4937/4247/3955 4936/4245/3953
f 245/4248/3956 1922/4249/3957 4929/4239/3947 1917/4250/3958
f 1922/4249/3957 1921/4251/3959 4930/4240/3948 4929/4239/3947
f 1921/4251/3959 1920/4252/3960 4931/4243/3951 4930/4240/3948
f 1920/4252/3960 244/4253/3961 1923/4254/3962 4931/4243/3951
f 4931/4243/3951 1923/4254/3962 1924/4255/3963 4934/4244/3952
f 4934/4244/3952 1924/4255/3963 1925/4256/3964 4937/4247/3955
f 4937/4247/3955 1925/4256/3964 247/4257/3965 1928/4258/3966
f 4936/4245/3953 4937/4247/3955 1928/4258/3966 1927/4259/3967
f 4935/4246/3954 4936/4245/3953 1927/4259/3967 1926/4260/3968
f 1919/4261/3969 4935/4246/3954 1926/4260/3968 246/4262/3970
f 1918/4263/3971 4932/4242/3950 4935/4246/3954 1919/4261/3969
f 1917/4250/3958 4929/4239/3947 4932/4242/3950 1918/4263/3971
f 4938/4264/3972 4939/4265/3973 4942/4266/3974 4941/4267/3975
f 4939/4265/3973 4940/4268/3976 4943/4269/3977 4942/4266/3974
f 4941/4267/3975 4942/4266/3974 4945/4270/3978 4944/4271/3979
f 4942/4266/3974 4943/4269/3977 4946/4272/3980 4945/4270/3978
f 249/4273/3981 1934/4274/3982 4938/4264/3972 1931/4275/3983
f 1934/4274/3982 1933/4276/3984 4939/4265/3973 4938/4264/3972
f 1933/4276/3984 1932/4277/3985 4940/4268/3976 4939/4265/3973
f 1932/4277/3985 248/4278/3986 1937/4279/3987 4940/4268/3976
f 4940/4268/3976 1937/4279/3987 1936/4280/3988 4943/4269/3977
f 4943/4269/3977 1936/4280/3988 1935/4281/3989 4946/4272/3980
f 4946/4272/3980 1935/4281/3989 244/4282/3961 1920/4283/3960
f 4945/4270/3978 4946/4272/3980 1920/4283/3960 1921/4284/3959
f 4944/4271/3979 4945/4270/3978 1921/4284/3959 1922/4285/3957
f 1929/4286/3990 4944/4271/3979 1922/4285/3957 245/4287/3956
f 1930/4288/3991 4941/4267/3975 4944/4271/3979 1929/4286/3990
f 1931/4275/3983 4938/4264/3972 4941/4267/3975 1930/4288/3991
f 4947/4289/3992 4948/4290/3993 4951/4291/3994 4950/4292/3995
f 4948/4290/3993 4949/4293/3996 4952/4294/3997 4951/4291/3994
f 4950/4292/3995 4951/4291/3994 4954/4295/3998 4953/4296/3999
f 4951/4291/3994 4952/4294/3997 4955/4297/4000 4954/4295/3998
f 247/4257/3965 1938/4298/4001 4947/4289/3992 1928/4258/3966
f 1938/4298/4001 1939/4299/4002 4948/4290/3993 4947/4289/3992
f 1939/4299/4002 1940/4300/4003 4949/4293/3996 4948/4290/3993
f 1940/4300/4003 251/4301/4004 1943/4302/4005 4949/4293/3996
f 4949/4293/3996 1943/4302/4005 1942/4303/4006 4952/4294/3997
f 4952/4294/3997 1942/4303/4006 1941/4304/4007 4955/4297/4000
f 4955/4297/4000 1941/4304/4007 250/4305/4008 1946/4306/4009
f 4954/4295/3998 4955/4297/4000 1946/4306/4009 1945/4307/4010
f 4953/4296/3999 4954/4295/3998 1945/4307/4010 1944/4308/4011
f 1926/4260/3968 4953/4296/3999 1944/4308/4011 246/4262/3970
f 1927/4259/3967 4950/4292/3995 4953/4296/3999 1926/4260/3968
f 1928/4258/3966 4947/4289/3992 4950/4292/3995 1927/4259/3967
f 4956/4309/4012 4957/4310/4013 4960/4311/4014 4959/4312/4015
f 4957/4310/4013 4958/4313/4016 4961/4314/4017 4960/4311/4014
f 4959/4312/4015 4960/4311/4014 4963/4315/4018 4962/4316/4019
f 4960/4311/4014 4961/4314/4017 4964/4317/4020 4963/4315/4018
f 251/4318/4004 1950/4319/4021 4956/4309/4012 1947/4320/4022
f 1950/4319/4021 1951/4321/4023 4957/4310/4013 4956/4309/4012
f 1951/4321/4023 1952/4322/4024 4958/4313/4016 4957/4310/4013
f 1952/4322/4024 252/1795/1288 1101/1793/1691 4958/4313/4016
f 4958/4313/4016 1101/1793/1691 1102/1792/1690 4961/4314/4017
f 4961/4314/4017 1102/1792/1690 1103/1791/1689 4964/4317/4020
f 4964/4317/4020 1103/1791/1689 254/1790/1688 1955/4323/4025
f 4963/4315/4018 4964/4317/4020 1955/4323/4025 1954/4324/4026
f 4962/4316/4019 4963/4315/4018 1954/4324/4026 1953/4325/4027
f 1949/4326/4028 4962/4316/4019 1953/4325/4027 253/4327/4029
f 1948/4328/4030 4959/4312/4015 4962/4316/4019 1949/4326/4028
f 1947/4320/4022 4956/4309/4012 4959/4312/4015 1948/4328/4030
f 4965/4329/4031 4966/4330/4032 4969/4331/4033 4968/4332/4034
f 4966/4330/4032 4967/4333/4035 4970/4334/4036 4969/4331/4033
f 4968/4332/4034 4969/4331/4033 4972/4335/4037 4971/4336/4038
f 4969/4331/4033 4970/4334/4036 4973/4337/4039 4972/4335/4037
f 246/4262/3970 1956/4338/4040 4965/4329/4031 1919/4261/3969
f 1956/4338/4040 1957/4339/4041 4966/4330/4032 4965/4329/4031
f 1957/4339/4041 1958/4340/4042 4967/4333/4035 4966/4330/4032
f 1958/4340/4042 256/4341/4043 1961/4342/4044 4967/4333/4035
f 4967/4333/4035 1961/4342/4044 1960/4343/4045 4970/4334/4036
f 4970/4334/4036 1960/4343/4045 1959/4344/4046 4973/4337/4039
f 4973/4337/4039 1959/4344/4046 255/4345/4047 1964/4346/4048
f 4972/4335/4037 4973/4337/4039 1964/4346/4048 1963/4347/4049
f 4971/4336/4038 4972/4335/4037 1963/4347/4049 1962/4348/4050
f 1917/4250/3958 4971/4336/4038 1962/4348/4050 245/4248/3956
f 1918/4263/3971 4968/4332/4034 4971/4336/4038 1917/4250/3958
f 1919/4261/3969 4965/4329/4031 4968/4332/4034 1918/4263/3971
f 4974/4349/4051 4975/4350/4052 4978/4351/4053 4977/4352/4054
f 4975/4350/4052 4976/4353/4055 4979/4354/4056 4978/4351/4053
f 4977/4352/4054 4978/4351/4053 4981/4355/4057 4980/4356/4058
f 4978/4351/4053 4979/4354/4056 4982/4357/4059 4981/4355/4057
f 245/4287/3956 1962/4358/4050 4974/4349/4051 1929/4286/3990
f 1962/4358/4050 1963/4359/4049 4975/4350/4052 4974/4349/4051
f 1963/4359/4049 1964/4360/4048 4976/4353/4055 4975/4350/4052
f 1964/4360/4048 255/4361/4047 1965/4362/4060 4976/4353/4055
f 4976/4353/4055 1965/4362/4060 1966/4363/4061 4979/4354/4056
f 4979/4354/4056 1966/4363/4061 1967/4364/4062 4982/4357/4059
f 4982/4357/4059 1967/4364/4062 257/4365/4063 1970/4366/4064
f 4981/4355/4057 4982/4357/4059 1970/4366/4064 1969/4367/4065
f 4980/4356/4058 4981/4355/4057 1969/4367/4065 1968/4368/4066
f 1931/4275/3983 4980/4356/4058 1968/4368/4066 249/4273/3981
f 1930/4288/3991 4977/4352/4054 4980/4356/4058 1931/4275/3983
f 1929/4286/3990 4974/4349/4051 4977/4352/4054 1930/4288/3991
f 4983/4369/4067 4984/4370/4068 4987/4371/4069 4986/4372/4070
f 4984/4370/4068 4985/4373/4071 4988/4374/4072 4987/4371/4069
f 4986/4372/4070 4987/4371/4069 4990/4375/4073 4989/4376/4074
f 4987/4371/4069 4988/4374/4072 4991/4377/4075 4990/4375/4073
f 250/4305/4008 1971/4378/4076 4983/4369/4067 1946/4306/4009
f 1971/4378/4076 1972/4379/4077 4984/4370/4068 4983/4369/4067
f 1972/4379/4077 1973/4380/4078 4985/4373/4071 4984/4370/4068
f 1973/4380/4078 258/4381/4079 1976/4382/4080 4985/4373/4071
f 4985/4373/4071 1976/4382/4080 1975/4383/4081 4988/4374/4072
f 4988/4374/4072 1975/4383/4081 1974/4384/4082 4991/4377/4075
f 4991/4377/4075 1974/4384/4082 256/4341/4043 1958/4340/4042
f 4990/4375/4073 4991/4377/4075 1958/4340/4042 1957/4339/4041
f 4989/4376/4074 4990/4375/4073 1957/4339/4041 1956/4338/4040
f 1944/4308/4011 4989/4376/4074 1956/4338/4040 246/4262/3970
f 1945/4307/4010 4986/4372/4070 4989/4376/4074 1944/4308/4011
f 1946/4306/4009 4983/4369/4067 4986/4372/4070 1945/4307/4010
f 4992/4385/4083 4993/4386/4084 4996/4387/4085 4995/4388/4086
f 4993/4386/4084 4994/4389/4087 4997/4390/4088 4996/4387/4085
f 4995/4388/4086 4996/4387/4085 4999/4391/4089 4998/4392/4090
f 4996/4387/4085 4997/4390/4088 5000/4393/4091 4999/4391/4089
f 297/4394/4092 1982/4395/4093 4992/4385/4083 1979/4396/4094
f 1982/4395/4093 1981/4397/4095 4993/4386/4084 4992/4385/4083
f 1981/4397/4095 1980/4398/4096 4994/4389/4087 4993/4386/4084
f 1980/4398/4096 295/4399/4097 1985/4400/4098 4994/4389/4087
f 4994/4389/4087 1985/4400/4098 1984/4401/4099 4997/4390/4088
f 4997/4390/4088 1984/4401/4099 1983/4402/4100 5000/4393/4091
f 5000/4393/4091 1983/4402/4100 258/4403/4079 1973/4404/4078
f 4999/4391/4089 5000/4393/4091 1973/4404/4078 1972/4405/4077
f 4998/4392/4090 4999/4391/4089 1972/4405/4077 1971/4406/4076
f 1977/4407/4101 4998/4392/4090 1971/4406/4076 250/4408/4008
f 1978/4409/4102 4995/4388/4086 4998/4392/4090 1977/4407/4101
f 1979/4396/4094 4992/4385/4083 4995/4388/4086 1978/4409/4102
f 5001/4410/4103 5002/4411/4104 5005/4412/4105 5004/4413/4106
f 5002/4411/4104 5003/4414/4107 5006/4415/4108 5005/4412/4105
f 5004/4413/4106 5005/4412/4105 5008/4416/4109 5007/4417/4110
f 5005/4412/4105 5006/4415/4108 5009/4418/4111 5008/4416/4109
f 256/4341/4043 1986/4419/4112 5001/4410/4103 1961/4342/4044
f 1986/4419/4112 1987/4420/4113 5002/4411/4104 5001/4410/4103
f 1987/4420/4113 1988/4421/4114 5003/4414/4107 5002/4411/4104
f 1988/4421/4114 260/4422/4115 1991/4423/4116 5003/4414/4107
f 5003/4414/4107 1991/4423/4116 1990/4424/4117 5006/4415/4108
f 5006/4415/4108 1990/4424/4117 1989/4425/4118 5009/4418/4111
f 5009/4418/4111 1989/4425/4118 259/4426/4119 1994/4427/4120
f 5008/4416/4109 5009/4418/4111 1994/4427/4120 1993/4428/4121
f 5007/4417/4110 5008/4416/4109 1993/4428/4121 1992/4429/4122
f 1959/4344/4046 5007/4417/4110 1992/4429/4122 255/4345/4047
f 1960/4343/4045 5004/4413/4106 5007/4417/4110 1959/4344/4046
f 1961/4342/4044 5001/4410/4103 5004/4413/4106 1960/4343/4045
f 5010/4430/4123 5011/4431/4124 5014/4432/4125 5013/4433/4126
f 5011/4431/4124 5012/4434/4127 5015/4435/4128 5014/4432/4125
f 5013/4433/4126 5014/4432/4125 5017/4436/4129 5016/4437/4130
f 5014/4432/4125 5015/4435/4128 5018/4438/4131 5017/4436/4129
f 255/4361/4047 1992/4439/4122 5010/4430/4123 1965/4362/4060
f 1992/4439/4122 1993/4440/4121 5011/4431/4124 5010/4430/4123
f 1993/4440/4121 1994/4441/4120 5012/4434/4127 5011/4431/4124
f 1994/4441/4120 259/4442/4119 1995/4443/4132 5012/4434/4127
f 5012/4434/4127 1995/4443/4132 1996/4444/4133 5015/4435/4128
f 5015/4435/4128 1996/4444/4133 1997/4445/4134 5018/4438/4131
f 5018/4438/4131 1997/4445/4134 261/4446/4135 2000/4447/4136
f 5017/4436/4129 5018/4438/4131 2000/4447/4136 1999/4448/4137
f 5016/4437/4130 5017/4436/4129 1999/4448/4137 1998/4449/4138
f 1967/4364/4062 5016/4437/4130 1998/4449/4138 257/4365/4063
f 1966/4363/4061 5013/4433/4126 5016/4437/4130 1967/4364/4062
f 1965/4362/4060 5010/4430/4123 5013/4433/4126 1966/4363/4061
f 5019/4450/4139 5020/4451/4140 5023/4452/4141 5022/4453/4142
f 5020/4451/4140 5021/4454/4143 5024/4455/4144 5023/4452/4141
f 5022/4453/4142 5023/4452/4141 5026/4456/4145 5025/4457/4146
f 5023/4452/4141 5024/4455/4144 5027/4458/4147 5026/4456/4145
f 258/4381/4079 2001/4459/4148 5019/4450/4139 1976/4382/4080
f 2001/4459/4148 2002/4460/4149 5020/4451/4140 5019/4450/4139
f 2002/4460/4149 2003/4461/4150 5021/4454/4143 5020/4451/4140
f 2003/4461/4150 262/4462/4151 2006/4463/4152 5021/4454/4143
f 5021/4454/4143 2006/4463/4152 2005/4464/4153 5024/4455/4144
f 5024/4455/4144 2005/4464/4153 2004/4465/4154 5027/4458/4147
f 5027/4458/4147 2004/4465/4154 260/4422/4115 1988/4421/4114
f 5026/4456/4145 5027/4458/4147 1988/4421/4114 1987/4420/4113
f 5025/4457/4146 5026/4456/4145 1987/4420/4113 1986/4419/4112
f 1974/4384/4082 5025/4457/4146 1986/4419/4112 256/4341/4043
f 1975/4383/4081 5022/4453/4142 5025/4457/4146 1974/4384/4082
f 1976/4382/4080 5019/4450/4139 5022/4453/4142 1975/4383/4081
f 5028/4466/4155 5029/4467/4156 5032/4468/4157 5031/4469/4158
f 5029/4467/4156 5030/4470/4159 5033/4471/4160 5032/4468/4157
f 5031/4469/4158 5032/4468/4157 5035/4472/4161 5034/4473/4162
f 5032/4468/4157 5033/4471/4160 5036/4474/4163 5035/4472/4161
f 295/4399/4097 2009/4475/4164 5028/4466/4155 1985/4400/4098
f 2009/4475/4164 2008/4476/4165 5029/4467/4156 5028/4466/4155
f 2008/4476/4165 2007/4477/4166 5030/4470/4159 5029/4467/4156
f 2007/4477/4166 267/4478/4167 2012/4479/4168 5030/4470/4159
f 5030/4470/4159 2012/4479/4168 2011/4480/4169 5033/4471/4160
f 5033/4471/4160 2011/4480/4169 2010/4481/4170 5036/4474/4163
f 5036/4474/4163 2010/4481/4170 262/4482/4151 2003/4483/4150
f 5035/4472/4161 5036/4474/4163 2003/4483/4150 2002/4484/4149
f 5034/4473/4162 5035/4472/4161 2002/4484/4149 2001/4485/4148
f 1983/4402/4100 5034/4473/4162 2001/4485/4148 258/4403/4079
f 1984/4401/4099 5031/4469/4158 5034/4473/4162 1983/4402/4100
f 1985/4400/4098 5028/4466/4155 5031/4469/4158 1984/4401/4099
f 5037/4486/4171 5038/4487/4172 5041/4488/4173 5040/4489/4174
f 5038/4487/4172 5039/4490/4175 5042/4491/4176 5041/4488/4173
f 5040/4489/4174 5041/4488/4173 5044/4492/4177 5043/4493/4178
f 5041/4488/4173 5042/4491/4176 5045/4494/4179 5044/4492/4177
f 260/4422/4115 2013/4495/4180 5037/4486/4171 1991/4423/4116
f 2013/4495/4180 2014/4496/4181 5038/4487/4172 5037/4486/4171
f 2014/4496/4181 2015/4497/4182 5039/4490/4175 5038/4487/4172
f 2015/4497/4182 264/4498/4183 2018/4499/4184 5039/4490/4175
f 5039/4490/4175 2018/4499/4184 2017/4500/4185 5042/4491/4176
f 5042/4491/4176 2017/4500/4185 2016/4501/4186 5045/4494/4179
f 5045/4494/4179 2016/4501/4186 263/4502/4187 2021/4503/4188
f 5044/4492/4177 5045/4494/4179 2021/4503/4188 2020/4504/4189
f 5043/4493/4178 5044/4492/4177 2020/4504/4189 2019/4505/4190
f 1989/4425/4118 5043/4493/4178 2019/4505/4190 259/4426/4119
f 1990/4424/4117 5040/4489/4174 5043/4493/4178 1989/4425/4118
f 1991/4423/4116 5037/4486/4171 5040/4489/4174 1990/4424/4117
f 5046/4506/4191 5047/4507/4192 5050/4508/4193 5049/4509/4194
f 5047/4507/4192 5048/4510/4195 5051/4511/4196 5050/4508/4193
f 5049/4509/4194 5050/4508/4193 5053/4512/4197 5052/4513/4198
f 5050/4508/4193 5051/4511/4196 5054/4514/4199 5053/4512/4197
f 259/4442/4119 2019/4515/4190 5046/4506/4191 1995/4443/4132
f 2019/4515/4190 2020/4516/4189 5047/4507/4192 5046/4506/4191
f 2020/4516/4189 2021/4517/4188 5048/4510/4195 5047/4507/4192
f 2021/4517/4188 263/4518/4187 2022/4519/4200 5048/4510/4195
f 5048/4510/4195 2022/4519/4200 2023/4520/4201 5051/4511/4196
f 5051/4511/4196 2023/4520/4201 2024/4521/4202 5054/4514/4199
f 5054/4514/4199 2024/4521/4202 265/4522/4203 2027/4523/4204
f 5053/4512/4197 5054/4514/4199 2027/4523/4204 2026/4524/4205
f 5052/4513/4198 5053/4512/4197 2026/4524/4205 2025/4525/4206
f 1997/4445/4134 5052/4513/4198 2025/4525/4206 261/4446/4135
f 1996/4444/4133 5049/4509/4194 5052/4513/4198 1997/4445/4134
f 1995/4443/4132 5046/4506/4191 5049/4509/4194 1996/4444/4133
f 5055/4526/4207 5056/4527/4208 5059/4528/4209 5058/4529/4210
f 5056/4527/4208 5057/4530/4211 5060/4531/4212 5059/4528/4209
f 5058/4529/4210 5059/4528/4209 5062/4532/4213 5061/4533/4214
f 5059/4528/4209 5060/4531/4212 5063/4534/4215 5062/4532/4213
f 262/4462/4151 2028/4535/4216 5055/4526/4207 2006/4463/4152
f 2028/4535/4216 2029/4536/4217 5056/4527/4208 5055/4526/4207
f 2029/4536/4217 2030/4537/4218 5057/4530/4211 5056/4527/4208
f 2030/4537/4218 266/4538/4219 2033/4539/4220 5057/4530/4211
f 5057/4530/4211 2033/4539/4220 2032/4540/4221 5060/4531/4212
f 5060/4531/4212 2032/4540/4221 2031/4541/4222 5063/4534/4215
f 5063/4534/4215 2031/4541/4222 264/4498/4183 2015/4497/4182
f 5062/4532/4213 5063/4534/4215 2015/4497/4182 2014/4496/4181
f 5061/4533/4214 5062/4532/4213 2014/4496/4181 2013/4495/4180
f 2004/4465/4154 5061/4533/4214 2013/4495/4180 260/4422/4115
f 2005/4464/4153 5058/4529/4210 5061/4533/4214 2004/4465/4154
f 2006/4463/4152 5055/4526/4207 5058/4529/4210 2005/4464/4153
f 5064/4542/4223 5065/4543/4224 5068/4544/4225 5067/4545/4226
f 5065/4543/4224 5066/4546/4227 5069/4547/4228 5068/4544/4225
f 5067/4545/4226 5068/4544/4225 5071/4548/4229 5070/4549/4230
f 5068/4544/4225 5069/4547/4228 5072/4550/4231 5071/4548/4229
f 267/4478/4167 2034/4551/4232 5064/4542/4223 2012/4479/4168
f 2034/4551/4232 2035/4552/4233 5065/4543/4224 5064/4542/4223
f 2035/4552/4233 2036/4553/4234 5066/4546/4227 5065/4543/4224
f 2036/4553/4234 268/4554/4235 2039/4555/4236 5066/4546/4227
f 5066/4546/4227 2039/4555/4236 2038/4556/4237 5069/4547/4228
f 5069/4547/4228 2038/4556/4237 2037/4557/4238 5072/4550/4231
f 5072/4550/4231 2037/4557/4238 266/4558/4219 2030/4559/4218
f 5071/4548/4229 5072/4550/4231 2030/4559/4218 2029/4560/4217
f 5070/4549/4230 5071/4548/4229 2029/4560/4217 2028/4561/4216
f 2010/4481/4170 5070/4549/4230 2028/4561/4216 262/4482/4151
f 2011/4480/4169 5067/4545/4226 5070/4549/4230 2010/4481/4170
f 2012/4479/4168 5064/4542/4223 5067/4545/4226 2011/4480/4169
f 5073/4562/4239 5074/4563/4240 5077/4564/4241 5076/4565/4242
f 5074/4563/4240 5075/4566/4243 5078/4567/4244 5077/4564/4241
f 5076/4565/4242 5077/4564/4241 5080/4568/4245 5079/4569/4246
f 5077/4564/4241 5078/4567/4244 5081/4570/4247 5080/4568/4245
f 264/4498/4183 2040/4571/4248 5073/4562/4239 2018/4499/4184
f 2040/4571/4248 2041/4572/4249 5074/4563/4240 5073/4562/4239
f 2041/4572/4249 2042/4573/4250 5075/4566/4243 5074/4563/4240
f 2042/4573/4250 270/4574/4251 2045/4575/4252 5075/4566/4243
f 5075/4566/4243 2045/4575/4252 2044/4576/4253 5078/4567/4244
f 5078/4567/4244 2044/4576/4253 2043/4577/4254 5081/4570/4247
f 5081/4570/4247 2043/4577/4254 269/4578/4255 2048/4579/4256
f 5080/4568/4245 5081/4570/4247 2048/4579/4256 2047/4580/4257
f 5079/4569/4246 5080/4568/4245 2047/4580/4257 2046/4581/4258
f 2016/4501/4186 5079/4569/4246 2046/4581/4258 263/4502/4187
f 2017/4500/4185 5076/4565/4242 5079/4569/4246 2016/4501/4186
f 2018/4499/4184 5073/4562/4239 5076/4565/4242 2017/4500/4185
f 5082/4582/4259 5083/4583/4260 5086/4584/4261 5085/4585/4262
f 5083/4583/4260 5084/4586/4263 5087/4587/4264 5086/4584/4261
f 5085/4585/4262 5086/4584/4261 5089/4588/4265 5088/4589/4266
f 5086/4584/4261 5087/4587/4264 5090/4590/4267 5089/4588/4265
f 263/4518/4187 2046/4591/4258 5082/4582/4259 2022/4519/4200
f 2046/4591/4258 2047/4592/4257 5083/4583/4260 5082/4582/4259
f 2047/4592/4257 2048/4593/4256 5084/4586/4263 5083/4583/4260
f 2048/4593/4256 269/4594/4255 2049/4595/4268 5084/4586/4263
f 5084/4586/4263 2049/4595/4268 2050/4596/4269 5087/4587/4264
f 5087/4587/4264 2050/4596/4269 2051/4597/4270 5090/4590/4267
f 5090/4590/4267 2051/4597/4270 271/4598/4271 2054/4599/4272
f 5089/4588/4265 5090/4590/4267 2054/4599/4272 2053/4600/4273
f 5088/4589/4266 5089/4588/4265 2053/4600/4273 2052/4601/4274
f 2024/4521/4202 5088/4589/4266 2052/4601/4274 265/4522/4203
f 2023/4520/4201 5085/4585/4262 5088/4589/4266 2024/4521/4202
f 2022/4519/4200 5082/4582/4259 5085/4585/4262 2023/4520/4201
f 5091/4602/4275 5092/4603/4276 5095/4604/4277 5094/4605/4278
f 5092/4603/4276 5093/4606/4279 5096/4607/4280 5095/4604/4277
f 5094/4605/4278 5095/4604/4277 5098/4608/4281 5097/4609/4282
f 5095/4604/4277 5096/4607/4280 5099/4610/4283 5098/4608/4281
f 266/4538/4219 2055/4611/4284 5091/4602/4275 2033/4539/4220
f 2055/4611/4284 2056/4612/4285 5092/4603/4276 5091/4602/4275
f 2056/4612/4285 2057/4613/4286 5093/4606/4279 5092/4603/4276
f 2057/4613/4286 272/4614/4287 2060/4615/4288 5093/4606/4279
f 5093/4606/4279 2060/4615/4288 2059/4616/4289 5096/4607/4280
f 5096/4607/4280 2059/4616/4289 2058/4617/4290 5099/4610/4283
f 5099/4610/4283 2058/4617/4290 270/4574/4251 2042/4573/4250
f 5098/4608/4281 5099/4610/4283 2042/4573/4250 2041/4572/4249
f 5097/4609/4282 5098/4608/4281 2041/4572/4249 2040/4571/4248
f 2031/4541/4222 5097/4609/4282 2040/4571/4248 264/4498/4183
f 2032/4540/4221 5094/4605/4278 5097/4609/4282 2031/4541/4222
f 2033/4539/4220 5091/4602/4275 5094/4605/4278 2032/4540/4221
f 5100/4618/4291 5101/4619/4292 5104/4620/4293 5103/4621/4294
f 5101/4619/4292 5102/4622/4295 5105/4623/4296 5104/4620/4293
f 5103/4621/4294 5104/4620/4293 5107/4624/4297 5106/4625/4298
f 5104/4620/4293 5105/4623/4296 5108/4626/4299 5107/4624/4297
f 268/4554/4235 2061/4627/4300 5100/4618/4291 2039/4555/4236
f 2061/4627/4300 2062/4628/4301 5101/4619/4292 5100/4618/4291
f 2062/4628/4301 2063/4629/4302 5102/4622/4295 5101/4619/4292
f 2063/4629/4302 273/4630/4303 2066/4631/4304 5102/4622/4295
f 5102/4622/4295 2066/4631/4304 2065/4632/4305 5105/4623/4296
f 5105/4623/4296 2065/4632/4305 2064/4633/4306 5108/4626/4299
f 5108/4626/4299 2064/4633/4306 272/4634/4287 2057/4635/4286
f 5107/4624/4297 5108/4626/4299 2057/4635/4286 2056/4636/4285
f 5106/4625/4298 5107/4624/4297 2056/4636/4285 2055/4637/4284
f 2037/4557/4238 5106/4625/4298 2055/4637/4284 266/4558/4219
f 2038/4556/4237 5103/4621/4294 5106/4625/4298 2037/4557/4238
f 2039/4555/4236 5100/4618/4291 5103/4621/4294 2038/4556/4237
f 5109/4638/4307 5110/4639/4308 5113/4640/4309 5112/4641/4310
f 5110/4639/4308 5111/4642/4311 5114/4643/4312 5113/4640/4309
f 5112/4641/4310 5113/4640/4309 5116/4644/4313 5115/4645/4314
f 5113/4640/4309 5114/4643/4312 5117/4646/4315 5116/4644/4313
f 270/4574/4251 2067/4647/4316 5109/4638/4307 2045/4575/4252
f 2067/4647/4316 2068/4648/4317 5110/4639/4308 5109/4638/4307
f 2068/4648/4317 2069/4649/4318 5111/4642/4311 5110/4639/4308
f 2069/4649/4318 275/4650/4319 2072/4651/4320 5111/4642/4311
f 5111/4642/4311 2072/4651/4320 2071/4652/4321 5114/4643/4312
f 5114/4643/4312 2071/4652/4321 2070/4653/4322 5117/4646/4315
f 5117/4646/4315 2070/4653/4322 274/4654/4323 2075/4655/4324
f 5116/4644/4313 5117/4646/4315 2075/4655/4324 2074/4656/4325
f 5115/4645/4314 5116/4644/4313 2074/4656/4325 2073/4657/4326
f 2043/4577/4254 5115/4645/4314 2073/4657/4326 269/4578/4255
f 2044/4576/4253 5112/4641/4310 5115/4645/4314 2043/4577/4254
f 2045/4575/4252 5109/4638/4307 5112/4641/4310 2044/4576/4253
f 5118/4658/4327 5119/4659/4328 5122/4660/4329 5121/4661/4330
f 5119/4659/4328 5120/4662/4331 5123/4663/4332 5122/4660/4329
f 5121/4661/4330 5122/4660/4329 5125/4664/4333 5124/4665/4334
f 5122/4660/4329 5123/4663/4332 5126/4666/4335 5125/4664/4333
f 269/4594/4255 2073/4667/4326 5118/4658/4327 2049/4595/4268
f 2073/4667/4326 2074/4668/4325 5119/4659/4328 5118/4658/4327
f 2074/4668/4325 2075/4669/4324 5120/4662/4331 5119/4659/4328
f 2075/4669/4324 274/4670/4323 2076/4671/4336 5120/4662/4331
f 5120/4662/4331 2076/4671/4336 2077/4672/4337 5123/4663/4332
f 5123/4663/4332 2077/4672/4337 2078/4673/4338 5126/4666/4335
f 5126/4666/4335 2078/4673/4338 276/4674/4339 2081/4675/4340
f 5125/4664/4333 5126/4666/4335 2081/4675/4340 2080/4676/4341
f 5124/4665/4334 5125/4664/4333 2080/4676/4341 2079/4677/4342
f 2051/4597/4270 5124/4665/4334 2079/4677/4342 271/4598/4271
f 2050/4596/4269 5121/4661/4330 5124/4665/4334 2051/4597/4270
f 2049/4595/4268 5118/4658/4327 5121/4661/4330 2050/4596/4269
f 5127/4678/4343 5128/4679/4344 5131/4680/4345 5130/4681/4346
f 5128/4679/4344 5129/4682/4347 5132/4683/4348 5131/4680/4345
f 5130/4681/4346 5131/4680/4345 5134/4684/4349 5133/4685/4350
f 5131/4680/4345 5132/4683/4348 5135/4686/4351 5134/4684/4349
f 272/4614/4287 2082/4687/4352 5127/4678/4343 2060/4615/4288
f 2082/4687/4352 2083/4688/4353 5128/4679/4344 5127/4678/4343
f 2083/4688/4353 2084/4689/4354 5129/4682/4347 5128/4679/4344
f 2084/4689/4354 277/4690/4355 2087/4691/4356 5129/4682/4347
f 5129/4682/4347 2087/4691/4356 2086/4692/4357 5132/4683/4348
f 5132/4683/4348 2086/4692/4357 2085/4693/4358 5135/4686/4351
f 5135/4686/4351 2085/4693/4358 275/4650/4319 2069/4649/4318
f 5134/4684/4349 5135/4686/4351 2069/4649/4318 2068/4648/4317
f 5133/4685/4350 5134/4684/4349 2068/4648/4317 2067/4647/4316
f 2058/4617/4290 5133/4685/4350 2067/4647/4316 270/4574/4251
f 2059/4616/4289 5130/4681/4346 5133/4685/4350 2058/4617/4290
f 2060/4615/4288 5127/4678/4343 5130/4681/4346 2059/4616/4289
f 5136/4694/4359 5137/4695/4360 5140/4696/4361 5139/4697/4362
f 5137/4695/4360 5138/4698/4363 5141/4699/4364 5140/4696/4361
f 5139/4697/4362 5140/4696/4361 5143/4700/4365 5142/4701/4366
f 5140/4696/4361 5141/4699/4364 5144/4702/4367 5143/4700/4365
f 273/4630/4303 2088/4703/4368 5136/4694/4359 2066/4631/4304
f 2088/4703/4368 2089/4704/4369 5137/4695/4360 5136/4694/4359
f 2089/4704/4369 2090/4705/4370 5138/4698/4363 5137/4695/4360
f 2090/4705/4370 278/4706/4371 2093/4707/4372 5138/4698/4363
f 5138/4698/4363 2093/4707/4372 2092/4708/4373 5141/4699/4364
f 5141/4699/4364 2092/4708/4373 2091/4709/4374 5144/4702/4367
f 5144/4702/4367 2091/4709/4374 277/4710/4355 2084/4711/4354
f 5143/4700/4365 5144/4702/4367 2084/4711/4354 2083/4712/4353
f 5142/4701/4366 5143/4700/4365 2083/4712/4353 2082/4713/4352
f 2064/4633/4306 5142/4701/4366 2082/4713/4352 272/4634/4287
f 2065/4632/4305 5139/4697/4362 5142/4701/4366 2064/4633/4306
f 2066/4631/4304 5136/4694/4359 5139/4697/4362 2065/4632/4305
f 5145/4714/4375 5146/4715/4376 5149/4716/4377 5148/4717/4378
f 5146/4715/4376 5147/4718/4379 5150/4719/4380 5149/4716/4377
f 5148/4717/4378 5149/4716/4377 5152/4720/4381 5151/4721/4382
f 5149/4716/4377 5150/4719/4380 5153/4722/4383 5152/4720/4381
f 275/4650/4319 2094/4723/4384 5145/4714/4375 2072/4651/4320
f 2094/4723/4384 2095/4724/4385 5146/4715/4376 5145/4714/4375
f 2095/4724/4385 2096/4725/4386 5147/4718/4379 5146/4715/4376
f 2096/4725/4386 280/4726/4387 2099/4727/4388 5147/4718/4379
f 5147/4718/4379 2099/4727/4388 2098/4728/4389 5150/4719/4380
f 5150/4719/4380 2098/4728/4389 2097/4729/4390 5153/4722/4383
f 5153/4722/4383 2097/4729/4390 279/4730/4391 2102/4731/4392
f 5152/4720/4381 5153/4722/4383 2102/4731/4392 2101/4732/4393
f 5151/4721/4382 5152/4720/4381 2101/4732/4393 2100/4733/4394
f 2070/4653/4322 5151/4721/4382 2100/4733/4394 274/4654/4323
f 2071/4652/4321 5148/4717/4378 5151/4721/4382 2070/4653/4322
f 2072/4651/4320 5145/4714/4375 5148/4717/4378 2071/4652/4321
f 5154/4734/4395 5155/4735/4396 5158/4736/4397 5157/4737/4398
f 5155/4735/4396 5156/4738/4399 5159/4739/4400 5158/4736/4397
f 5157/4737/4398 5158/4736/4397 5161/4740/4401 5160/4741/4402
f 5158/4736/4397 5159/4739/4400 5162/4742/4403 5161/4740/4401
f 274/4670/4323 2100/4743/4394 5154/4734/4395 2076/4671/4336
f 2100/4743/4394 2101/4744/4393 5155/4735/4396 5154/4734/4395
f 2101/4744/4393 2102/4745/4392 5156/4738/4399 5155/4735/4396
f 2102/4745/4392 279/4746/4391 2103/4747/4404 5156/4738/4399
f 5156/4738/4399 2103/4747/4404 2104/4748/4405 5159/4739/4400
f 5159/4739/4400 2104/4748/4405 2105/4749/4406 5162/4742/4403
f 5162/4742/4403 2105/4749/4406 281/4750/4407 2108/4751/4408
f 5161/4740/4401 5162/4742/4403 2108/4751/4408 2107/4752/4409
f 5160/4741/4402 5161/4740/4401 2107/4752/4409 2106/4753/4410
f 2078/4673/4338 5160/4741/4402 2106/4753/4410 276/4674/4339
f 2077/4672/4337 5157/4737/4398 5160/4741/4402 2078/4673/4338
f 2076/4671/4336 5154/4734/4395 5157/4737/4398 2077/4672/4337
f 5163/4754/4411 5164/4755/4412 5167/4756/4413 5166/4757/4414
f 5164/4755/4412 5165/4758/4415 5168/4759/4416 5167/4756/4413
f 5166/4757/4414 5167/4756/4413 5170/4760/4417 5169/4761/4418
f 5167/4756/4413 5168/4759/4416 5171/4762/4419 5170/4760/4417
f 277/4690/4355 2109/4763/4420 5163/4754/4411 2087/4691/4356
f 2109/4763/4420 2110/4764/4421 5164/4755/4412 5163/4754/4411
f 2110/4764/4421 2111/4765/4422 5165/4758/4415 5164/4755/4412
f 2111/4765/4422 282/4766/4423 2114/4767/4424 5165/4758/4415
f 5165/4758/4415 2114/4767/4424 2113/4768/4425 5168/4759/4416
f 5168/4759/4416 2113/4768/4425 2112/4769/4426 5171/4762/4419
f 5171/4762/4419 2112/4769/4426 280/4726/4387 2096/4725/4386
f 5170/4760/4417 5171/4762/4419 2096/4725/4386 2095/4724/4385
f 5169/4761/4418 5170/4760/4417 2095/4724/4385 2094/4723/4384
f 2085/4693/4358 5169/4761/4418 2094/4723/4384 275/4650/4319
f 2086/4692/4357 5166/4757/4414 5169/4761/4418 2085/4693/4358
f 2087/4691/4356 5163/4754/4411 5166/4757/4414 2086/4692/4357
f 5172/4770/4427 5173/4771/4428 5176/4772/4429 5175/4773/4430
f 5173/4771/4428 5174/4774/4431 5177/4775/4432 5176/4772/4429
f 5175/4773/4430 5176/4772/4429 5179/4776/4433 5178/4777/4434
f 5176/4772/4429 5177/4775/4432 5180/4778/4435 5179/4776/4433
f 278/4706/4371 2115/4779/4436 5172/4770/4427 2093/4707/4372
f 2115/4779/4436 2116/4780/4437 5173/4771/4428 5172/4770/4427
f 2116/4780/4437 2117/4781/4438 5174/4774/4431 5173/4771/4428
f 2117/4781/4438 283/4782/4439 2120/4783/4440 5174/4774/4431
f 5174/4774/4431 2120/4783/4440 2119/4784/4441 5177/4775/4432
f 5177/4775/4432 2119/4784/4441 2118/4785/4442 5180/4778/4435
f 5180/4778/4435 2118/4785/4442 282/4786/4423 2111/4787/4422
f 5179/4776/4433 5180/4778/4435 2111/4787/4422 2110/4788/4421
f 5178/4777/4434 5179/4776/4433 2110/4788/4421 2109/4789/4420
f 2091/4709/4374 5178/4777/4434 2109/4789/4420 277/4710/4355
f 2092/4708/4373 5175/4773/4430 5178/4777/4434 2091/4709/4374
f 2093/4707/4372 5172/4770/4427 5175/4773/4430 2092/4708/4373
f 5181/4790/4443 5182/4791/4444 5185/4792/4445 5184/4793/4446
f 5182/4791/4444 5183/4794/4447 5186/4795/4448 5185/4792/4445
f 5184/4793/4446 5185/4792/4445 5188/4796/4449 5187/4797/4450
f 5185/4792/4445 5186/4795/4448 5189/4798/4451 5188/4796/4449
f 279/4746/4391 2121/4799/4452 5181/4790/4443 2103/4747/4404
f 2121/4799/4452 2122/4800/4453 5182/4791/4444 5181/4790/4443
f 2122/4800/4453 2123/4801/4454 5183/4794/4447 5182/4791/4444
f 2123/4801/4454 285/4802/4455 2126/4803/4456 5183/4794/4447
f 5183/4794/4447 2126/4803/4456 2125/4804/4457 5186/4795/4448
f 5186/4795/4448 2125/4804/4457 2124/4805/4458 5189/4798/4451
f 5189/4798/4451 2124/4805/4458 284/4806/4459 2129/4807/4460
f 5188/4796/4449 5189/4798/4451 2129/4807/4460 2128/4808/4461
f 5187/4797/4450 5188/4796/4449 2128/4808/4461 2127/4809/4462
f 2105/4749/4406 5187/4797/4450 2127/4809/4462 281/4750/4407
f 2104/4748/4405 5184/4793/4446 5187/4797/4450 2105/4749/4406
f 2103/4747/4404 5181/4790/4443 5184/4793/4446 2104/4748/4405
f 5190/4810/4463 5191/4811/4464 5194/4812/4465 5193/4813/4466
f 5191/4811/4464 5192/4814/4467 5195/4815/4468 5194/4812/4465
f 5193/4813/4466 5194/4812/4465 5197/4816/4469 5196/4817/4470
f 5194/4812/4465 5195/4815/4468 5198/4818/4471 5197/4816/4469
f 283/4782/4439 2130/4819/4472 5190/4810/4463 2120/4783/4440
f 2130/4819/4472 2131/4820/4473 5191/4811/4464 5190/4810/4463
f 2131/4820/4473 2132/4821/4474 5192/4814/4467 5191/4811/4464
f 2132/4821/4474 287/4822/4475 2135/4823/4476 5192/4814/4467
f 5192/4814/4467 2135/4823/4476 2134/4824/4477 5195/4815/4468
f 5195/4815/4468 2134/4824/4477 2133/4825/4478 5198/4818/4471
f 5198/4818/4471 2133/4825/4478 286/4826/4479 2138/4827/4480
f 5197/4816/4469 5198/4818/4471 2138/4827/4480 2137/4828/4481
f 5196/4817/4470 5197/4816/4469 2137/4828/4481 2136/4829/4482
f 2118/4785/4442 5196/4817/4470 2136/4829/4482 282/4786/4423
f 2119/4784/4441 5193/4813/4466 5196/4817/4470 2118/4785/4442
f 2120/4783/4440 5190/4810/4463 5193/4813/4466 2119/4784/4441
f 5199/4830/4483 5200/4831/4484 5203/4832/4485 5202/4833/4486
f 5200/4831/4484 5201/4834/4487 5204/4835/4488 5203/4832/4485
f 5202/4833/4486 5203/4832/4485 5206/4836/4489 5205/4837/4490
f 5203/4832/4485 5204/4835/4488 5207/4838/4491 5206/4836/4489
f 287/4822/4475 2132/4821/4474 5199/4830/4483 2139/4839/4492
f 2132/4821/4474 2131/4820/4473 5200/4831/4484 5199/4830/4483
f 2131/4820/4473 2130/4819/4472 5201/4834/4487 5200/4831/4484
f 2130/4819/4472 283/4782/4439 2142/4840/4493 5201/4834/4487
f 5201/4834/4487 2142/4840/4493 2143/4841/4494 5204/4835/4488
f 5204/4835/4488 2143/4841/4494 2144/4842/4495 5207/4838/4491
f 5207/4838/4491 2144/4842/4495 289/4843/4496 2147/4844/4497
f 5206/4836/4489 5207/4838/4491 2147/4844/4497 2146/4845/4498
f 5205/4837/4490 5206/4836/4489 2146/4845/4498 2145/4846/4499
f 2141/4847/4500 5205/4837/4490 2145/4846/4499 288/4848/4501
f 2140/4849/4502 5202/4833/4486 5205/4837/4490 2141/4847/4500
f 2139/4839/4492 5199/4830/4483 5202/4833/4486 2140/4849/4502
f 5208/4850/4503 5209/4851/4504 5212/4852/4505 5211/4853/4506
f 5209/4851/4504 5210/4854/4507 5213/4855/4508 5212/4852/4505
f 5211/4853/4506 5212/4852/4505 5215/4856/4509 5214/4857/4510
f 5212/4852/4505 5213/4855/4508 5216/4858/4511 5215/4856/4509
f 289/4843/4496 2144/4842/4495 5208/4850/4503 2148/4859/4512
f 2144/4842/4495 2143/4841/4494 5209/4851/4504 5208/4850/4503
f 2143/4841/4494 2142/4840/4493 5210/4854/4507 5209/4851/4504
f 2142/4840/4493 283/4782/4439 2117/4781/4438 5210/4854/4507
f 5210/4854/4507 2117/4781/4438 2116/4780/4437 5213/4855/4508
f 5213/4855/4508 2116/4780/4437 2115/4779/4436 5216/4858/4511
f 5216/4858/4511 2115/4779/4436 278/4706/4371 2151/4860/4513
f 5215/4856/4509 5216/4858/4511 2151/4860/4513 2152/4861/4514
f 5214/4857/4510 5215/4856/4509 2152/4861/4514 2153/4862/4515
f 2150/4863/4516 5214/4857/4510 2153/4862/4515 290/4864/4517
f 2149/4865/4518 5211/4853/4506 5214/4857/4510 2150/4863/4516
f 2148/4859/4512 5208/4850/4503 5211/4853/4506 2149/4865/4518
f 5217/4866/4519 5218/4867/4520 5221/4868/4521 5220/4869/4522
f 5218/4867/4520 5219/4870/4523 5222/4871/4524 5221/4868/4521
f 5220/4869/4522 5221/4868/4521 5224/4872/4525 5223/4873/4526
f 5221/4868/4521 5222/4871/4524 5225/4874/4527 5224/4872/4525
f 290/4864/4517 2153/4862/4515 5217/4866/4519 2154/4875/4528
f 2153/4862/4515 2152/4861/4514 5218/4867/4520 5217/4866/4519
f 2152/4861/4514 2151/4860/4513 5219/4870/4523 5218/4867/4520
f 2151/4860/4513 278/4706/4371 2090/4705/4370 5219/4870/4523
f 5219/4870/4523 2090/4705/4370 2089/4704/4369 5222/4871/4524
f 5222/4871/4524 2089/4704/4369 2088/4703/4368 5225/4874/4527
f 5225/4874/4527 2088/4703/4368 273/4630/4303 2157/4876/4529
f 5224/4872/4525 5225/4874/4527 2157/4876/4529 2158/4877/4530
f 5223/4873/4526 5224/4872/4525 2158/4877/4530 2159/4878/4531
f 2156/4879/4532 5223/4873/4526 2159/4878/4531 291/4880/4533
f 2155/4881/4534 5220/4869/4522 5223/4873/4526 2156/4879/4532
f 2154/4875/4528 5217/4866/4519 5220/4869/4522 2155/4881/4534
f 5226/4882/4535 5227/4883/4536 5230/4884/4537 5229/4885/4538
f 5227/4883/4536 5228/4886/4539 5231/4887/4540 5230/4884/4537
f 5229/4885/4538 5230/4884/4537 5233/4888/4541 5232/4889/4542
f 5230/4884/4537 5231/4887/4540 5234/4890/4543 5233/4888/4541
f 291/4880/4533 2159/4878/4531 5226/4882/4535 2160/4891/4544
f 2159/4878/4531 2158/4877/4530 5227/4883/4536 5226/4882/4535
f 2158/4877/4530 2157/4876/4529 5228/4886/4539 5227/4883/4536
f 2157/4876/4529 273/4630/4303 2063/4629/4302 5228/4886/4539
f 5228/4886/4539 2063/4629/4302 2062/4628/4301 5231/4887/4540
f 5231/4887/4540 2062/4628/4301 2061/4627/4300 5234/4890/4543
f 5234/4890/4543 2061/4627/4300 268/4554/4235 2163/4892/4545
f 5233/4888/4541 5234/4890/4543 2163/4892/4545 2164/4893/4546
f 5232/4889/4542 5233/4888/4541 2164/4893/4546 2165/4894/4547
f 2162/4895/4548 5232/4889/4542 2165/4894/4547 292/4896/4549
f 2161/4897/4550 5229/4885/4538 5232/4889/4542 2162/4895/4548
f 2160/4891/4544 5226/4882/4535 5229/4885/4538 2161/4897/4550
f 5235/4898/4551 5236/4899/4552 5239/4900/4553 5238/4901/4554
f 5236/4899/4552 5237/4902/4555 5240/4903/4556 5239/4900/4553
f 5238/4901/4554 5239/4900/4553 5242/4904/4557 5241/4905/4558
f 5239/4900/4553 5240/4903/4556 5243/4906/4559 5242/4904/4557
f 292/4896/4549 2165/4894/4547 5235/4898/4551 2166/4907/4560
f 2165/4894/4547 2164/4893/4546 5236/4899/4552 5235/4898/4551
f 2164/4893/4546 2163/4892/4545 5237/4902/4555 5236/4899/4552
f 2163/4892/4545 268/4554/4235 2036/4553/4234 5237/4902/4555
f 5237/4902/4555 2036/4553/4234 2035/4552/4233 5240/4903/4556
f 5240/4903/4556 2035/4552/4233 2034/4551/4232 5243/4906/4559
f 5243/4906/4559 2034/4551/4232 267/4478/4167 2169/4908/4561
f 5242/4904/4557 5243/4906/4559 2169/4908/4561 2170/4909/4562
f 5241/4905/4558 5242/4904/4557 2170/4909/4562 2171/4910/4563
f 2168/4911/4564 5241/4905/4558 2171/4910/4563 293/4912/4565
f 2167/4913/4566 5238/4901/4554 5241/4905/4558 2168/4911/4564
f 2166/4907/4560 5235/4898/4551 5238/4901/4554 2167/4913/4566
f 5244/4914/4567 5245/4915/4568 5248/4916/4569 5247/4917/4570
f 5245/4915/4568 5246/4918/4571 5249/4919/4572 5248/4916/4569
f 5247/4917/4570 5248/4916/4569 5251/4920/4573 5250/4921/4574
f 5248/4916/4569 5249/4919/4572 5252/4922/4575 5251/4920/4573
f 293/4912/4565 2171/4910/4563 5244/4914/4567 2172/4923/4576
f 2171/4910/4563 2170/4909/4562 5245/4915/4568 5244/4914/4567
f 2170/4909/4562 2169/4908/4561 5246/4918/4571 5245/4915/4568
f 2169/4908/4561 267/4478/4167 2007/4477/4166 5246/4918/4571
f 5246/4918/4571 2007/4477/4166 2008/4476/4165 5249/4919/4572
f 5249/4919/4572 2008/4476/4165 2009/4475/4164 5252/4922/4575
f 5252/4922/4575 2009/4475/4164 295/4399/4097 2177/4924/4577
f 5251/4920/4573 5252/4922/4575 2177/4924/4577 2176/4925/4578
f 5250/4921/4574 5251/4920/4573 2176/4925/4578 2175/4926/4579
f 2174/4927/4580 5250/4921/4574 2175/4926/4579 294/4928/4581
f 2173/4929/4582 5247/4917/4570 5250/4921/4574 2174/4927/4580
f 2172/4923/4576 5244/4914/4567 5247/4917/4570 2173/4929/4582
f 5253/4930/4583 5254/4931/4584 5257/4932/4585 5256/4933/4586
f 5254/4931/4584 5255/4934/4587 5258/4935/4588 5257/4932/4585
f 5256/4933/4586 5257/4932/4585 5260/4936/4589 5259/4937/4590
f 5257/4932/4585 5258/4935/4588 5261/4938/4591 5260/4936/4589
f 294/4928/4581 2175/4926/4579 5253/4930/4583 2178/4939/4592
f 2175/4926/4579 2176/4925/4578 5254/4931/4584 5253/4930/4583
f 2176/4925/4578 2177/4924/4577 5255/4934/4587 5254/4931/4584
f 2177/4924/4577 295/4399/4097 1980/4398/4096 5255/4934/4587
f 5255/4934/4587 1980/4398/4096 1981/4397/4095 5258/4935/4588
f 5258/4935/4588 1981/4397/4095 1982/4395/4093 5261/4938/4591
f 5261/4938/4591 1982/4395/4093 297/4394/4092 2183/4940/4593
f 5260/4936/4589 5261/4938/4591 2183/4940/4593 2182/4941/4594
f 5259/4937/4590 5260/4936/4589 2182/4941/4594 2181/4942/4595
f 2180/4943/4596 5259/4937/4590 2181/4942/4595 296/4944/4597
f 2179/4945/4598 5256/4933/4586 5259/4937/4590 2180/4943/4596
f 2178/4939/4592 5253/4930/4583 5256/4933/4586 2179/4945/4598
f 5262/4946/4599 5263/4947/4600 5266/4948/4601 5265/4949/4602
f 5263/4947/4600 5264/4950/4603 5267/4951/4604 5266/4948/4601
f 5265/4949/4602 5266/4948/4601 5269/4952/4605 5268/4953/4606
f 5266/4948/4601 5267/4951/4604 5270/4954/4607 5269/4952/4605
f 297/4394/4092 2186/4955/4608 5262/4946/4599 2183/4940/4593
f 2186/4955/4608 2185/4956/4609 5263/4947/4600 5262/4946/4599
f 2185/4956/4609 2184/4957/4610 5264/4950/4603 5263/4947/4600
f 2184/4957/4610 253/4327/4029 2187/4958/4611 5264/4950/4603
f 5264/4950/4603 2187/4958/4611 2188/4959/4612 5267/4951/4604
f 5267/4951/4604 2188/4959/4612 2189/4960/4613 5270/4954/4607
f 5270/4954/4607 2189/4960/4613 298/4961/4614 2192/4962/4615
f 5269/4952/4605 5270/4954/4607 2192/4962/4615 2191/4963/4616
f 5268/4953/4606 5269/4952/4605 2191/4963/4616 2190/4964/4617
f 2181/4942/4595 5268/4953/4606 2190/4964/4617 296/4944/4597
f 2182/4941/4594 5265/4949/4602 5268/4953/4606 2181/4942/4595
f 2183/4940/4593 5262/4946/4599 5265/4949/4602 2182/4941/4594
f 5271/4965/4618 5272/4966/4619 5275/4967/4620 5274/4968/4621
f 5272/4966/4619 5273/4969/4622 5276/4970/4623 5275/4967/4620
f 5274/4968/4621 5275/4967/4620 5278/4971/4624 5277/4972/4625
f 5275/4967/4620 5276/4970/4623 5279/4973/4626 5278/4971/4624
f 284/4806/4459 2124/4805/4458 5271/4965/4618 2193/4974/4627
f 2124/4805/4458 2125/4804/4457 5272/4966/4619 5271/4965/4618
f 2125/4804/4457 2126/4803/4456 5273/4969/4622 5272/4966/4619
f 2126/4803/4456 285/4802/4455 2196/4975/4628 5273/4969/4622
f 5273/4969/4622 2196/4975/4628 2197/4976/4629 5276/4970/4623
f 5276/4970/4623 2197/4976/4629 2198/4977/4630 5279/4973/4626
f 5279/4973/4626 2198/4977/4630 299/4978/4631 2201/4979/4632
f 5278/4971/4624 5279/4973/4626 2201/4979/4632 2200/4980/4633
f 5277/4972/4625 5278/4971/4624 2200/4980/4633 2199/4981/4634
f 2195/4982/4635 5277/4972/4625 2199/4981/4634 288/4848/4501
f 2194/4983/4636 5274/4968/4621 5277/4972/4625 2195/4982/4635
f 2193/4974/4627 5271/4965/4618 5274/4968/4621 2194/4983/4636
f 5280/4984/4637 5281/4985/4638 5284/4986/4639 5283/4987/4640
f 5281/4985/4638 5282/4988/4641 5285/4989/4642 5284/4986/4639
f 5283/4987/4640 5284/4986/4639 5287/4990/4643 5286/4991/4644
f 5284/4986/4639 5285/4989/4642 5288/4992/4645 5287/4990/4643
f 300/4993/4646 2205/4994/4647 5280/4984/4637 2204/4995/4648
f 2205/4994/4647 2206/4996/4649 5281/4985/4638 5280/4984/4637
f 2206/4996/4649 2207/4997/4650 5282/4988/4641 5281/4985/4638
f 2207/4997/4650 301/4998/4651 2210/4999/4652 5282/4988/4641
f 5282/4988/4641 2210/4999/4652 2209/5000/4653 5285/4989/4642
f 5285/4989/4642 2209/5000/4653 2208/5001/4654 5288/4992/4645
f 5288/4992/4645 2208/5001/4654 280/4726/4387 2112/4769/4426
f 5287/4990/4643 5288/4992/4645 2112/4769/4426 2113/4768/4425
f 5286/4991/4644 5287/4990/4643 2113/4768/4425 2114/4767/4424
f 2202/5002/4655 5286/4991/4644 2114/4767/4424 282/4766/4423
f 2203/5003/4656 5283/4987/4640 5286/4991/4644 2202/5002/4655
f 2204/4995/4648 5280/4984/4637 5283/4987/4640 2203/5003/4656
f 5289/5004/4657 5290/5005/4658 5293/5006/4659 5292/5007/4660
f 5290/5005/4658 5291/5008/4661 5294/5009/4662 5293/5006/4659
f 5292/5007/4660 5293/5006/4659 5296/5010/4663 5295/5011/4664
f 5293/5006/4659 5294/5009/4662 5297/5012/4665 5296/5010/4663
f 302/5013/4666 2216/5014/4667 5289/5004/4657 2213/5015/4668
f 2216/5014/4667 2215/5016/4669 5290/5005/4658 5289/5004/4657
f 2215/5016/4669 2214/5017/4670 5291/5008/4661 5290/5005/4658
f 2214/5017/4670 279/4730/4391 2097/4729/4390 5291/5008/4661
f 5291/5008/4661 2097/4729/4390 2098/4728/4389 5294/5009/4662
f 5294/5009/4662 2098/4728/4389 2099/4727/4388 5297/5012/4665
f 5297/5012/4665 2099/4727/4388 280/4726/4387 2208/5001/4654
f 5296/5010/4663 5297/5012/4665 2208/5001/4654 2209/5000/4653
f 5295/5011/4664 5296/5010/4663 2209/5000/4653 2210/4999/4652
f 2211/5018/4671 5295/5011/4664 2210/4999/4652 301/4998/4651
f 2212/5019/4672 5292/5007/4660 5295/5011/4664 2211/5018/4671
f 2213/5015/4668 5289/5004/4657 5292/5007/4660 2212/5019/4672
f 5298/5020/4673 5299/5021/4674 5302/5022/4675 5301/5023/4676
f 5299/5021/4674 5300/5024/4677 5303/5025/4678 5302/5022/4675
f 5301/5023/4676 5302/5022/4675 5305/5026/4679 5304/5027/4680
f 5302/5022/4675 5303/5025/4678 5306/5028/4681 5305/5026/4679
f 303/5029/4682 2222/5030/4683 5298/5020/4673 2217/5031/4684
f 2222/5030/4683 2221/5032/4685 5299/5021/4674 5298/5020/4673
f 2221/5032/4685 2220/5033/4686 5300/5024/4677 5299/5021/4674
f 2220/5033/4686 286/5034/4479 2223/5035/4687 5300/5024/4677
f 5300/5024/4677 2223/5035/4687 2224/5036/4688 5303/5025/4678
f 5303/5025/4678 2224/5036/4688 2225/5037/4689 5306/5028/4681
f 5306/5028/4681 2225/5037/4689 299/5038/4631 2226/5039/4690
f 5305/5026/4679 5306/5028/4681 2226/5039/4690 2227/5040/4691
f 5304/5027/4680 5305/5026/4679 2227/5040/4691 2228/5041/4692
f 2219/5042/4693 5304/5027/4680 2228/5041/4692 304/5043/4694
f 2218/5044/4695 5301/5023/4676 5304/5027/4680 2219/5042/4693
f 2217/5031/4684 5298/5020/4673 5301/5023/4676 2218/5044/4695
f 5307/5045/4696 5308/5046/4697 5311/5047/4698 5310/5048/4699
f 5308/5046/4697 5309/5049/4700 5312/5050/4701 5311/5047/4698
f 5310/5048/4699 5311/5047/4698 5314/5051/4702 5313/5052/4703
f 5311/5047/4698 5312/5050/4701 5315/5053/4704 5314/5051/4702
f 305/5054/4705 2234/5055/4706 5307/5045/4696 2231/5056/4707
f 2234/5055/4706 2233/5057/4708 5308/5046/4697 5307/5045/4696
f 2233/5057/4708 2232/5058/4709 5309/5049/4700 5308/5046/4697
f 2232/5058/4709 302/5013/4666 2213/5015/4668 5309/5049/4700
f 5309/5049/4700 2213/5015/4668 2212/5019/4672 5312/5050/4701
f 5312/5050/4701 2212/5019/4672 2211/5018/4671 5315/5053/4704
f 5315/5053/4704 2211/5018/4671 301/4998/4651 2235/5059/4710
f 5314/5051/4702 5315/5053/4704 2235/5059/4710 2236/5060/4711
f 5313/5052/4703 5314/5051/4702 2236/5060/4711 2237/5061/4712
f 2229/5062/4713 5313/5052/4703 2237/5061/4712 304/5043/4694
f 2230/5063/4714 5310/5048/4699 5313/5052/4703 2229/5062/4713
f 2231/5056/4707 5307/5045/4696 5310/5048/4699 2230/5063/4714
f 5316/5064/4715 5317/5065/4716 5320/5066/4717 5319/5067/4718
f 5317/5065/4716 5318/5068/4719 5321/5069/4720 5320/5066/4717
f 5319/5067/4718 5320/5066/4717 5323/5070/4721 5322/5071/4722
f 5320/5066/4717 5321/5069/4720 5324/5072/4723 5323/5070/4721
f 304/5043/4694 2237/5061/4712 5316/5064/4715 2219/5042/4693
f 2237/5061/4712 2236/5060/4711 5317/5065/4716 5316/5064/4715
f 2236/5060/4711 2235/5059/4710 5318/5068/4719 5317/5065/4716
f 2235/5059/4710 301/4998/4651 2207/4997/4650 5318/5068/4719
f 5318/5068/4719 2207/4997/4650 2206/4996/4649 5321/5069/4720
f 5321/5069/4720 2206/4996/4649 2205/4994/4647 5324/5072/4723
f 5324/5072/4723 2205/4994/4647 300/4993/4646 2238/5073/4724
f 5323/5070/4721 5324/5072/4723 2238/5073/4724 2239/5074/4725
f 5322/5071/4722 5323/5070/4721 2239/5074/4725 2240/5075/4726
f 2217/5031/4684 5322/5071/4722 2240/5075/4726 303/5029/4682
f 2218/5044/4695 5319/5067/4718 5322/5071/4722 2217/5031/4684
f 2219/5042/4693 5316/5064/4715 5319/5067/4718 2218/5044/4695
f 5325/5076/4727 5326/5077/4728 5329/5078/4729 5328/5079/4730
f 5326/5077/4728 5327/5080/4731 5330/5081/4732 5329/5078/4729
f 5328/5079/4730 5329/5078/4729 5332/5082/4733 5331/5083/4734
f 5329/5078/4729 5330/5081/4732 5333/5084/4735 5332/5082/4733
f 300/4993/4646 2204/4995/4648 5325/5076/4727 2238/5073/4724
f 2204/4995/4648 2203/5003/4656 5326/5077/4728 5325/5076/4727
f 2203/5003/4656 2202/5002/4655 5327/5080/4731 5326/5077/4728
f 2202/5002/4655 282/4766/4423 2136/5085/4482 5327/5080/4731
f 5327/5080/4731 2136/5085/4482 2137/5086/4481 5330/5081/4732
f 5330/5081/4732 2137/5086/4481 2138/5087/4480 5333/5084/4735
f 5333/5084/4735 2138/5087/4480 286/5034/4479 2220/5033/4686
f 5332/5082/4733 5333/5084/4735 2220/5033/4686 2221/5032/4685
f 5331/5083/4734 5332/5082/4733 2221/5032/4685 2222/5030/4683
f 2240/5075/4726 5331/5083/4734 2222/5030/4683 303/5029/4682
f 2239/5074/4725 5328/5079/4730 5331/5083/4734 2240/5075/4726
f 2238/5073/4724 5325/5076/4727 5328/5079/4730 2239/5074/4725
f 5334/5088/4736 5335/5089/4737 5338/5090/4738 5337/5091/4739
f 5335/5089/4737 5336/5092/4740 5339/5093/4741 5338/5090/4738
f 5337/5091/4739 5338/5090/4738 5341/5094/4742 5340/5095/4743
f 5338/5090/4738 5339/5093/4741 5342/5096/4744 5341/5094/4742
f 302/5013/4666 2232/5058/4709 5334/5088/4736 2216/5014/4667
f 2232/5058/4709 2233/5057/4708 5335/5089/4737 5334/5088/4736
f 2233/5057/4708 2234/5055/4706 5336/5092/4740 5335/5089/4737
f 2234/5055/4706 305/5054/4705 2243/5097/4745 5336/5092/4740
f 5336/5092/4740 2243/5097/4745 2242/5098/4746 5339/5093/4741
f 5339/5093/4741 2242/5098/4746 2241/5099/4747 5342/5096/4744
f 5342/5096/4744 2241/5099/4747 285/5100/4455 2123/5101/4454
f 5341/5094/4742 5342/5096/4744 2123/5101/4454 2122/5102/4453
f 5340/5095/4743 5341/5094/4742 2122/5102/4453 2121/5103/4452
f 2214/5017/4670 5340/5095/4743 2121/5103/4452 279/4730/4391
f 2215/5016/4669 5337/5091/4739 5340/5095/4743 2214/5017/4670
f 2216/5014/4667 5334/5088/4736 5337/5091/4739 2215/5016/4669
f 5343/5104/4748 5344/5105/4749 5347/5106/4750 5346/5107/4751
f 5344/5105/4749 5345/5108/4752 5348/5109/4753 5347/5106/4750
f 5346/5107/4751 5347/5106/4750 5350/5110/4754 5349/5111/4755
f 5347/5106/4750 5348/5109/4753 5351/5112/4756 5350/5110/4754
f 251/4301/4004 1940/4300/4003 5343/5104/4748 1950/5113/4021
f 1940/4300/4003 1939/4299/4002 5344/5105/4749 5343/5104/4748
f 1939/4299/4002 1938/4298/4001 5345/5108/4752 5344/5105/4749
f 1938/4298/4001 247/4257/3965 2244/5114/4757 5345/5108/4752
f 5345/5108/4752 2244/5114/4757 2245/5115/4758 5348/5109/4753
f 5348/5109/4753 2245/5115/4758 2246/5116/4759 5351/5112/4756
f 5351/5112/4756 2246/5116/4759 306/1330/1252 944/1369/1291
f 5350/5110/4754 5351/5112/4756 944/1369/1291 943/1368/1290
f 5349/5111/4755 5350/5110/4754 943/1368/1290 942/1367/1289
f 1952/5117/4024 5349/5111/4755 942/1367/1289 252/1366/1288
f 1951/5118/4023 5346/5107/4751 5349/5111/4755 1952/5117/4024
f 1950/5113/4021 5343/5104/4748 5346/5107/4751 1951/5118/4023
f 5352/5119/4760 5353/5120/4761 5356/5121/4762 5355/5122/4763
f 5353/5120/4761 5354/5123/4764 5357/5124/4765 5356/5121/4762
f 5355/5122/4763 5356/5121/4762 5359/5125/4766 5358/5126/4767
f 5356/5121/4762 5357/5124/4765 5360/5127/4768 5359/5125/4766
f 247/4257/3965 1925/4256/3964 5352/5119/4760 2244/5114/4757
f 1925/4256/3964 1924/4255/3963 5353/5120/4761 5352/5119/4760
f 1924/4255/3963 1923/4254/3962 5354/5123/4764 5353/5120/4761
f 1923/4254/3962 244/4253/3961 2247/5128/4769 5354/5123/4764
f 5354/5123/4764 2247/5128/4769 2248/5129/4770 5357/5124/4765
f 5357/5124/4765 2248/5129/4770 2249/5130/4771 5360/5127/4768
f 5360/5127/4768 2249/5130/4771 307/1314/1236 929/1333/1255
f 5359/5125/4766 5360/5127/4768 929/1333/1255 928/1332/1254
f 5358/5126/4767 5359/5125/4766 928/1332/1254 927/1331/1253
f 2246/5116/4759 5358/5126/4767 927/1331/1253 306/1330/1252
f 2245/5115/4758 5355/5122/4763 5358/5126/4767 2246/5116/4759
f 2244/5114/4757 5352/5119/4760 5355/5122/4763 2245/5115/4758
f 5361/5131/4772 5362/5132/4773 5365/5133/4774 5364/5134/4775
f 5362/5132/4773 5363/5135/4776 5366/5136/4777 5365/5133/4774
f 5364/5134/4775 5365/5133/4774 5368/5137/4778 5367/5138/4779
f 5365/5133/4774 5366/5136/4777 5369/5139/4780 5368/5137/4778
f 307/1840/1236 2249/5140/4771 5361/5131/4772 1110/1839/1726
f 2249/5140/4771 2248/5141/4770 5362/5132/4773 5361/5131/4772
f 2248/5141/4770 2247/5142/4769 5363/5135/4776 5362/5132/4773
f 2247/5142/4769 244/4282/3961 1935/4281/3989 5363/5135/4776
f 5363/5135/4776 1935/4281/3989 1936/4280/3988 5366/5136/4777
f 5366/5136/4777 1936/4280/3988 1937/4279/3987 5369/5139/4780
f 5369/5139/4780 1937/4279/3987 248/4278/3986 2250/5143/4781
f 5368/5137/4778 5369/5139/4780 2250/5143/4781 2251/5144/4782
f 5367/5138/4779 5368/5137/4778 2251/5144/4782 2252/5145/4783
f 1112/1828/1719 5367/5138/4779 2252/5145/4783 308/1826/1717
f 1111/1841/1727 5364/5134/4775 5367/5138/4779 1112/1828/1719
f 1110/1839/1726 5361/5131/4772 5364/5134/4775 1111/1841/1727
f 5370/5146/4784 5371/5147/4785 5374/5148/4786 5373/5149/4787
f 5371/5147/4785 5372/5150/4788 5375/5151/4789 5374/5148/4786
f 5373/5149/4787 5374/5148/4786 5377/5152/4790 5376/5153/4791
f 5374/5148/4786 5375/5151/4789 5378/5154/4792 5377/5152/4790
f 284/4806/4459 2193/4974/4627 5370/5146/4784 2129/4807/4460
f 2193/4974/4627 2194/4983/4636 5371/5147/4785 5370/5146/4784
f 2194/4983/4636 2195/4982/4635 5372/5150/4788 5371/5147/4785
f 2195/4982/4635 288/4848/4501 2145/4846/4499 5372/5150/4788
f 5372/5150/4788 2145/4846/4499 2146/4845/4498 5375/5151/4789
f 5375/5151/4789 2146/4845/4498 2147/4844/4497 5378/5154/4792
f 5378/5154/4792 2147/4844/4497 289/4843/4496 2255/5155/4793
f 5377/5152/4790 5378/5154/4792 2255/5155/4793 2254/5156/4794
f 5376/5153/4791 5377/5152/4790 2254/5156/4794 2253/5157/4795
f 2127/4809/4462 5376/5153/4791 2253/5157/4795 281/4750/4407
f 2128/4808/4461 5373/5149/4787 5376/5153/4791 2127/4809/4462
f 2129/4807/4460 5370/5146/4784 5373/5149/4787 2128/4808/4461
f 5379/5158/4796 5380/5159/4797 5383/5160/4798 5382/5161/4799
f 5380/5159/4797 5381/5162/4800 5384/5163/4801 5383/5160/4798
f 5382/5161/4799 5383/5160/4798 5386/5164/4802 5385/5165/4803
f 5383/5160/4798 5384/5163/4801 5387/5166/4804 5386/5164/4802
f 281/4750/4407 2253/5157/4795 5379/5158/4796 2108/4751/4408
f 2253/5157/4795 2254/5156/4794 5380/5159/4797 5379/5158/4796
f 2254/5156/4794 2255/5155/4793 5381/5162/4800 5380/5159/4797
f 2255/5155/4793 289/4843/4496 2148/4859/4512 5381/5162/4800
f 5381/5162/4800 2148/4859/4512 2149/4865/4518 5384/5163/4801
f 5384/5163/4801 2149/4865/4518 2150/4863/4516 5387/5166/4804
f 5387/5166/4804 2150/4863/4516 290/4864/4517 2258/5167/4805
f 5386/5164/4802 5387/5166/4804 2258/5167/4805 2257/5168/4806
f 5385/5165/4803 5386/5164/4802 2257/5168/4806 2256/5169/4807
f 2106/4753/4410 5385/5165/4803 2256/5169/4807 276/4674/4339
f 2107/4752/4409 5382/5161/4799 5385/5165/4803 2106/4753/4410
f 2108/4751/4408 5379/5158/4796 5382/5161/4799 2107/4752/4409
f 5388/5170/4808 5389/5171/4809 5392/5172/4810 5391/5173/4811
f 5389/5171/4809 5390/5174/4812 5393/5175/4813 5392/5172/4810
f 5391/5173/4811 5392/5172/4810 5395/5176/4814 5394/5177/4815
f 5392/5172/4810 5393/5175/4813 5396/5178/4816 5395/5176/4814
f 276/4674/4339 2256/5169/4807 5388/5170/4808 2081/4675/4340
f 2256/5169/4807 2257/5168/4806 5389/5171/4809 5388/5170/4808
f 2257/5168/4806 2258/5167/4805 5390/5174/4812 5389/5171/4809
f 2258/5167/4805 290/4864/4517 2154/4875/4528 5390/5174/4812
f 5390/5174/4812 2154/4875/4528 2155/4881/4534 5393/5175/4813
f 5393/5175/4813 2155/4881/4534 2156/4879/4532 5396/5178/4816
f 5396/5178/4816 2156/4879/4532 291/4880/4533 2261/5179/4817
f 5395/5176/4814 5396/5178/4816 2261/5179/4817 2260/5180/4818
f 5394/5177/4815 5395/5176/4814 2260/5180/4818 2259/5181/4819
f 2079/4677/4342 5394/5177/4815 2259/5181/4819 271/4598/4271
f 2080/4676/4341 5391/5173/4811 5394/5177/4815 2079/4677/4342
f 2081/4675/4340 5388/5170/4808 5391/5173/4811 2080/4676/4341
f 5397/5182/4820 5398/5183/4821 5401/5184/4822 5400/5185/4823
f 5398/5183/4821 5399/5186/4824 5402/5187/4825 5401/5184/4822
f 5400/5185/4823 5401/5184/4822 5404/5188/4826 5403/5189/4827
f 5401/5184/4822 5402/5187/4825 5405/5190/4828 5404/5188/4826
f 271/4598/4271 2259/5181/4819 5397/5182/4820 2054/4599/4272
f 2259/5181/4819 2260/5180/4818 5398/5183/4821 5397/5182/4820
f 2260/5180/4818 2261/5179/4817 5399/5186/4824 5398/5183/4821
f 2261/5179/4817 291/4880/4533 2160/4891/4544 5399/5186/4824
f 5399/5186/4824 2160/4891/4544 2161/4897/4550 5402/5187/4825
f 5402/5187/4825 2161/4897/4550 2162/4895/4548 5405/5190/4828
f 5405/5190/4828 2162/4895/4548 292/4896/4549 2264/5191/4829
f 5404/5188/4826 5405/5190/4828 2264/5191/4829 2263/5192/4830
f 5403/5189/4827 5404/5188/4826 2263/5192/4830 2262/5193/4831
f 2052/4601/4274 5403/5189/4827 2262/5193/4831 265/4522/4203
f 2053/4600/4273 5400/5185/4823 5403/5189/4827 2052/4601/4274
f 2054/4599/4272 5397/5182/4820 5400/5185/4823 2053/4600/4273
f 5406/5194/4832 5407/5195/4833 5410/5196/4834 5409/5197/4835
f 5407/5195/4833 5408/5198/4836 5411/5199/4837 5410/5196/4834
f 5409/5197/4835 5410/5196/4834 5413/5200/4838 5412/5201/4839
f 5410/5196/4834 5411/5199/4837 5414/5202/4840 5413/5200/4838
f 265/4522/4203 2262/5193/4831 5406/5194/4832 2027/4523/4204
f 2262/5193/4831 2263/5192/4830 5407/5195/4833 5406/5194/4832
f 2263/5192/4830 2264/5191/4829 5408/5198/4836 5407/5195/4833
f 2264/5191/4829 292/4896/4549 2166/4907/4560 5408/5198/4836
f 5408/5198/4836 2166/4907/4560 2167/4913/4566 5411/5199/4837
f 5411/5199/4837 2167/4913/4566 2168/4911/4564 5414/5202/4840
f 5414/5202/4840 2168/4911/4564 293/4912/4565 2267/5203/4841
f 5413/5200/4838 5414/5202/4840 2267/5203/4841 2266/5204/4842
f 5412/5201/4839 5413/5200/4838 2266/5204/4842 2265/5205/4843
f 2025/4525/4206 5412/5201/4839 2265/5205/4843 261/4446/4135
f 2026/4524/4205 5409/5197/4835 5412/5201/4839 2025/4525/4206
f 2027/4523/4204 5406/5194/4832 5409/5197/4835 2026/4524/4205
f 5415/5206/4844 5416/5207/4845 5419/5208/4846 5418/5209/4847
f 5416/5207/4845 5417/5210/4848 5420/5211/4849 5419/5208/4846
f 5418/5209/4847 5419/5208/4846 5422/5212/4850 5421/5213/4851
f 5419/5208/4846 5420/5211/4849 5423/5214/4852 5422/5212/4850
f 261/4446/4135 2265/5205/4843 5415/5206/4844 2000/4447/4136
f 2265/5205/4843 2266/5204/4842 5416/5207/4845 5415/5206/4844
f 2266/5204/4842 2267/5203/4841 5417/5210/4848 5416/5207/4845
f 2267/5203/4841 293/4912/4565 2172/4923/4576 5417/5210/4848
f 5417/5210/4848 2172/4923/4576 2173/4929/4582 5420/5211/4849
f 5420/5211/4849 2173/4929/4582 2174/4927/4580 5423/5214/4852
f 5423/5214/4852 2174/4927/4580 294/4928/4581 2270/5215/4853
f 5422/5212/4850 5423/5214/4852 2270/5215/4853 2269/5216/4854
f 5421/5213/4851 5422/5212/4850 2269/5216/4854 2268/5217/4855
f 1998/4449/4138 5421/5213/4851 2268/5217/4855 257/4365/4063
f 1999/4448/4137 5418/5209/4847 5421/5213/4851 1998/4449/4138
f 2000/4447/4136 5415/5206/4844 5418/5209/4847 1999/4448/4137
f 5424/5218/4856 5425/5219/4857 5428/5220/4858 5427/5221/4859
f 5425/5219/4857 5426/5222/4860 5429/5223/4861 5428/5220/4858
f 5427/5221/4859 5428/5220/4858 5431/5224/4862 5430/5225/4863
f 5428/5220/4858 5429/5223/4861 5432/5226/4864 5431/5224/4862
f 257/4365/4063 2268/5217/4855 5424/5218/4856 1970/4366/4064
f 2268/5217/4855 2269/5216/4854 5425/5219/4857 5424/5218/4856
f 2269/5216/4854 2270/5215/4853 5426/5222/4860 5425/5219/4857
f 2270/5215/4853 294/4928/4581 2178/4939/4592 5426/5222/4860
f 5426/5222/4860 2178/4939/4592 2179/4945/4598 5429/5223/4861
f 5429/5223/4861 2179/4945/4598 2180/4943/4596 5432/5226/4864
f 5432/5226/4864 2180/4943/4596 296/4944/4597 2273/5227/4865
f 5431/5224/4862 5432/5226/4864 2273/5227/4865 2272/5228/4866
f 5430/5225/4863 5431/5224/4862 2272/5228/4866 2271/5229/4867
f 1968/4368/4066 5430/5225/4863 2271/5229/4867 249/4273/3981
f 1969/4367/4065 5427/5221/4859 5430/5225/4863 1968/4368/4066
f 1970/4366/4064 5424/5218/4856 5427/5221/4859 1969/4367/4065
f 5433/5230/4868 5434/5231/4869 5437/5232/4870 5436/5233/4871
f 5434/5231/4869 5435/5234/4872 5438/5235/4873 5437/5232/4870
f 5436/5233/4871 5437/5232/4870 5440/5236/4874 5439/5237/4875
f 5437/5232/4870 5438/5235/4873 5441/5238/4876 5440/5236/4874
f 296/4944/4597 2190/4964/4617 5433/5230/4868 2273/5227/4865
f 2190/4964/4617 2191/4963/4616 5434/5231/4869 5433/5230/4868
f 2191/4963/4616 2192/4962/4615 5435/5234/4872 5434/5231/4869
f 2192/4962/4615 298/4961/4614 2276/5239/4877 5435/5234/4872
f 5435/5234/4872 2276/5239/4877 2275/5240/4878 5438/5235/4873
f 5438/5235/4873 2275/5240/4878 2274/5241/4879 5441/5238/4876
f 5441/5238/4876 2274/5241/4879 248/4278/3986 1932/4277/3985
f 5440/5236/4874 5441/5238/4876 1932/4277/3985 1933/4276/3984
f 5439/5237/4875 5440/5236/4874 1933/4276/3984 1934/4274/3982
f 2271/5229/4867 5439/5237/4875 1934/4274/3982 249/4273/3981
f 2272/5228/4866 5436/5233/4871 5439/5237/4875 2271/5229/4867
f 2273/5227/4865 5433/5230/4868 5436/5233/4871 2272/5228/4866
f 5442/5242/4880 5443/5243/4881 5446/5244/4882 5445/5245/4883
f 5443/5243/4881 5444/5246/4884 5447/5247/4885 5446/5244/4882
f 5445/5245/4883 5446/5244/4882 5449/5248/4886 5448/5249/4887
f 5446/5244/4882 5447/5247/4885 5450/5250/4888 5449/5248/4886
f 287/4822/4475 2139/4839/4492 5442/5242/4880 2135/4823/4476
f 2139/4839/4492 2140/4849/4502 5443/5243/4881 5442/5242/4880
f 2140/4849/4502 2141/4847/4500 5444/5246/4884 5443/5243/4881
f 2141/4847/4500 288/4848/4501 2199/4981/4634 5444/5246/4884
f 5444/5246/4884 2199/4981/4634 2200/4980/4633 5447/5247/4885
f 5447/5247/4885 2200/4980/4633 2201/4979/4632 5450/5250/4888
f 5450/5250/4888 2201/4979/4632 299/4978/4631 2225/5251/4689
f 5449/5248/4886 5450/5250/4888 2225/5251/4689 2224/5252/4688
f 5448/5249/4887 5449/5248/4886 2224/5252/4688 2223/5253/4687
f 2133/4825/4478 5448/5249/4887 2223/5253/4687 286/4826/4479
f 2134/4824/4477 5445/5245/4883 5448/5249/4887 2133/4825/4478
f 2135/4823/4476 5442/5242/4880 5445/5245/4883 2134/4824/4477
f 5451/5254/4889 5452/5255/4890 5455/5256/4891 5454/5257/4892
f 5452/5255/4890 5453/5258/4893 5456/5259/4894 5455/5256/4891
f 5454/5257/4892 5455/5256/4891 5458/5260/4895 5457/5261/4896
f 5455/5256/4891 5456/5259/4894 5459/5262/4897 5458/5260/4895
f 305/5054/4705 2231/5056/4707 5451/5254/4889 2243/5097/4745
f 2231/5056/4707 2230/5063/4714 5452/5255/4890 5451/5254/4889
f 2230/5063/4714 2229/5062/4713 5453/5258/4893 5452/5255/4890
f 2229/5062/4713 304/5043/4694 2228/5041/4692 5453/5258/4893
f 5453/5258/4893 2228/5041/4692 2227/5040/4691 5456/5259/4894
f 5456/5259/4894 2227/5040/4691 2226/5039/4690 5459/5262/4897
f 5459/5262/4897 2226/5039/4690 299/5038/4631 2198/5263/4630
f 5458/5260/4895 5459/5262/4897 2198/5263/4630 2197/5264/4629
f 5457/5261/4896 5458/5260/4895 2197/5264/4629 2196/5265/4628
f 2241/5099/4747 5457/5261/4896 2196/5265/4628 285/5100/4455
f 2242/5098/4746 5454/5257/4892 5457/5261/4896 2241/5099/4747
f 2243/5097/4745 5451/5254/4889 5454/5257/4892 2242/5098/4746
f 5460/5266/4898 5461/5267/4899 5464/5268/4900 5463/5269/4901
f 5461/5267/4899 5462/5270/4902 5465/5271/4903 5464/5268/4900
f 5463/5269/4901 5464/5268/4900 5467/5272/4904 5466/5273/4905
f 5464/5268/4900 5465/5271/4903 5468/5274/4906 5467/5272/4904
f 251/4318/4004 1947/4320/4022 5460/5266/4898 1943/5275/4005
f 1947/4320/4022 1948/4328/4030 5461/5267/4899 5460/5266/4898
f 1948/4328/4030 1949/4326/4028 5462/5270/4902 5461/5267/4899
f 1949/4326/4028 253/4327/4029 2184/4957/4610 5462/5270/4902
f 5462/5270/4902 2184/4957/4610 2185/4956/4609 5465/5271/4903
f 5465/5271/4903 2185/4956/4609 2186/4955/4608 5468/5274/4906
f 5468/5274/4906 2186/4955/4608 297/4394/4092 1979/4396/4094
f 5467/5272/4904 5468/5274/4906 1979/4396/4094 1978/4409/4102
f 5466/5273/4905 5467/5272/4904 1978/4409/4102 1977/4407/4101
f 1941/5276/4007 5466/5273/4905 1977/4407/4101 250/4408/4008
f 1942/5277/4006 5463/5269/4901 5466/5273/4905 1941/5276/4007
f 1943/5275/4005 5460/5266/4898 5463/5269/4901 1942/5277/4006
f 5469/5278/4907 5470/5279/4908 5473/5280/4909 5472/5281/4910
f 5470/5279/4908 5471/5282/4911 5474/5283/4912 5473/5280/4909
f 5472/5281/4910 5473/5280/4909 5476/5284/4913 5475/5285/4914
f 5473/5280/4909 5474/5283/4912 5477/5286/4915 5476/5284/4913
f 308/1826/1717 2252/5145/4783 5469/5278/4907 2277/5287/4916
f 2252/5145/4783 2251/5144/4782 5470/5279/4908 5469/5278/4907
f 2251/5144/4782 2250/5143/4781 5471/5282/4911 5470/5279/4908
f 2250/5143/4781 248/4278/3986 2274/5241/4879 5471/5282/4911
f 5471/5282/4911 2274/5241/4879 2275/5240/4878 5474/5283/4912
f 5474/5283/4912 2275/5240/4878 2276/5239/4877 5477/5286/4915
f 5477/5286/4915 2276/5239/4877 298/4961/4614 2280/5288/4917
f 5476/5284/4913 5477/5286/4915 2280/5288/4917 2281/5289/4918
f 5475/5285/4914 5476/5284/4913 2281/5289/4918 2282/5290/4919
f 2279/5291/4920 5475/5285/4914 2282/5290/4919 309/5292/4921
f 2278/5293/4922 5472/5281/4910 5475/5285/4914 2279/5291/4920
f 2277/5287/4916 5469/5278/4907 5472/5281/4910 2278/5293/4922
f 5478/5294/4923 5479/5295/4924 5482/5296/4925 5481/5297/4926
f 5479/5295/4924 5480/5298/4927 5483/5299/4928 5482/5296/4925
f 5481/5297/4926 5482/5296/4925 5485/5300/4929 5484/5301/4930
f 5482/5296/4925 5483/5299/4928 5486/5302/4931 5485/5300/4929
f 309/5292/4921 2282/5290/4919 5478/5294/4923 2285/5303/4932
f 2282/5290/4919 2281/5289/4918 5479/5295/4924 5478/5294/4923
f 2281/5289/4918 2280/5288/4917 5480/5298/4927 5479/5295/4924
f 2280/5288/4917 298/4961/4614 2189/4960/4613 5480/5298/4927
f 5480/5298/4927 2189/4960/4613 2188/4959/4612 5483/5299/4928
f 5483/5299/4928 2188/4959/4612 2187/4958/4611 5486/5302/4931
f 5486/5302/4931 2187/4958/4611 253/4327/4029 1953/4325/4027
f 5485/5300/4929 5486/5302/4931 1953/4325/4027 1954/4324/4026
f 5484/5301/4930 5485/5300/4929 1954/4324/4026 1955/4323/4025
f 2283/5304/4933 5484/5301/4930 1955/4323/4025 254/1790/1688
f 2284/5305/4934 5481/5297/4926 5484/5301/4930 2283/5304/4933
f 2285/5303/4932 5478/5294/4923 5481/5297/4926 2284/5305/4934
f 5487/5306/4935 5488/5307/4936 5491/5308/4937 5490/5309/4938
f 5488/5307/4936 5489/5310/4939 5492/5311/4940 5491/5308/4937
f 5490/5309/4938 5491/5308/4937 5494/5312/4941 5493/5313/4942
f 5491/5308/4937 5492/5311/4940 5495/5314/4943 5494/5312/4941
f 308/1826/1717 2277/5287/4916 5487/5306/4935 1115/1827/1718
f 2277/5287/4916 2278/5293/4922 5488/5307/4936 5487/5306/4935
f 2278/5293/4922 2279/5291/4920 5489/5310/4939 5488/5307/4936
f 2279/5291/4920 309/5292/4921 2288/5315/4944 5489/5310/4939
f 5489/5310/4939 2288/5315/4944 2287/5316/4945 5492/5311/4940
f 5492/5311/4940 2287/5316/4945 2286/5317/4946 5495/5314/4943
f 5495/5314/4943 2286/5317/4946 95/1919/1800 1914/4236/3944
f 5494/5312/4941 5495/5314/4943 1914/4236/3944 1915/4238/3946
f 5493/5313/4942 5494/5312/4941 1915/4238/3946 1916/4237/3945
f 1113/1830/1721 5493/5313/4942 1916/4237/3945 189/1831/1722
f 1114/1829/1720 5490/5309/4938 5493/5313/4942 1113/1830/1721
f 1115/1827/1718 5487/5306/4935 5490/5309/4938 1114/1829/1720
f 5496/5318/4947 5497/5319/4948 5500/5320/4949 5499/5321/4950
f 5497/5319/4948 5498/5322/4951 5501/5323/4952 5500/5320/4949
f 5499/5321/4950 5500/5320/4949 5503/5324/4953 5502/5325/4954
f 5500/5320/4949 5501/5323/4952 5504/5326/4955 5503/5324/4953
f 95/1919/1800 2289/5327/4956 5496/5318/4947 1143/1918/1799
f 2289/5327/4956 2290/5328/4957 5497/5319/4948 5496/5318/4947
f 2290/5328/4957 2291/5329/4958 5498/5322/4951 5497/5319/4948
f 2291/5329/4958 310/5330/4959 2292/5331/4960 5498/5322/4951
f 5498/5322/4951 2292/5331/4960 2293/5332/4961 5501/5323/4952
f 5501/5323/4952 2293/5332/4961 2294/5333/4962 5504/5326/4955
f 5504/5326/4955 2294/5333/4962 336/1898/1779 1139/1897/1778
f 5503/5324/4953 5504/5326/4955 1139/1897/1778 1138/1896/1777
f 5502/5325/4954 5503/5324/4953 1138/1896/1777 1137/1895/1776
f 1145/1912/1793 5502/5325/4954 1137/1895/1776 178/1677/1586
f 1144/1920/1801 5499/5321/4950 5502/5325/4954 1145/1912/1793
f 1143/1918/1799 5496/5318/4947 5499/5321/4950 1144/1920/1801
f 5505/5334/4963 5506/5335/4964 5509/5336/4965 5508/5337/4966
f 5506/5335/4964 5507/5338/4967 5510/5339/4968 5509/5336/4965
f 5508/5337/4966 5509/5336/4965 5512/5340/4969 5511/5341/4970
f 5509/5336/4965 5510/5339/4968 5513/5342/4971 5512/5340/4969
f 309/5292/4921 2295/5343/4972 5505/5334/4963 2288/5315/4944
f 2295/5343/4972 2296/5344/4973 5506/5335/4964 5505/5334/4963
f 2296/5344/4973 2297/5345/4974 5507/5338/4967 5506/5335/4964
f 2297/5345/4974 311/5346/4975 2300/5347/4976 5507/5338/4967
f 5507/5338/4967 2300/5347/4976 2299/5348/4977 5510/5339/4968
f 5510/5339/4968 2299/5348/4977 2298/5349/4978 5513/5342/4971
f 5513/5342/4971 2298/5349/4978 310/5330/4959 2291/5329/4958
f 5512/5340/4969 5513/5342/4971 2291/5329/4958 2290/5328/4957
f 5511/5341/4970 5512/5340/4969 2290/5328/4957 2289/5327/4956
f 2286/5317/4946 5511/5341/4970 2289/5327/4956 95/1919/1800
f 2287/5316/4945 5508/5337/4966 5511/5341/4970 2286/5317/4946
f 2288/5315/4944 5505/5334/4963 5508/5337/4966 2287/5316/4945
f 5514/5350/4979 5515/5351/4980 5518/5352/4981 5517/5353/4982
f 5515/5351/4980 5516/5354/4983 5519/5355/4984 5518/5352/4981
f 5517/5353/4982 5518/5352/4981 5521/5356/4985 5520/5357/4986
f 5518/5352/4981 5519/5355/4984 5522/5358/4987 5521/5356/4985
f 311/5346/4975 2297/5345/4974 5514/5350/4979 2303/5359/4988
f 2297/5345/4974 2296/5344/4973 5515/5351/4980 5514/5350/4979
f 2296/5344/4973 2295/5343/4972 5516/5354/4983 5515/5351/4980
f 2295/5343/4972 309/5292/4921 2285/5303/4932 5516/5354/4983
f 5516/5354/4983 2285/5303/4932 2284/5305/4934 5519/5355/4984
f 5519/5355/4984 2284/5305/4934 2283/5304/4933 5522/5358/4987
f 5522/5358/4987 2283/5304/4933 254/1790/1688 1100/1789/1687
f 5521/5356/4985 5522/5358/4987 1100/1789/1687 1099/1788/1686
f 5520/5357/4986 5521/5356/4985 1099/1788/1686 1098/1787/1685
f 2301/5360/4989 5520/5357/4986 1098/1787/1685 93/1770/1672
f 2302/5361/4990 5517/5353/4982 5520/5357/4986 2301/5360/4989
f 2303/5359/4988 5514/5350/4979 5517/5353/4982 2302/5361/4990
f 5523/5362/4991 5524/5363/4992 5527/5364/4993 5526/5365/4994
f 5524/5363/4992 5525/5366/4995 5528/5367/4996 5527/5364/4993
f 5526/5365/4994 5527/5364/4993 5530/5368/4997 5529/5369/4998
f 5527/5364/4993 5528/5367/4996 5531/5370/4999 5530/5368/4997
f 339/5371/5000 2307/5372/5001 5523/5362/4991 2304/5373/5002
f 2307/5372/5001 2308/5374/5003 5524/5363/4992 5523/5362/4991
f 2308/5374/5003 2309/5375/5004 5525/5366/4995 5524/5363/4992
f 2309/5375/5004 382/5376/5005 2312/5377/5006 5525/5366/4995
f 5525/5366/4995 2312/5377/5006 2311/5378/5007 5528/5367/4996
f 5528/5367/4996 2311/5378/5007 2310/5379/5008 5531/5370/4999
f 5531/5370/4999 2310/5379/5008 14/109/109 447/107/107
f 5530/5368/4997 5531/5370/4999 447/107/107 448/106/106
f 5529/5369/4998 5530/5368/4997 448/106/106 449/105/105
f 2306/5380/5009 5529/5369/4998 449/105/105 381/104/104
f 2305/5381/5010 5526/5365/4994 5529/5369/4998 2306/5380/5009
f 2304/5373/5002 5523/5362/4991 5526/5365/4994 2305/5381/5010
f 5532/5382/5011 5533/5383/5012 5536/5384/5013 5535/5385/5014
f 5533/5383/5012 5534/5386/5015 5537/5387/5016 5536/5384/5013
f 5535/5385/5014 5536/5384/5013 5539/5388/5017 5538/5389/5018
f 5536/5384/5013 5537/5387/5016 5540/5390/5019 5539/5388/5017
f 311/5346/4975 2313/5391/5020 5532/5382/5011 2300/5347/4976
f 2313/5391/5020 2314/5392/5021 5533/5383/5012 5532/5382/5011
f 2314/5392/5021 2315/5393/5022 5534/5386/5015 5533/5383/5012
f 2315/5393/5022 314/5394/5023 2318/5395/5024 5534/5386/5015
f 5534/5386/5015 2318/5395/5024 2317/5396/5025 5537/5387/5016
f 5537/5387/5016 2317/5396/5025 2316/5397/5026 5540/5390/5019
f 5540/5390/5019 2316/5397/5026 313/5398/5027 2321/5399/5028
f 5539/5388/5017 5540/5390/5019 2321/5399/5028 2320/5400/5029
f 5538/5389/5018 5539/5388/5017 2320/5400/5029 2319/5401/5030
f 2298/5349/4978 5538/5389/5018 2319/5401/5030 310/5330/4959
f 2299/5348/4977 5535/5385/5014 5538/5389/5018 2298/5349/4978
f 2300/5347/4976 5532/5382/5011 5535/5385/5014 2299/5348/4977
f 5541/5402/5031 5542/5403/5032 5545/5404/5033 5544/5405/5034
f 5542/5403/5032 5543/5406/5035 5546/5407/5036 5545/5404/5033
f 5544/5405/5034 5545/5404/5033 5548/5408/5037 5547/5409/5038
f 5545/5404/5033 5546/5407/5036 5549/5410/5039 5548/5408/5037
f 93/1770/1672 1092/1769/1671 5541/5402/5031 2301/5360/4989
f 1092/1769/1671 1093/1768/1670 5542/5403/5032 5541/5402/5031
f 1093/1768/1670 1094/1767/1669 5543/5406/5035 5542/5403/5032
f 1094/1767/1669 312/1766/1668 2322/5411/5040 5543/5406/5035
f 5543/5406/5035 2322/5411/5040 2323/5412/5041 5546/5407/5036
f 5546/5407/5036 2323/5412/5041 2324/5413/5042 5549/5410/5039
f 5549/5410/5039 2324/5413/5042 314/5394/5023 2315/5393/5022
f 5548/5408/5037 5549/5410/5039 2315/5393/5022 2314/5392/5021
f 5547/5409/5038 5548/5408/5037 2314/5392/5021 2313/5391/5020
f 2303/5359/4988 5547/5409/5038 2313/5391/5020 311/5346/4975
f 2302/5361/4990 5544/5405/5034 5547/5409/5038 2303/5359/4988
f 2301/5360/4989 5541/5402/5031 5544/5405/5034 2302/5361/4990
f 5550/5414/5043 5551/5415/5044 5554/5416/5045 5553/5417/5046
f 5551/5415/5044 5552/5418/5047 5555/5419/5048 5554/5416/5045
f 5553/5417/5046 5554/5416/5045 5557/5420/5049 5556/5421/5050
f 5554/5416/5045 5555/5419/5048 5558/5422/5051 5557/5420/5049
f 382/5376/5005 2330/5423/5052 5550/5414/5043 2327/5424/5053
f 2330/5423/5052 2329/5425/5054 5551/5415/5044 5550/5414/5043
f 2329/5425/5054 2328/5426/5055 5552/5418/5047 5551/5415/5044
f 2328/5426/5055 320/5427/5056 2333/5428/5057 5552/5418/5047
f 5552/5418/5047 2333/5428/5057 2332/5429/5058 5555/5419/5048
f 5555/5419/5048 2332/5429/5058 2331/5430/5059 5558/5422/5051
f 5558/5422/5051 2331/5430/5059 317/369/353 809/1021/952
f 5557/5420/5049 5558/5422/5051 809/1021/952 808/1020/951
f 5556/5421/5050 5557/5420/5049 808/1020/951 807/1019/950
f 2325/5431/5060 5556/5421/5050 807/1019/950 22/320/306
f 2326/5432/5061 5553/5417/5046 5556/5421/5050 2325/5431/5060
f 2327/5424/5053 5550/5414/5043 5553/5417/5046 2326/5432/5061
f 5559/5433/5062 5560/5434/5063 5563/5435/5064 5562/5436/5065
f 5560/5434/5063 5561/5437/5066 5564/5438/5067 5563/5435/5064
f 5562/5436/5065 5563/5435/5064 5566/5439/5068 5565/5440/5069
f 5563/5435/5064 5564/5438/5067 5567/5441/5070 5566/5439/5068
f 320/5427/5056 2328/5426/5055 5559/5433/5062 2334/5442/5071
f 2328/5426/5055 2329/5425/5054 5560/5434/5063 5559/5433/5062
f 2329/5425/5054 2330/5423/5052 5561/5437/5066 5560/5434/5063
f 2330/5423/5052 382/5376/5005 2309/5375/5004 5561/5437/5066
f 5561/5437/5066 2309/5375/5004 2308/5374/5003 5564/5438/5067
f 5564/5438/5067 2308/5374/5003 2307/5372/5001 5567/5441/5070
f 5567/5441/5070 2307/5372/5001 339/5371/5000 2339/5443/5072
f 5566/5439/5068 5567/5441/5070 2339/5443/5072 2338/5444/5073
f 5565/5440/5069 5566/5439/5068 2338/5444/5073 2337/5445/5074
f 2336/5446/5075 5565/5440/5069 2337/5445/5074 338/5447/5076
f 2335/5448/5077 5562/5436/5065 5565/5440/5069 2336/5446/5075
f 2334/5442/5071 5559/5433/5062 5562/5436/5065 2335/5448/5077
f 5568/5449/5078 5569/5450/5079 5572/5451/5080 5571/5452/5081
f 5569/5450/5079 5570/5453/5082 5573/5454/5083 5572/5451/5080
f 5571/5452/5081 5572/5451/5080 5575/5455/5084 5574/5456/5085
f 5572/5451/5080 5573/5454/5083 5576/5457/5086 5575/5455/5084
f 321/5458/5087 2343/5459/5088 5568/5449/5078 2340/5460/5089
f 2343/5459/5088 2344/5461/5090 5569/5450/5079 5568/5449/5078
f 2344/5461/5090 2345/5462/5091 5570/5453/5082 5569/5450/5079
f 2345/5462/5091 384/5463/5092 2348/5464/5093 5570/5453/5082
f 5570/5453/5082 2348/5464/5093 2347/5465/5094 5573/5454/5083
f 5573/5454/5083 2347/5465/5094 2346/5466/5095 5576/5457/5086
f 5576/5457/5086 2346/5466/5095 319/5467/5096 2349/5468/5097
f 5575/5455/5084 5576/5457/5086 2349/5468/5097 2350/5469/5098
f 5574/5456/5085 5575/5455/5084 2350/5469/5098 2351/5470/5099
f 2342/5471/5100 5574/5456/5085 2351/5470/5099 388/5472/5101
f 2341/5473/5102 5571/5452/5081 5574/5456/5085 2342/5471/5100
f 2340/5460/5089 5568/5449/5078 5571/5452/5081 2341/5473/5102
f 5577/5474/5103 5578/5475/5104 5581/5476/5105 5580/5477/5106
f 5578/5475/5104 5579/5478/5107 5582/5479/5108 5581/5476/5105
f 5580/5477/5106 5581/5476/5105 5584/5480/5109 5583/5481/5110
f 5581/5476/5105 5582/5479/5108 5585/5482/5111 5584/5480/5109
f 335/5483/5112 2355/5484/5113 5577/5474/5103 2354/5485/5114
f 2355/5484/5113 2356/5486/5115 5578/5475/5104 5577/5474/5103
f 2356/5486/5115 2357/5487/5116 5579/5478/5107 5578/5475/5104
f 2357/5487/5116 390/5488/5117 2360/5489/5118 5579/5478/5107
f 5579/5478/5107 2360/5489/5118 2359/5490/5119 5582/5479/5108
f 5582/5479/5108 2359/5490/5119 2358/5491/5120 5585/5482/5111
f 5585/5482/5111 2358/5491/5120 389/5492/5121 2363/5493/5122
f 5584/5480/5109 5585/5482/5111 2363/5493/5122 2362/5494/5123
f 5583/5481/5110 5584/5480/5109 2362/5494/5123 2361/5495/5124
f 2352/5496/5125 5583/5481/5110 2361/5495/5124 316/5497/690
f 2353/5498/5126 5580/5477/5106 5583/5481/5110 2352/5496/5125
f 2354/5485/5114 5577/5474/5103 5580/5477/5106 2353/5498/5126
f 5586/5499/5127 5587/5500/5128 5590/5501/5129 5589/5502/5130
f 5587/5500/5128 5588/5503/5131 5591/5504/5132 5590/5501/5129
f 5589/5502/5130 5590/5501/5129 5593/5505/5133 5592/5506/5134
f 5590/5501/5129 5591/5504/5132 5594/5507/5135 5593/5505/5133
f 319/5467/5096 2367/5508/5136 5586/5499/5127 2364/5509/5137
f 2367/5508/5136 2368/5510/5138 5587/5500/5128 5586/5499/5127
f 2368/5510/5138 2369/5511/5139 5588/5503/5131 5587/5500/5128
f 2369/5511/5139 383/5512/5140 2372/5513/5141 5588/5503/5131
f 5588/5503/5131 2372/5513/5141 2371/5514/5142 5591/5504/5132
f 5591/5504/5132 2371/5514/5142 2370/5515/5143 5594/5507/5135
f 5594/5507/5135 2370/5515/5143 320/5427/5056 2334/5442/5071
f 5593/5505/5133 5594/5507/5135 2334/5442/5071 2335/5448/5077
f 5592/5506/5134 5593/5505/5133 2335/5448/5077 2336/5446/5075
f 2366/5516/5144 5592/5506/5134 2336/5446/5075 338/5447/5076
f 2365/5517/5145 5589/5502/5130 5592/5506/5134 2366/5516/5144
f 2364/5509/5137 5586/5499/5127 5589/5502/5130 2365/5517/5145
f 5595/5518/5146 5596/5519/5147 5599/5520/5148 5598/5521/5149
f 5596/5519/5147 5597/5522/5150 5600/5523/5151 5599/5520/5148
f 5598/5521/5149 5599/5520/5148 5602/5524/5152 5601/5525/5153
f 5599/5520/5148 5600/5523/5151 5603/5526/5154 5602/5524/5152
f 377/721/676 698/719/674 5595/5518/5146 2373/5527/5155
f 698/719/674 697/718/673 5596/5519/5147 5595/5518/5146
f 697/718/673 696/717/672 5597/5522/5150 5596/5519/5147
f 696/717/672 323/716/671 2376/5528/5156 5597/5522/5150
f 5597/5522/5150 2376/5528/5156 2377/5529/5157 5600/5523/5151
f 5600/5523/5151 2377/5529/5157 2378/5530/5158 5603/5526/5154
f 5603/5526/5154 2378/5530/5158 397/5531/5159 2381/5532/5160
f 5602/5524/5152 5603/5526/5154 2381/5532/5160 2380/5533/5161
f 5601/5525/5153 5602/5524/5152 2380/5533/5161 2379/5534/5162
f 2375/5535/5163 5601/5525/5153 2379/5534/5162 394/5536/5164
f 2374/5537/5165 5598/5521/5149 5601/5525/5153 2375/5535/5163
f 2373/5527/5155 5595/5518/5146 5598/5521/5149 2374/5537/5165
f 5604/5538/5166 5605/5539/5167 5608/5540/5168 5607/5541/5169
f 5605/5539/5167 5606/5542/5170 5609/5543/5171 5608/5540/5168
f 5607/5541/5169 5608/5540/5168 5611/5544/5172 5610/5545/5173
f 5608/5540/5168 5609/5543/5171 5612/5546/5174 5611/5544/5172
f 334/5547/5175 2385/5548/5176 5604/5538/5166 2382/5549/5177
f 2385/5548/5176 2386/5550/5178 5605/5539/5167 5604/5538/5166
f 2386/5550/5178 2387/5551/5179 5606/5542/5170 5605/5539/5167
f 2387/5551/5179 393/5552/5180 2388/5553/5181 5606/5542/5170
f 5606/5542/5170 2388/5553/5181 2389/5554/5182 5609/5543/5171
f 5609/5543/5171 2389/5554/5182 2390/5555/5183 5612/5546/5174
f 5612/5546/5174 2390/5555/5183 397/5556/5159 2391/5557/5184
f 5611/5544/5172 5612/5546/5174 2391/5557/5184 2392/5558/5185
f 5610/5545/5173 5611/5544/5172 2392/5558/5185 2393/5559/5186
f 2384/5560/5187 5610/5545/5173 2393/5559/5186 398/5561/5188
f 2383/5562/5189 5607/5541/5169 5610/5545/5173 2384/5560/5187
f 2382/5549/5177 5604/5538/5166 5607/5541/5169 2383/5562/5189
f 5613/5563/5190 5614/5564/5191 5617/5565/5192 5616/5566/5193
f 5614/5564/5191 5615/5567/5194 5618/5568/5195 5617/5565/5192
f 5616/5566/5193 5617/5565/5192 5620/5569/5196 5619/5570/5197
f 5617/5565/5192 5618/5568/5195 5621/5571/5198 5620/5569/5196
f 323/716/671 693/715/670 5613/5563/5190 2394/5572/5199
f 693/715/670 694/714/669 5614/5564/5191 5613/5563/5190
f 694/714/669 695/713/668 5615/5567/5194 5614/5564/5191
f 695/713/668 327/696/651 2397/5573/5200 5615/5567/5194
f 5615/5567/5194 2397/5573/5200 2398/5574/5201 5618/5568/5195
f 5618/5568/5195 2398/5574/5201 2399/5575/5202 5621/5571/5198
f 5621/5571/5198 2399/5575/5202 329/5576/5203 2402/5577/5204
f 5620/5569/5196 5621/5571/5198 2402/5577/5204 2401/5578/5205
f 5619/5570/5197 5620/5569/5196 2401/5578/5205 2400/5579/5206
f 2396/5580/5207 5619/5570/5197 2400/5579/5206 328/5581/5208
f 2395/5582/5209 5616/5566/5193 5619/5570/5197 2396/5580/5207
f 2394/5572/5199 5613/5563/5190 5616/5566/5193 2395/5582/5209
f 5622/5583/5210 5623/5584/5211 5626/5585/5212 5625/5586/5213
f 5623/5584/5211 5624/5587/5214 5627/5588/5215 5626/5585/5212
f 5625/5586/5213 5626/5585/5212 5629/5589/5216 5628/5590/5217
f 5626/5585/5212 5627/5588/5215 5630/5591/5218 5629/5589/5216
f 327/696/651 686/695/650 5622/5583/5210 2397/5573/5200
f 686/695/650 685/694/649 5623/5584/5211 5622/5583/5210
f 685/694/649 684/693/648 5624/5587/5214 5623/5584/5211
f 684/693/648 326/692/647 2403/5592/5219 5624/5587/5214
f 5624/5587/5214 2403/5592/5219 2404/5593/5220 5627/5588/5215
f 5627/5588/5215 2404/5593/5220 2405/5594/5221 5630/5591/5218
f 5630/5591/5218 2405/5594/5221 330/5595/5222 2408/5596/5223
f 5629/5589/5216 5630/5591/5218 2408/5596/5223 2407/5597/5224
f 5628/5590/5217 5629/5589/5216 2407/5597/5224 2406/5598/5225
f 2399/5575/5202 5628/5590/5217 2406/5598/5225 329/5576/5203
f 2398/5574/5201 5625/5586/5213 5628/5590/5217 2399/5575/5202
f 2397/5573/5200 5622/5583/5210 5625/5586/5213 2398/5574/5201
f 5631/5599/5226 5632/5600/5227 5635/5601/5228 5634/5602/5229
f 5632/5600/5227 5633/5603/5230 5636/5604/5231 5635/5601/5228
f 5634/5602/5229 5635/5601/5228 5638/5605/5232 5637/5606/5233
f 5635/5601/5228 5636/5604/5231 5639/5607/5234 5638/5605/5232
f 326/692/647 2409/5608/5235 5631/5599/5226 2403/5592/5219
f 2409/5608/5235 2410/5609/5236 5632/5600/5227 5631/5599/5226
f 2410/5609/5236 2411/5610/5237 5633/5603/5230 5632/5600/5227
f 2411/5610/5237 340/5611/5238 2414/5612/5239 5633/5603/5230
f 5633/5603/5230 2414/5612/5239 2413/5613/5240 5636/5604/5231
f 5636/5604/5231 2413/5613/5240 2412/5614/5241 5639/5607/5234
f 5639/5607/5234 2412/5614/5241 331/5615/5242 2417/5616/5243
f 5638/5605/5232 5639/5607/5234 2417/5616/5243 2416/5617/5244
f 5637/5606/5233 5638/5605/5232 2416/5617/5244 2415/5618/5245
f 2405/5594/5221 5637/5606/5233 2415/5618/5245 330/5595/5222
f 2404/5593/5220 5634/5602/5229 5637/5606/5233 2405/5594/5221
f 2403/5592/5219 5631/5599/5226 5634/5602/5229 2404/5593/5220
f 5640/5619/5246 5641/5620/5247 5644/5621/5248 5643/5622/5249
f 5641/5620/5247 5642/5623/5250 5645/5624/5251 5644/5621/5248
f 5643/5622/5249 5644/5621/5248 5647/5625/5252 5646/5626/5253
f 5644/5621/5248 5645/5624/5251 5648/5627/5254 5647/5625/5252
f 340/5611/5238 2420/5628/5255 5640/5619/5246 2414/5612/5239
f 2420/5628/5255 2419/5629/5256 5641/5620/5247 5640/5619/5246
f 2419/5629/5256 2418/5630/5257 5642/5623/5250 5641/5620/5247
f 2418/5630/5257 325/5631/5258 2421/5632/5259 5642/5623/5250
f 5642/5623/5250 2421/5632/5259 2422/5633/5260 5645/5624/5251
f 5645/5624/5251 2422/5633/5260 2423/5634/5261 5648/5627/5254
f 5648/5627/5254 2423/5634/5261 332/5635/5262 2426/5636/5263
f 5647/5625/5252 5648/5627/5254 2426/5636/5263 2425/5637/5264
f 5646/5626/5253 5647/5625/5252 2425/5637/5264 2424/5638/5265
f 2412/5614/5241 5646/5626/5253 2424/5638/5265 331/5615/5242
f 2413/5613/5240 5643/5622/5249 5646/5626/5253 2412/5614/5241
f 2414/5612/5239 5640/5619/5246 5643/5622/5249 2413/5613/5240
f 5649/5639/5266 5650/5640/5267 5653/5641/5268 5652/5642/5269
f 5650/5640/5267 5651/5643/5270 5654/5644/5271 5653/5641/5268
f 5652/5642/5269 5653/5641/5268 5656/5645/5272 5655/5646/5273
f 5653/5641/5268 5654/5644/5271 5657/5647/5274 5656/5645/5272
f 325/5648/5258 2427/5649/5275 5649/5639/5266 2421/5650/5259
f 2427/5649/5275 2428/5651/5276 5650/5640/5267 5649/5639/5266
f 2428/5651/5276 2429/5652/5277 5651/5643/5270 5650/5640/5267
f 2429/5652/5277 376/5653/5278 2432/5654/5279 5651/5643/5270
f 5651/5643/5270 2432/5654/5279 2431/5655/5280 5654/5644/5271
f 5654/5644/5271 2431/5655/5280 2430/5656/5281 5657/5647/5274
f 5657/5647/5274 2430/5656/5281 333/5657/5282 2435/5658/5283
f 5656/5645/5272 5657/5647/5274 2435/5658/5283 2434/5659/5284
f 5655/5646/5273 5656/5645/5272 2434/5659/5284 2433/5660/5285
f 2423/5661/5261 5655/5646/5273 2433/5660/5285 332/5662/5262
f 2422/5663/5260 5652/5642/5269 5655/5646/5273 2423/5661/5261
f 2421/5650/5259 5649/5639/5266 5652/5642/5269 2422/5663/5260
f 5658/5664/5286 5659/5665/5287 5662/5666/5288 5661/5667/5289
f 5659/5665/5287 5660/5668/5290 5663/5669/5291 5662/5666/5288
f 5661/5667/5289 5662/5666/5288 5665/5670/5292 5664/5671/5293
f 5662/5666/5288 5663/5669/5291 5666/5672/5294 5665/5670/5292
f 376/5653/5278 2436/5673/5295 5658/5664/5286 2432/5654/5279
f 2436/5673/5295 2437/5674/5296 5659/5665/5287 5658/5664/5286
f 2437/5674/5296 2438/5675/5297 5660/5668/5290 5659/5665/5287
f 2438/5675/5297 393/5552/5180 2387/5551/5179 5660/5668/5290
f 5660/5668/5290 2387/5551/5179 2386/5550/5178 5663/5669/5291
f 5663/5669/5291 2386/5550/5178 2385/5548/5176 5666/5672/5294
f 5666/5672/5294 2385/5548/5176 334/5547/5175 2441/5676/5298
f 5665/5670/5292 5666/5672/5294 2441/5676/5298 2440/5677/5299
f 5664/5671/5293 5665/5670/5292 2440/5677/5299 2439/5678/5300
f 2430/5656/5281 5664/5671/5293 2439/5678/5300 333/5657/5282
f 2431/5655/5280 5661/5667/5289 5664/5671/5293 2430/5656/5281
f 2432/5654/5279 5658/5664/5286 5661/5667/5289 2431/5655/5280
f 5667/5679/5301 5668/5680/5302 5671/5681/5303 5670/5682/5304
f 5668/5680/5302 5669/5683/5305 5672/5684/5306 5671/5681/5303
f 5670/5682/5304 5671/5681/5303 5674/5685/5307 5673/5686/5308
f 5671/5681/5303 5672/5684/5306 5675/5687/5309 5674/5685/5307
f 336/1898/1779 2442/5688/5310 5667/5679/5301 1140/1899/1780
f 2442/5688/5310 2443/5689/5311 5668/5680/5302 5667/5679/5301
f 2443/5689/5311 2444/5690/5312 5669/5683/5305 5668/5680/5302
f 2444/5690/5312 338/5447/5076 2337/5445/5074 5669/5683/5305
f 5669/5683/5305 2337/5445/5074 2338/5444/5073 5672/5684/5306
f 5672/5684/5306 2338/5444/5073 2339/5443/5072 5675/5687/5309
f 5675/5687/5309 2339/5443/5072 339/5371/5000 2447/5691/5313
f 5674/5685/5307 5675/5687/5309 2447/5691/5313 2446/5692/5314
f 5673/5686/5308 5674/5685/5307 2446/5692/5314 2445/5693/5315
f 1142/1901/1782 5673/5686/5308 2445/5693/5315 337/1882/1763
f 1141/1900/1781 5670/5682/5304 5673/5686/5308 1142/1901/1782
f 1140/1899/1780 5667/5679/5301 5670/5682/5304 1141/1900/1781
f 5676/5694/5316 5677/5695/5317 5680/5696/5318 5679/5697/5319
f 5677/5695/5317 5678/5698/5320 5681/5699/5321 5680/5696/5318
f 5679/5697/5319 5680/5696/5318 5683/5700/5322 5682/5701/5323
f 5680/5696/5318 5681/5699/5321 5684/5702/5324 5683/5700/5322
f 336/1898/1779 2294/5333/4962 5676/5694/5316 2442/5688/5310
f 2294/5333/4962 2293/5332/4961 5677/5695/5317 5676/5694/5316
f 2293/5332/4961 2292/5331/4960 5678/5698/5320 5677/5695/5317
f 2292/5331/4960 310/5330/4959 2319/5401/5030 5678/5698/5320
f 5678/5698/5320 2319/5401/5030 2320/5400/5029 5681/5699/5321
f 5681/5699/5321 2320/5400/5029 2321/5399/5028 5684/5702/5324
f 5684/5702/5324 2321/5399/5028 313/5398/5027 2448/5703/5325
f 5683/5700/5322 5684/5702/5324 2448/5703/5325 2449/5704/5326
f 5682/5701/5323 5683/5700/5322 2449/5704/5326 2450/5705/5327
f 2444/5690/5312 5682/5701/5323 2450/5705/5327 338/5447/5076
f 2443/5689/5311 5679/5697/5319 5682/5701/5323 2444/5690/5312
f 2442/5688/5310 5676/5694/5316 5679/5697/5319 2443/5689/5311
f 5685/5706/5328 5686/5707/5329 5689/5708/5330 5688/5709/5331
f 5686/5707/5329 5687/5710/5332 5690/5711/5333 5689/5708/5330
f 5688/5709/5331 5689/5708/5330 5692/5712/5334 5691/5713/5335
f 5689/5708/5330 5690/5711/5333 5693/5714/5336 5692/5712/5334
f 381/104/104 2453/5715/5337 5685/5706/5328 2306/5380/5009
f 2453/5715/5337 2452/5716/5338 5686/5707/5329 5685/5706/5328
f 2452/5716/5338 2451/5717/5339 5687/5710/5332 5686/5707/5329
f 2451/5717/5339 82/1860/1744 1134/1885/1766 5687/5710/5332
f 5687/5710/5332 1134/1885/1766 1135/1884/1765 5690/5711/5333
f 5690/5711/5333 1135/1884/1765 1136/1883/1764 5693/5714/5336
f 5693/5714/5336 1136/1883/1764 337/1882/1763 2445/5693/5315
f 5692/5712/5334 5693/5714/5336 2445/5693/5315 2446/5692/5314
f 5691/5713/5335 5692/5712/5334 2446/5692/5314 2447/5691/5313
f 2304/5373/5002 5691/5713/5335 2447/5691/5313 339/5371/5000
f 2305/5381/5010 5688/5709/5331 5691/5713/5335 2304/5373/5002
f 2306/5380/5009 5685/5706/5328 5688/5709/5331 2305/5381/5010
f 5694/5718/5340 5695/5719/5341 5698/5720/5342 5697/5721/5343
f 5695/5719/5341 5696/5722/5344 5699/5723/5345 5698/5720/5342
f 5697/5721/5343 5698/5720/5342 5701/5724/5346 5700/5725/5347
f 5698/5720/5342 5699/5723/5345 5702/5726/5348 5701/5724/5346
f 88/19/19 2456/5727/5349 5694/5718/5340 408/20/20
f 2456/5727/5349 2455/5728/5350 5695/5719/5341 5694/5718/5340
f 2455/5728/5350 2454/5729/5351 5696/5722/5344 5695/5719/5341
f 2454/5729/5351 1/120/120 450/122/122 5696/5722/5344
f 5696/5722/5344 450/122/122 451/135/135 5699/5723/5345
f 5699/5723/5345 451/135/135 452/133/133 5702/5726/5348
f 5702/5726/5348 452/133/133 4/134/134 1086/1751/1655
f 5701/5724/5346 5702/5726/5348 1086/1751/1655 1087/1750/1654
f 5700/5725/5347 5701/5724/5346 1087/1750/1654 1088/1749/1653
f 410/22/22 5700/5725/5347 1088/1749/1653 92/24/24
f 409/21/21 5697/5721/5343 5700/5725/5347 410/22/22
f 408/20/20 5694/5718/5340 5697/5721/5343 409/21/21
f 5703/5730/5352 5704/5731/5353 5707/5732/5354 5706/5733/5355
f 5704/5731/5353 5705/5734/5356 5708/5735/5357 5707/5732/5354
f 5706/5733/5355 5707/5732/5354 5710/5736/5358 5709/5737/5359
f 5707/5732/5354 5708/5735/5357 5711/5738/5360 5710/5736/5358
f 386/5739/5361 2462/5740/5362 5703/5730/5352 2459/5741/5363
f 2462/5740/5362 2461/5742/5364 5704/5731/5353 5703/5730/5352
f 2461/5742/5364 2460/5743/5365 5705/5734/5356 5704/5731/5353
f 2460/5743/5365 1/120/120 2454/5729/5351 5705/5734/5356
f 5705/5734/5356 2454/5729/5351 2455/5728/5350 5708/5735/5357
f 5708/5735/5357 2455/5728/5350 2456/5727/5349 5711/5738/5360
f 5711/5738/5360 2456/5727/5349 88/19/19 2463/5744/5366
f 5710/5736/5358 5711/5738/5360 2463/5744/5366 2464/5745/5367
f 5709/5737/5359 5710/5736/5358 2464/5745/5367 2465/5746/5368
f 2457/5747/5369 5709/5737/5359 2465/5746/5368 343/5748/100
f 2458/5749/5370 5706/5733/5355 5709/5737/5359 2457/5747/5369
f 2459/5741/5363 5703/5730/5352 5706/5733/5355 2458/5749/5370
f 5712/5750/5371 5713/5751/5372 5716/5752/5373 5715/5753/5374
f 5713/5751/5372 5714/5754/5375 5717/5755/5376 5716/5752/5373
f 5715/5753/5374 5716/5752/5373 5719/5756/5377 5718/5757/5378
f 5716/5752/5373 5717/5755/5376 5720/5758/5379 5719/5756/5377
f 343/5748/100 2465/5746/5368 5712/5750/5371 2468/5759/5380
f 2465/5746/5368 2464/5745/5367 5713/5751/5372 5712/5750/5371
f 2464/5745/5367 2463/5744/5366 5714/5754/5375 5713/5751/5372
f 2463/5744/5366 88/19/19 407/18/18 5714/5754/5375
f 5714/5754/5375 407/18/18 406/17/17 5717/5755/5376
f 5717/5755/5376 406/17/17 405/16/16 5720/5758/5379
f 5720/5758/5379 405/16/16 3/15/15 858/1159/1081
f 5719/5756/5377 5720/5758/5379 858/1159/1081 859/1169/1091
f 5718/5757/5378 5719/5756/5377 859/1169/1091 860/1167/1089
f 2466/5760/5381 5718/5757/5378 860/1167/1089 15/1168/1090
f 2467/5761/5382 5715/5753/5374 5718/5757/5378 2466/5760/5381
f 2468/5759/5380 5712/5750/5371 5715/5753/5374 2467/5761/5382
f 5721/5762/5383 5722/5763/5384 5725/5764/5385 5724/5765/5386
f 5722/5763/5384 5723/5766/5387 5726/5767/5388 5725/5764/5385
f 5724/5765/5386 5725/5764/5385 5728/5768/5389 5727/5769/5390
f 5725/5764/5385 5726/5767/5388 5729/5770/5391 5728/5768/5389
f 325/5631/5258 2418/5630/5257 5721/5762/5383 2469/5771/5392
f 2418/5630/5257 2419/5629/5256 5722/5763/5384 5721/5762/5383
f 2419/5629/5256 2420/5628/5255 5723/5766/5387 5722/5763/5384
f 2420/5628/5255 340/5611/5238 2472/5772/5393 5723/5766/5387
f 5723/5766/5387 2472/5772/5393 2473/5773/5394 5726/5767/5388
f 5726/5767/5388 2473/5773/5394 2474/5774/5395 5729/5770/5391
f 5729/5770/5391 2474/5774/5395 374/663/618 666/665/620
f 5728/5768/5389 5729/5770/5391 666/665/620 667/677/632
f 5727/5769/5390 5728/5768/5389 667/677/632 668/675/630
f 2471/5775/5396 5727/5769/5390 668/675/630 392/676/631
f 2470/5776/5397 5724/5765/5386 5727/5769/5390 2471/5775/5396
f 2469/5771/5392 5721/5762/5383 5724/5765/5386 2470/5776/5397
f 5730/5777/5398 5731/5778/5399 5734/5779/5400 5733/5780/5401
f 5731/5778/5399 5732/5781/5402 5735/5782/5403 5734/5779/5400
f 5733/5780/5401 5734/5779/5400 5737/5783/5404 5736/5784/5405
f 5734/5779/5400 5735/5782/5403 5738/5785/5406 5737/5783/5404
f 63/1038/969 2475/5786/5407 5730/5777/5398 831/1087/1014
f 2475/5786/5407 2476/5787/5408 5731/5778/5399 5730/5777/5398
f 2476/5787/5408 2477/5788/5409 5732/5781/5402 5731/5778/5399
f 2477/5788/5409 344/5789/5410 2478/5790/5411 5732/5781/5402
f 5732/5781/5402 2478/5790/5411 2479/5791/5412 5735/5782/5403
f 5735/5782/5403 2479/5791/5412 2480/5792/5413 5738/5785/5406
f 5738/5785/5406 2480/5792/5413 345/5793/5414 2483/5794/5415
f 5737/5783/5404 5738/5785/5406 2483/5794/5415 2482/5795/5416
f 5736/5784/5405 5737/5783/5404 2482/5795/5416 2481/5796/5417
f 833/1089/1016 5736/5784/5405 2481/5796/5417 67/1090/1017
f 832/1088/1015 5733/5780/5401 5736/5784/5405 833/1089/1016
f 831/1087/1014 5730/5777/5398 5733/5780/5401 832/1088/1015
f 5739/5797/5418 5740/5798/5419 5743/5799/5420 5742/5800/5421
f 5740/5798/5419 5741/5801/5422 5744/5802/5423 5743/5799/5420
f 5742/5800/5421 5743/5799/5420 5746/5803/5424 5745/5804/5425
f 5743/5799/5420 5744/5802/5423 5747/5805/5426 5746/5803/5424
f 67/1106/1017 2481/5806/5417 5739/5797/5418 837/1107/1030
f 2481/5806/5417 2482/5807/5416 5740/5798/5419 5739/5797/5418
f 2482/5807/5416 2483/5808/5415 5741/5801/5422 5740/5798/5419
f 2483/5808/5415 345/5809/5414 2484/5810/5427 5741/5801/5422
f 5741/5801/5422 2484/5810/5427 2485/5811/5428 5744/5802/5423
f 5744/5802/5423 2485/5811/5428 2486/5812/5429 5747/5805/5426
f 5747/5805/5426 2486/5812/5429 346/5813/5430 2489/5814/5431
f 5746/5803/5424 5747/5805/5426 2489/5814/5431 2488/5815/5432
f 5745/5804/5425 5746/5803/5424 2488/5815/5432 2487/5816/5433
f 839/1109/1032 5745/5804/5425 2487/5816/5433 68/1110/1033
f 838/1108/1031 5742/5800/5421 5745/5804/5425 839/1109/1032
f 837/1107/1030 5739/5797/5418 5742/5800/5421 838/1108/1031
f 5748/5817/5434 5749/5818/5435 5752/5819/5436 5751/5820/5437
f 5749/5818/5435 5750/5821/5438 5753/5822/5439 5752/5819/5436
f 5751/5820/5437 5752/5819/5436 5755/5823/5440 5754/5824/5441
f 5752/5819/5436 5753/5822/5439 5756/5825/5442 5755/5823/5440
f 64/1034/965 2490/5826/5443 5748/5817/5434 815/1035/966
f 2490/5826/5443 2491/5827/5444 5749/5818/5435 5748/5817/5434
f 2491/5827/5444 2492/5828/5445 5750/5821/5438 5749/5818/5435
f 2492/5828/5445 347/5829/5446 2495/5830/5447 5750/5821/5438
f 5750/5821/5438 2495/5830/5447 2494/5831/5448 5753/5822/5439
f 5753/5822/5439 2494/5831/5448 2493/5832/5449 5756/5825/5442
f 5756/5825/5442 2493/5832/5449 344/5789/5410 2477/5788/5409
f 5755/5823/5440 5756/5825/5442 2477/5788/5409 2476/5787/5408
f 5754/5824/5441 5755/5823/5440 2476/5787/5408 2475/5786/5407
f 813/1037/968 5754/5824/5441 2475/5786/5407 63/1038/969
f 814/1036/967 5751/5820/5437 5754/5824/5441 813/1037/968
f 815/1035/966 5748/5817/5434 5751/5820/5437 814/1036/967
f 5757/5833/5450 5758/5834/5451 5761/5835/5452 5760/5836/5453
f 5758/5834/5451 5759/5837/5454 5762/5838/5455 5761/5835/5452
f 5760/5836/5453 5761/5835/5452 5764/5839/5456 5763/5840/5457
f 5761/5835/5452 5762/5838/5455 5765/5841/5458 5764/5839/5456
f 65/1054/985 2496/5842/5459 5757/5833/5450 824/1055/986
f 2496/5842/5459 2497/5843/5460 5758/5834/5451 5757/5833/5450
f 2497/5843/5460 2498/5844/5461 5759/5837/5454 5758/5834/5451
f 2498/5844/5461 348/5845/5462 2501/5846/5463 5759/5837/5454
f 5759/5837/5454 2501/5846/5463 2500/5847/5464 5762/5838/5455
f 5762/5838/5455 2500/5847/5464 2499/5848/5465 5765/5841/5458
f 5765/5841/5458 2499/5848/5465 347/5849/5446 2492/5850/5445
f 5764/5839/5456 5765/5841/5458 2492/5850/5445 2491/5851/5444
f 5763/5840/5457 5764/5839/5456 2491/5851/5444 2490/5852/5443
f 822/1057/988 5763/5840/5457 2490/5852/5443 64/1058/965
f 823/1056/987 5760/5836/5453 5763/5840/5457 822/1057/988
f 824/1055/986 5757/5833/5450 5760/5836/5453 823/1056/987
f 5766/5853/5466 5767/5854/5467 5770/5855/5468 5769/5856/5469
f 5767/5854/5467 5768/5857/5470 5771/5858/5471 5770/5855/5468
f 5769/5856/5469 5770/5855/5468 5773/5859/5472 5772/5860/5473
f 5770/5855/5468 5771/5858/5471 5774/5861/5474 5773/5859/5472
f 344/5789/5410 2502/5862/5475 5766/5853/5466 2478/5790/5411
f 2502/5862/5475 2503/5863/5476 5767/5854/5467 5766/5853/5466
f 2503/5863/5476 2504/5864/5477 5768/5857/5470 5767/5854/5467
f 2504/5864/5477 349/5865/5478 2505/5866/5479 5768/5857/5470
f 5768/5857/5470 2505/5866/5479 2506/5867/5480 5771/5858/5471
f 5771/5858/5471 2506/5867/5480 2507/5868/5481 5774/5861/5474
f 5774/5861/5474 2507/5868/5481 350/5869/5482 2510/5870/5483
f 5773/5859/5472 5774/5861/5474 2510/5870/5483 2509/5871/5484
f 5772/5860/5473 5773/5859/5472 2509/5871/5484 2508/5872/5485
f 2480/5792/5413 5772/5860/5473 2508/5872/5485 345/5793/5414
f 2479/5791/5412 5769/5856/5469 5772/5860/5473 2480/5792/5413
f 2478/5790/5411 5766/5853/5466 5769/5856/5469 2479/5791/5412
f 5775/5873/5486 5776/5874/5487 5779/5875/5488 5778/5876/5489
f 5776/5874/5487 5777/5877/5490 5780/5878/5491 5779/5875/5488
f 5778/5876/5489 5779/5875/5488 5782/5879/5492 5781/5880/5493
f 5779/5875/5488 5780/5878/5491 5783/5881/5494 5782/5879/5492
f 345/5809/5414 2508/5882/5485 5775/5873/5486 2484/5810/5427
f 2508/5882/5485 2509/5883/5484 5776/5874/5487 5775/5873/5486
f 2509/5883/5484 2510/5884/5483 5777/5877/5490 5776/5874/5487
f 2510/5884/5483 350/5885/5482 2511/5886/5495 5777/5877/5490
f 5777/5877/5490 2511/5886/5495 2512/5887/5496 5780/5878/5491
f 5780/5878/5491 2512/5887/5496 2513/5888/5497 5783/5881/5494
f 5783/5881/5494 2513/5888/5497 351/5889/5498 2516/5890/5499
f 5782/5879/5492 5783/5881/5494 2516/5890/5499 2515/5891/5500
f 5781/5880/5493 5782/5879/5492 2515/5891/5500 2514/5892/5501
f 2486/5812/5429 5781/5880/5493 2514/5892/5501 346/5813/5430
f 2485/5811/5428 5778/5876/5489 5781/5880/5493 2486/5812/5429
f 2484/5810/5427 5775/5873/5486 5778/5876/5489 2485/5811/5428
f 5784/5893/5502 5785/5894/5503 5788/5895/5504 5787/5896/5505
f 5785/5894/5503 5786/5897/5506 5789/5898/5507 5788/5895/5504
f 5787/5896/5505 5788/5895/5504 5791/5899/5508 5790/5900/5509
f 5788/5895/5504 5789/5898/5507 5792/5901/5510 5791/5899/5508
f 347/5829/5446 2517/5902/5511 5784/5893/5502 2495/5830/5447
f 2517/5902/5511 2518/5903/5512 5785/5894/5503 5784/5893/5502
f 2518/5903/5512 2519/5904/5513 5786/5897/5506 5785/5894/5503
f 2519/5904/5513 352/5905/5514 2522/5906/5515 5786/5897/5506
f 5786/5897/5506 2522/5906/5515 2521/5907/5516 5789/5898/5507
f 5789/5898/5507 2521/5907/5516 2520/5908/5517 5792/5901/5510
f 5792/5901/5510 2520/5908/5517 349/5865/5478 2504/5864/5477
f 5791/5899/5508 5792/5901/5510 2504/5864/5477 2503/5863/5476
f 5790/5900/5509 5791/5899/5508 2503/5863/5476 2502/5862/5475
f 2493/5832/5449 5790/5900/5509 2502/5862/5475 344/5789/5410
f 2494/5831/5448 5787/5896/5505 5790/5900/5509 2493/5832/5449
f 2495/5830/5447 5784/5893/5502 5787/5896/5505 2494/5831/5448
f 5793/5909/5518 5794/5910/5519 5797/5911/5520 5796/5912/5521
f 5794/5910/5519 5795/5913/5522 5798/5914/5523 5797/5911/5520
f 5796/5912/5521 5797/5911/5520 5800/5915/5524 5799/5916/5525
f 5797/5911/5520 5798/5914/5523 5801/5917/5526 5800/5915/5524
f 348/5845/5462 2523/5918/5527 5793/5909/5518 2501/5846/5463
f 2523/5918/5527 2524/5919/5528 5794/5910/5519 5793/5909/5518
f 2524/5919/5528 2525/5920/5529 5795/5913/5522 5794/5910/5519
f 2525/5920/5529 353/5921/5530 2528/5922/5531 5795/5913/5522
f 5795/5913/5522 2528/5922/5531 2527/5923/5532 5798/5914/5523
f 5798/5914/5523 2527/5923/5532 2526/5924/5533 5801/5917/5526
f 5801/5917/5526 2526/5924/5533 352/5925/5514 2519/5926/5513
f 5800/5915/5524 5801/5917/5526 2519/5926/5513 2518/5927/5512
f 5799/5916/5525 5800/5915/5524 2518/5927/5512 2517/5928/5511
f 2499/5848/5465 5799/5916/5525 2517/5928/5511 347/5849/5446
f 2500/5847/5464 5796/5912/5521 5799/5916/5525 2499/5848/5465
f 2501/5846/5463 5793/5909/5518 5796/5912/5521 2500/5847/5464
f 5802/5929/5534 5803/5930/5535 5806/5931/5536 5805/5932/5537
f 5803/5930/5535 5804/5933/5538 5807/5934/5539 5806/5931/5536
f 5805/5932/5537 5806/5931/5536 5809/5935/5540 5808/5936/5541
f 5806/5931/5536 5807/5934/5539 5810/5937/5542 5809/5935/5540
f 349/5865/5478 2529/5938/5543 5802/5929/5534 2505/5866/5479
f 2529/5938/5543 2530/5939/5544 5803/5930/5535 5802/5929/5534
f 2530/5939/5544 2531/5940/5545 5804/5933/5538 5803/5930/5535
f 2531/5940/5545 354/5941/5546 2532/5942/5547 5804/5933/5538
f 5804/5933/5538 2532/5942/5547 2533/5943/5548 5807/5934/5539
f 5807/5934/5539 2533/5943/5548 2534/5944/5549 5810/5937/5542
f 5810/5937/5542 2534/5944/5549 355/5945/5550 2537/5946/5551
f 5809/5935/5540 5810/5937/5542 2537/5946/5551 2536/5947/5552
f 5808/5936/5541 5809/5935/5540 2536/5947/5552 2535/5948/5553
f 2507/5868/5481 5808/5936/5541 2535/5948/5553 350/5869/5482
f 2506/5867/5480 5805/5932/5537 5808/5936/5541 2507/5868/5481
f 2505/5866/5479 5802/5929/5534 5805/5932/5537 2506/5867/5480
f 5811/5949/5554 5812/5950/5555 5815/5951/5556 5814/5952/5557
f 5812/5950/5555 5813/5953/5558 5816/5954/5559 5815/5951/5556
f 5814/5952/5557 5815/5951/5556 5818/5955/5560 5817/5956/5561
f 5815/5951/5556 5816/5954/5559 5819/5957/5562 5818/5955/5560
f 350/5885/5482 2535/5958/5553 5811/5949/5554 2511/5886/5495
f 2535/5958/5553 2536/5959/5552 5812/5950/5555 5811/5949/5554
f 2536/5959/5552 2537/5960/5551 5813/5953/5558 5812/5950/5555
f 2537/5960/5551 355/5961/5550 2538/5962/5563 5813/5953/5558
f 5813/5953/5558 2538/5962/5563 2539/5963/5564 5816/5954/5559
f 5816/5954/5559 2539/5963/5564 2540/5964/5565 5819/5957/5562
f 5819/5957/5562 2540/5964/5565 356/5965/5566 2543/5966/5567
f 5818/5955/5560 5819/5957/5562 2543/5966/5567 2542/5967/5568
f 5817/5956/5561 5818/5955/5560 2542/5967/5568 2541/5968/5569
f 2513/5888/5497 5817/5956/5561 2541/5968/5569 351/5889/5498
f 2512/5887/5496 5814/5952/5557 5817/5956/5561 2513/5888/5497
f 2511/5886/5495 5811/5949/5554 5814/5952/5557 2512/5887/5496
f 5820/5969/5570 5821/5970/5571 5824/5971/5572 5823/5972/5573
f 5821/5970/5571 5822/5973/5574 5825/5974/5575 5824/5971/5572
f 5823/5972/5573 5824/5971/5572 5827/5975/5576 5826/5976/5577
f 5824/5971/5572 5825/5974/5575 5828/5977/5578 5827/5975/5576
f 352/5905/5514 2544/5978/5579 5820/5969/5570 2522/5906/5515
f 2544/5978/5579 2545/5979/5580 5821/5970/5571 5820/5969/5570
f 2545/5979/5580 2546/5980/5581 5822/5973/5574 5821/5970/5571
f 2546/5980/5581 357/5981/5582 2549/5982/5583 5822/5973/5574
f 5822/5973/5574 2549/5982/5583 2548/5983/5584 5825/5974/5575
f 5825/5974/5575 2548/5983/5584 2547/5984/5585 5828/5977/5578
f 5828/5977/5578 2547/5984/5585 354/5941/5546 2531/5940/5545
f 5827/5975/5576 5828/5977/5578 2531/5940/5545 2530/5939/5544
f 5826/5976/5577 5827/5975/5576 2530/5939/5544 2529/5938/5543
f 2520/5908/5517 5826/5976/5577 2529/5938/5543 349/5865/5478
f 2521/5907/5516 5823/5972/5573 5826/5976/5577 2520/5908/5517
f 2522/5906/5515 5820/5969/5570 5823/5972/5573 2521/5907/5516
f 5829/5985/5586 5830/5986/5587 5833/5987/5588 5832/5988/5589
f 5830/5986/5587 5831/5989/5590 5834/5990/5591 5833/5987/5588
f 5832/5988/5589 5833/5987/5588 5836/5991/5592 5835/5992/5593
f 5833/5987/5588 5834/5990/5591 5837/5993/5594 5836/5991/5592
f 353/5921/5530 2550/5994/5595 5829/5985/5586 2528/5922/5531
f 2550/5994/5595 2551/5995/5596 5830/5986/5587 5829/5985/5586
f 2551/5995/5596 2552/5996/5597 5831/5989/5590 5830/5986/5587
f 2552/5996/5597 358/5997/5598 2555/5998/5599 5831/5989/5590
f 5831/5989/5590 2555/5998/5599 2554/5999/5600 5834/5990/5591
f 5834/5990/5591 2554/5999/5600 2553/6000/5601 5837/5993/5594
f 5837/5993/5594 2553/6000/5601 357/6001/5582 2546/6002/5581
f 5836/5991/5592 5837/5993/5594 2546/6002/5581 2545/6003/5580
f 5835/5992/5593 5836/5991/5592 2545/6003/5580 2544/6004/5579
f 2526/5924/5533 5835/5992/5593 2544/6004/5579 352/5925/5514
f 2527/5923/5532 5832/5988/5589 5835/5992/5593 2526/5924/5533
f 2528/5922/5531 5829/5985/5586 5832/5988/5589 2527/5923/5532
f 5838/6005/5602 5839/6006/5603 5842/6007/5604 5841/6008/5605
f 5839/6006/5603 5840/6009/5606 5843/6010/5607 5842/6007/5604
f 5841/6008/5605 5842/6007/5604 5845/6011/5608 5844/6012/5609
f 5842/6007/5604 5843/6010/5607 5846/6013/5610 5845/6011/5608
f 355/5961/5550 2556/6014/5611 5838/6005/5602 2538/5962/5563
f 2556/6014/5611 2557/6015/5612 5839/6006/5603 5838/6005/5602
f 2557/6015/5612 2558/6016/5613 5840/6009/5606 5839/6006/5603
f 2558/6016/5613 359/6017/5614 2559/6018/5615 5840/6009/5606
f 5840/6009/5606 2559/6018/5615 2560/6019/5616 5843/6010/5607
f 5843/6010/5607 2560/6019/5616 2561/6020/5617 5846/6013/5610
f 5846/6013/5610 2561/6020/5617 360/6021/5618 2564/6022/5619
f 5845/6011/5608 5846/6013/5610 2564/6022/5619 2563/6023/5620
f 5844/6012/5609 5845/6011/5608 2563/6023/5620 2562/6024/5621
f 2540/5964/5565 5844/6012/5609 2562/6024/5621 356/5965/5566
f 2539/5963/5564 5841/6008/5605 5844/6012/5609 2540/5964/5565
f 2538/5962/5563 5838/6005/5602 5841/6008/5605 2539/5963/5564
f 5847/6025/5622 5848/6026/5623 5851/6027/5624 5850/6028/5625
f 5848/6026/5623 5849/6029/5626 5852/6030/5627 5851/6027/5624
f 5850/6028/5625 5851/6027/5624 5854/6031/5628 5853/6032/5629
f 5851/6027/5624 5852/6030/5627 5855/6033/5630 5854/6031/5628
f 358/5997/5598 2565/6034/5631 5847/6025/5622 2555/5998/5599
f 2565/6034/5631 2566/6035/5632 5848/6026/5623 5847/6025/5622
f 2566/6035/5632 2567/6036/5633 5849/6029/5626 5848/6026/5623
f 2567/6036/5633 361/6037/5634 2568/6038/5635 5849/6029/5626
f 5849/6029/5626 2568/6038/5635 2569/6039/5636 5852/6030/5627
f 5852/6030/5627 2569/6039/5636 2570/6040/5637 5855/6033/5630
f 5855/6033/5630 2570/6040/5637 362/6041/5638 2573/6042/5639
f 5854/6031/5628 5855/6033/5630 2573/6042/5639 2572/6043/5640
f 5853/6032/5629 5854/6031/5628 2572/6043/5640 2571/6044/5641
f 2553/6000/5601 5853/6032/5629 2571/6044/5641 357/6001/5582
f 2554/5999/5600 5850/6028/5625 5853/6032/5629 2553/6000/5601
f 2555/5998/5599 5847/6025/5622 5850/6028/5625 2554/5999/5600
f 5856/6045/5642 5857/6046/5643 5860/6047/5644 5859/6048/5645
f 5857/6046/5643 5858/6049/5646 5861/6050/5647 5860/6047/5644
f 5859/6048/5645 5860/6047/5644 5863/6051/5648 5862/6052/5649
f 5860/6047/5644 5861/6050/5647 5864/6053/5650 5863/6051/5648
f 361/6037/5634 2567/6036/5633 5856/6045/5642 2574/6054/5651
f 2567/6036/5633 2566/6035/5632 5857/6046/5643 5856/6045/5642
f 2566/6035/5632 2565/6034/5631 5858/6049/5646 5857/6046/5643
f 2565/6034/5631 358/5997/5598 2577/6055/5652 5858/6049/5646
f 5858/6049/5646 2577/6055/5652 2578/6056/5653 5861/6050/5647
f 5861/6050/5647 2578/6056/5653 2579/6057/5654 5864/6053/5650
f 5864/6053/5650 2579/6057/5654 363/6058/5655 2580/6059/5656
f 5863/6051/5648 5864/6053/5650 2580/6059/5656 2581/6060/5657
f 5862/6052/5649 5863/6051/5648 2581/6060/5657 2582/6061/5658
f 2576/6062/5659 5862/6052/5649 2582/6061/5658 364/6063/5660
f 2575/6064/5661 5859/6048/5645 5862/6052/5649 2576/6062/5659
f 2574/6054/5651 5856/6045/5642 5859/6048/5645 2575/6064/5661
f 5865/6065/5662 5866/6066/5663 5869/6067/5664 5868/6068/5665
f 5866/6066/5663 5867/6069/5666 5870/6070/5667 5869/6067/5664
f 5868/6068/5665 5869/6067/5664 5872/6071/5668 5871/6072/5669
f 5869/6067/5664 5870/6070/5667 5873/6073/5670 5872/6071/5668
f 363/6058/5655 2579/6057/5654 5865/6065/5662 2583/6074/5671
f 2579/6057/5654 2578/6056/5653 5866/6066/5663 5865/6065/5662
f 2578/6056/5653 2577/6055/5652 5867/6069/5666 5866/6066/5663
f 2577/6055/5652 358/5997/5598 2552/5996/5597 5867/6069/5666
f 5867/6069/5666 2552/5996/5597 2551/5995/5596 5870/6070/5667
f 5870/6070/5667 2551/5995/5596 2550/5994/5595 5873/6073/5670
f 5873/6073/5670 2550/5994/5595 353/5921/5530 2586/6075/5672
f 5872/6071/5668 5873/6073/5670 2586/6075/5672 2587/6076/5673
f 5871/6072/5669 5872/6071/5668 2587/6076/5673 2588/6077/5674
f 2585/6078/5675 5871/6072/5669 2588/6077/5674 365/6079/5676
f 2584/6080/5677 5868/6068/5665 5871/6072/5669 2585/6078/5675
f 2583/6074/5671 5865/6065/5662 5868/6068/5665 2584/6080/5677
f 5874/6081/5678 5875/6082/5679 5878/6083/5680 5877/6084/5681
f 5875/6082/5679 5876/6085/5682 5879/6086/5683 5878/6083/5680
f 5877/6084/5681 5878/6083/5680 5881/6087/5684 5880/6088/5685
f 5878/6083/5680 5879/6086/5683 5882/6089/5686 5881/6087/5684
f 365/6079/5676 2588/6077/5674 5874/6081/5678 2589/6090/5687
f 2588/6077/5674 2587/6076/5673 5875/6082/5679 5874/6081/5678
f 2587/6076/5673 2586/6075/5672 5876/6085/5682 5875/6082/5679
f 2586/6075/5672 353/5921/5530 2525/5920/5529 5876/6085/5682
f 5876/6085/5682 2525/5920/5529 2524/5919/5528 5879/6086/5683
f 5879/6086/5683 2524/5919/5528 2523/5918/5527 5882/6089/5686
f 5882/6089/5686 2523/5918/5527 348/5845/5462 2592/6091/5688
f 5881/6087/5684 5882/6089/5686 2592/6091/5688 2593/6092/5689
f 5880/6088/5685 5881/6087/5684 2593/6092/5689 2594/6093/5690
f 2591/6094/5691 5880/6088/5685 2594/6093/5690 366/6095/5692
f 2590/6096/5693 5877/6084/5681 5880/6088/5685 2591/6094/5691
f 2589/6090/5687 5874/6081/5678 5877/6084/5681 2590/6096/5693
f 5883/6097/5694 5884/6098/5695 5887/6099/5696 5886/6100/5697
f 5884/6098/5695 5885/6101/5698 5888/6102/5699 5887/6099/5696
f 5886/6100/5697 5887/6099/5696 5890/6103/5700 5889/6104/5701
f 5887/6099/5696 5888/6102/5699 5891/6105/5702 5890/6103/5700
f 366/6095/5692 2594/6093/5690 5883/6097/5694 2597/6106/5703
f 2594/6093/5690 2593/6092/5689 5884/6098/5695 5883/6097/5694
f 2593/6092/5689 2592/6091/5688 5885/6101/5698 5884/6098/5695
f 2592/6091/5688 348/5845/5462 2498/5844/5461 5885/6101/5698
f 5885/6101/5698 2498/5844/5461 2497/5843/5460 5888/6102/5699
f 5888/6102/5699 2497/5843/5460 2496/5842/5459 5891/6105/5702
f 5891/6105/5702 2496/5842/5459 65/1054/985 828/1077/1004
f 5890/6103/5700 5891/6105/5702 828/1077/1004 829/1076/1003
f 5889/6104/5701 5890/6103/5700 829/1076/1003 830/1075/1002
f 2595/6107/5704 5889/6104/5701 830/1075/1002 66/1074/1001
f 2596/6108/5705 5886/6100/5697 5889/6104/5701 2595/6107/5704
f 2597/6106/5703 5883/6097/5694 5886/6100/5697 2596/6108/5705
f 5892/6109/5706 5893/6110/5707 5896/6111/5708 5895/6112/5709
f 5893/6110/5707 5894/6113/5710 5897/6114/5711 5896/6111/5708
f 5895/6112/5709 5896/6111/5708 5899/6115/5712 5898/6116/5713
f 5896/6111/5708 5897/6114/5711 5900/6117/5714 5899/6115/5712
f 360/6021/5618 2561/6020/5617 5892/6109/5706 2598/6118/5715
f 2561/6020/5617 2560/6019/5616 5893/6110/5707 5892/6109/5706
f 2560/6019/5616 2559/6018/5615 5894/6113/5710 5893/6110/5707
f 2559/6018/5615 359/6017/5614 2601/6119/5716 5894/6113/5710
f 5894/6113/5710 2601/6119/5716 2602/6120/5717 5897/6114/5711
f 5897/6114/5711 2602/6120/5717 2603/6121/5718 5900/6117/5714
f 5900/6117/5714 2603/6121/5718 367/6122/5719 2606/6123/5720
f 5899/6115/5712 5900/6117/5714 2606/6123/5720 2605/6124/5721
f 5898/6116/5713 5899/6115/5712 2605/6124/5721 2604/6125/5722
f 2600/6126/5723 5898/6116/5713 2604/6125/5722 364/6063/5660
f 2599/6127/5724 5895/6112/5709 5898/6116/5713 2600/6126/5723
f 2598/6118/5715 5892/6109/5706 5895/6112/5709 2599/6127/5724
f 5901/6128/5725 5902/6129/5726 5905/6130/5727 5904/6131/5728
f 5902/6129/5726 5903/6132/5729 5906/6133/5730 5905/6130/5727
f 5904/6131/5728 5905/6130/5727 5908/6134/5731 5907/6135/5732
f 5905/6130/5727 5906/6133/5730 5909/6136/5733 5908/6134/5731
f 368/6137/5734 2610/6138/5735 5901/6128/5725 2609/6139/5736
f 2610/6138/5735 2611/6140/5737 5902/6129/5726 5901/6128/5725
f 2611/6140/5737 2612/6141/5738 5903/6132/5729 5902/6129/5726
f 2612/6141/5738 369/6142/5739 2615/6143/5740 5903/6132/5729
f 5903/6132/5729 2615/6143/5740 2614/6144/5741 5906/6133/5730
f 5906/6133/5730 2614/6144/5741 2613/6145/5742 5909/6136/5733
f 5909/6136/5733 2613/6145/5742 354/5941/5546 2547/5984/5585
f 5908/6134/5731 5909/6136/5733 2547/5984/5585 2548/5983/5584
f 5907/6135/5732 5908/6134/5731 2548/5983/5584 2549/5982/5583
f 2607/6146/5743 5907/6135/5732 2549/5982/5583 357/5981/5582
f 2608/6147/5744 5904/6131/5728 5907/6135/5732 2607/6146/5743
f 2609/6139/5736 5901/6128/5725 5904/6131/5728 2608/6147/5744
f 5910/6148/5745 5911/6149/5746 5914/6150/5747 5913/6151/5748
f 5911/6149/5746 5912/6152/5749 5915/6153/5750 5914/6150/5747
f 5913/6151/5748 5914/6150/5747 5917/6154/5751 5916/6155/5752
f 5914/6150/5747 5915/6153/5750 5918/6156/5753 5917/6154/5751
f 370/6157/5754 2621/6158/5755 5910/6148/5745 2618/6159/5756
f 2621/6158/5755 2620/6160/5757 5911/6149/5746 5910/6148/5745
f 2620/6160/5757 2619/6161/5758 5912/6152/5749 5911/6149/5746
f 2619/6161/5758 355/5945/5550 2534/5944/5549 5912/6152/5749
f 5912/6152/5749 2534/5944/5549 2533/5943/5548 5915/6153/5750
f 5915/6153/5750 2533/5943/5548 2532/5942/5547 5918/6156/5753
f 5918/6156/5753 2532/5942/5547 354/5941/5546 2613/6145/5742
f 5917/6154/5751 5918/6156/5753 2613/6145/5742 2614/6144/5741
f 5916/6155/5752 5917/6154/5751 2614/6144/5741 2615/6143/5740
f 2616/6162/5759 5916/6155/5752 2615/6143/5740 369/6142/5739
f 2617/6163/5760 5913/6151/5748 5916/6155/5752 2616/6162/5759
f 2618/6159/5756 5910/6148/5745 5913/6151/5748 2617/6163/5760
f 5919/6164/5761 5920/6165/5762 5923/6166/5763 5922/6167/5764
f 5920/6165/5762 5921/6168/5765 5924/6169/5766 5923/6166/5763
f 5922/6167/5764 5923/6166/5763 5926/6170/5767 5925/6171/5768
f 5923/6166/5763 5924/6169/5766 5927/6172/5769 5926/6170/5767
f 371/6173/5770 2627/6174/5771 5919/6164/5761 2622/6175/5772
f 2627/6174/5771 2626/6176/5773 5920/6165/5762 5919/6164/5761
f 2626/6176/5773 2625/6177/5774 5921/6168/5765 5920/6165/5762
f 2625/6177/5774 362/6178/5638 2628/6179/5775 5921/6168/5765
f 5921/6168/5765 2628/6179/5775 2629/6180/5776 5924/6169/5766
f 5924/6169/5766 2629/6180/5776 2630/6181/5777 5927/6172/5769
f 5927/6172/5769 2630/6181/5777 367/6182/5719 2631/6183/5778
f 5926/6170/5767 5927/6172/5769 2631/6183/5778 2632/6184/5779
f 5925/6171/5768 5926/6170/5767 2632/6184/5779 2633/6185/5780
f 2624/6186/5781 5925/6171/5768 2633/6185/5780 372/6187/5782
f 2623/6188/5783 5922/6167/5764 5925/6171/5768 2624/6186/5781
f 2622/6175/5772 5919/6164/5761 5922/6167/5764 2623/6188/5783
f 5928/6189/5784 5929/6190/5785 5932/6191/5786 5931/6192/5787
f 5929/6190/5785 5930/6193/5788 5933/6194/5789 5932/6191/5786
f 5931/6192/5787 5932/6191/5786 5935/6195/5790 5934/6196/5791
f 5932/6191/5786 5933/6194/5789 5936/6197/5792 5935/6195/5790
f 373/6198/5793 2639/6199/5794 5928/6189/5784 2636/6200/5795
f 2639/6199/5794 2638/6201/5796 5929/6190/5785 5928/6189/5784
f 2638/6201/5796 2637/6202/5797 5930/6193/5788 5929/6190/5785
f 2637/6202/5797 370/6157/5754 2618/6159/5756 5930/6193/5788
f 5930/6193/5788 2618/6159/5756 2617/6163/5760 5933/6194/5789
f 5933/6194/5789 2617/6163/5760 2616/6162/5759 5936/6197/5792
f 5936/6197/5792 2616/6162/5759 369/6142/5739 2640/6203/5798
f 5935/6195/5790 5936/6197/5792 2640/6203/5798 2641/6204/5799
f 5934/6196/5791 5935/6195/5790 2641/6204/5799 2642/6205/5800
f 2634/6206/5801 5934/6196/5791 2642/6205/5800 372/6187/5782
f 2635/6207/5802 5931/6192/5787 5934/6196/5791 2634/6206/5801
f 2636/6200/5795 5928/6189/5784 5931/6192/5787 2635/6207/5802
f 5937/6208/5803 5938/6209/5804 5941/6210/5805 5940/6211/5806
f 5938/6209/5804 5939/6212/5807 5942/6213/5808 5941/6210/5805
f 5940/6211/5806 5941/6210/5805 5944/6214/5809 5943/6215/5810
f 5941/6210/5805 5942/6213/5808 5945/6216/5811 5944/6214/5809
f 372/6187/5782 2642/6205/5800 5937/6208/5803 2624/6186/5781
f 2642/6205/5800 2641/6204/5799 5938/6209/5804 5937/6208/5803
f 2641/6204/5799 2640/6203/5798 5939/6212/5807 5938/6209/5804
f 2640/6203/5798 369/6142/5739 2612/6141/5738 5939/6212/5807
f 5939/6212/5807 2612/6141/5738 2611/6140/5737 5942/6213/5808
f 5942/6213/5808 2611/6140/5737 2610/6138/5735 5945/6216/5811
f 5945/6216/5811 2610/6138/5735 368/6137/5734 2643/6217/5812
f 5944/6214/5809 5945/6216/5811 2643/6217/5812 2644/6218/5813
f 5943/6215/5810 5944/6214/5809 2644/6218/5813 2645/6219/5814
f 2622/6175/5772 5943/6215/5810 2645/6219/5814 371/6173/5770
f 2623/6188/5783 5940/6211/5806 5943/6215/5810 2622/6175/5772
f 2624/6186/5781 5937/6208/5803 5940/6211/5806 2623/6188/5783
f 5946/6220/5815 5947/6221/5816 5950/6222/5817 5949/6223/5818
f 5947/6221/5816 5948/6224/5819 5951/6225/5820 5950/6222/5817
f 5949/6223/5818 5950/6222/5817 5953/6226/5821 5952/6227/5822
f 5950/6222/5817 5951/6225/5820 5954/6228/5823 5953/6226/5821
f 368/6137/5734 2609/6139/5736 5946/6220/5815 2643/6217/5812
f 2609/6139/5736 2608/6147/5744 5947/6221/5816 5946/6220/5815
f 2608/6147/5744 2607/6146/5743 5948/6224/5819 5947/6221/5816
f 2607/6146/5743 357/5981/5582 2571/6229/5641 5948/6224/5819
f 5948/6224/5819 2571/6229/5641 2572/6230/5640 5951/6225/5820
f 5951/6225/5820 2572/6230/5640 2573/6231/5639 5954/6228/5823
f 5954/6228/5823 2573/6231/5639 362/6178/5638 2625/6177/5774
f 5953/6226/5821 5954/6228/5823 2625/6177/5774 2626/6176/5773
f 5952/6227/5822 5953/6226/5821 2626/6176/5773 2627/6174/5771
f 2645/6219/5814 5952/6227/5822 2627/6174/5771 371/6173/5770
f 2644/6218/5813 5949/6223/5818 5952/6227/5822 2645/6219/5814
f 2643/6217/5812 5946/6220/5815 5949/6223/5818 2644/6218/5813
f 5955/6232/5824 5956/6233/5825 5959/6234/5826 5958/6235/5827
f 5956/6233/5825 5957/6236/5828 5960/6237/5829 5959/6234/5826
f 5958/6235/5827 5959/6234/5826 5962/6238/5830 5961/6239/5831
f 5959/6234/5826 5960/6237/5829 5963/6240/5832 5962/6238/5830
f 370/6157/5754 2637/6202/5797 5955/6232/5824 2621/6158/5755
f 2637/6202/5797 2638/6201/5796 5956/6233/5825 5955/6232/5824
f 2638/6201/5796 2639/6199/5794 5957/6236/5828 5956/6233/5825
f 2639/6199/5794 373/6198/5793 2648/6241/5833 5957/6236/5828
f 5957/6236/5828 2648/6241/5833 2647/6242/5834 5960/6237/5829
f 5960/6237/5829 2647/6242/5834 2646/6243/5835 5963/6240/5832
f 5963/6240/5832 2646/6243/5835 359/6244/5614 2558/6245/5613
f 5962/6238/5830 5963/6240/5832 2558/6245/5613 2557/6246/5612
f 5961/6239/5831 5962/6238/5830 2557/6246/5612 2556/6247/5611
f 2619/6161/5758 5961/6239/5831 2556/6247/5611 355/5945/5550
f 2620/6160/5757 5958/6235/5827 5961/6239/5831 2619/6161/5758
f 2621/6158/5755 5955/6232/5824 5958/6235/5827 2620/6160/5757
f 5964/6248/5836 5965/6249/5837 5968/6250/5838 5967/6251/5839
f 5965/6249/5837 5966/6252/5840 5969/6253/5841 5968/6250/5838
f 5967/6251/5839 5968/6250/5838 5971/6254/5842 5970/6255/5843
f 5968/6250/5838 5969/6253/5841 5972/6256/5844 5971/6254/5842
f 360/6021/5618 2598/6118/5715 5964/6248/5836 2564/6022/5619
f 2598/6118/5715 2599/6127/5724 5965/6249/5837 5964/6248/5836
f 2599/6127/5724 2600/6126/5723 5966/6252/5840 5965/6249/5837
f 2600/6126/5723 364/6063/5660 2582/6061/5658 5966/6252/5840
f 5966/6252/5840 2582/6061/5658 2581/6060/5657 5969/6253/5841
f 5969/6253/5841 2581/6060/5657 2580/6059/5656 5972/6256/5844
f 5972/6256/5844 2580/6059/5656 363/6058/5655 2651/6257/5845
f 5971/6254/5842 5972/6256/5844 2651/6257/5845 2650/6258/5846
f 5970/6255/5843 5971/6254/5842 2650/6258/5846 2649/6259/5847
f 2562/6024/5621 5970/6255/5843 2649/6259/5847 356/5965/5566
f 2563/6023/5620 5967/6251/5839 5970/6255/5843 2562/6024/5621
f 2564/6022/5619 5964/6248/5836 5967/6251/5839 2563/6023/5620
f 5973/6260/5848 5974/6261/5849 5977/6262/5850 5976/6263/5851
f 5974/6261/5849 5975/6264/5852 5978/6265/5853 5977/6262/5850
f 5976/6263/5851 5977/6262/5850 5980/6266/5854 5979/6267/5855
f 5977/6262/5850 5978/6265/5853 5981/6268/5856 5980/6266/5854
f 356/5965/5566 2649/6259/5847 5973/6260/5848 2543/5966/5567
f 2649/6259/5847 2650/6258/5846 5974/6261/5849 5973/6260/5848
f 2650/6258/5846 2651/6257/5845 5975/6264/5852 5974/6261/5849
f 2651/6257/5845 363/6058/5655 2583/6074/5671 5975/6264/5852
f 5975/6264/5852 2583/6074/5671 2584/6080/5677 5978/6265/5853
f 5978/6265/5853 2584/6080/5677 2585/6078/5675 5981/6268/5856
f 5981/6268/5856 2585/6078/5675 365/6079/5676 2654/6269/5857
f 5980/6266/5854 5981/6268/5856 2654/6269/5857 2653/6270/5858
f 5979/6267/5855 5980/6266/5854 2653/6270/5858 2652/6271/5859
f 2541/5968/5569 5979/6267/5855 2652/6271/5859 351/5889/5498
f 2542/5967/5568 5976/6263/5851 5979/6267/5855 2541/5968/5569
f 2543/5966/5567 5973/6260/5848 5976/6263/5851 2542/5967/5568
f 5982/6272/5860 5983/6273/5861 5986/6274/5862 5985/6275/5863
f 5983/6273/5861 5984/6276/5864 5987/6277/5865 5986/6274/5862
f 5985/6275/5863 5986/6274/5862 5989/6278/5866 5988/6279/5867
f 5986/6274/5862 5987/6277/5865 5990/6280/5868 5989/6278/5866
f 351/5889/5498 2652/6271/5859 5982/6272/5860 2516/5890/5499
f 2652/6271/5859 2653/6270/5858 5983/6273/5861 5982/6272/5860
f 2653/6270/5858 2654/6269/5857 5984/6276/5864 5983/6273/5861
f 2654/6269/5857 365/6079/5676 2589/6090/5687 5984/6276/5864
f 5984/6276/5864 2589/6090/5687 2590/6096/5693 5987/6277/5865
f 5987/6277/5865 2590/6096/5693 2591/6094/5691 5990/6280/5868
f 5990/6280/5868 2591/6094/5691 366/6095/5692 2657/6281/5869
f 5989/6278/5866 5990/6280/5868 2657/6281/5869 2656/6282/5870
f 5988/6279/5867 5989/6278/5866 2656/6282/5870 2655/6283/5871
f 2514/5892/5501 5988/6279/5867 2655/6283/5871 346/5813/5430
f 2515/5891/5500 5985/6275/5863 5988/6279/5867 2514/5892/5501
f 2516/5890/5499 5982/6272/5860 5985/6275/5863 2515/5891/5500
f 5991/6284/5872 5992/6285/5873 5995/6286/5874 5994/6287/5875
f 5992/6285/5873 5993/6288/5876 5996/6289/5877 5995/6286/5874
f 5994/6287/5875 5995/6286/5874 5998/6290/5878 5997/6291/5879
f 5995/6286/5874 5996/6289/5877 5999/6292/5880 5998/6290/5878
f 346/5813/5430 2655/6283/5871 5991/6284/5872 2489/5814/5431
f 2655/6283/5871 2656/6282/5870 5992/6285/5873 5991/6284/5872
f 2656/6282/5870 2657/6281/5869 5993/6288/5876 5992/6285/5873
f 2657/6281/5869 366/6095/5692 2597/6106/5703 5993/6288/5876
f 5993/6288/5876 2597/6106/5703 2596/6108/5705 5996/6289/5877
f 5996/6289/5877 2596/6108/5705 2595/6107/5704 5999/6292/5880
f 5999/6292/5880 2595/6107/5704 66/1074/1001 843/1125/1048
f 5998/6290/5878 5999/6292/5880 843/1125/1048 844/1124/1047
f 5997/6291/5879 5998/6290/5878 844/1124/1047 845/1123/1046
f 2487/5816/5433 5997/6291/5879 845/1123/1046 68/1110/1033
f 2488/5815/5432 5994/6287/5875 5997/6291/5879 2487/5816/5433
f 2489/5814/5431 5991/6284/5872 5994/6287/5875 2488/5815/5432
f 6000/6293/5881 6001/6294/5882 6004/6295/5883 6003/6296/5884
f 6001/6294/5882 6002/6297/5885 6005/6298/5886 6004/6295/5883
f 6003/6296/5884 6004/6295/5883 6007/6299/5887 6006/6300/5888
f 6004/6295/5883 6005/6298/5886 6008/6301/5889 6007/6299/5887
f 361/6037/5634 2574/6054/5651 6000/6293/5881 2568/6038/5635
f 2574/6054/5651 2575/6064/5661 6001/6294/5882 6000/6293/5881
f 2575/6064/5661 2576/6062/5659 6002/6297/5885 6001/6294/5882
f 2576/6062/5659 364/6063/5660 2604/6125/5722 6002/6297/5885
f 6002/6297/5885 2604/6125/5722 2605/6124/5721 6005/6298/5886
f 6005/6298/5886 2605/6124/5721 2606/6123/5720 6008/6301/5889
f 6008/6301/5889 2606/6123/5720 367/6122/5719 2630/6302/5777
f 6007/6299/5887 6008/6301/5889 2630/6302/5777 2629/6303/5776
f 6006/6300/5888 6007/6299/5887 2629/6303/5776 2628/6304/5775
f 2570/6040/5637 6006/6300/5888 2628/6304/5775 362/6041/5638
f 2569/6039/5636 6003/6296/5884 6006/6300/5888 2570/6040/5637
f 2568/6038/5635 6000/6293/5881 6003/6296/5884 2569/6039/5636
f 6009/6305/5890 6010/6306/5891 6013/6307/5892 6012/6308/5893
f 6010/6306/5891 6011/6309/5894 6014/6310/5895 6013/6307/5892
f 6012/6308/5893 6013/6307/5892 6016/6311/5896 6015/6312/5897
f 6013/6307/5892 6014/6310/5895 6017/6313/5898 6016/6311/5896
f 373/6198/5793 2636/6200/5795 6009/6305/5890 2648/6241/5833
f 2636/6200/5795 2635/6207/5802 6010/6306/5891 6009/6305/5890
f 2635/6207/5802 2634/6206/5801 6011/6309/5894 6010/6306/5891
f 2634/6206/5801 372/6187/5782 2633/6185/5780 6011/6309/5894
f 6011/6309/5894 2633/6185/5780 2632/6184/5779 6014/6310/5895
f 6014/6310/5895 2632/6184/5779 2631/6183/5778 6017/6313/5898
f 6017/6313/5898 2631/6183/5778 367/6182/5719 2603/6314/5718
f 6016/6311/5896 6017/6313/5898 2603/6314/5718 2602/6315/5717
f 6015/6312/5897 6016/6311/5896 2602/6315/5717 2601/6316/5716
f 2646/6243/5835 6015/6312/5897 2601/6316/5716 359/6244/5614
f 2647/6242/5834 6012/6308/5893 6015/6312/5897 2646/6243/5835
f 2648/6241/5833 6009/6305/5890 6012/6308/5893 2647/6242/5834
f 6018/6317/5899 6019/6318/5900 6022/6319/5901 6021/6320/5902
f 6019/6318/5900 6020/6321/5903 6023/6322/5904 6022/6319/5901
f 6021/6320/5902 6022/6319/5901 6025/6323/5905 6024/6324/5906
f 6022/6319/5901 6023/6322/5904 6026/6325/5907 6025/6323/5905
f 326/692/647 681/691/646 6018/6317/5899 2409/5608/5235
f 681/691/646 682/690/645 6019/6318/5900 6018/6317/5899
f 682/690/645 683/688/643 6020/6321/5903 6019/6318/5900
f 683/688/643 379/687/642 2660/6326/5908 6020/6321/5903
f 6020/6321/5903 2660/6326/5908 2659/6327/5909 6023/6322/5904
f 6023/6322/5904 2659/6327/5909 2658/6328/5910 6026/6325/5907
f 6026/6325/5907 2658/6328/5910 374/663/618 2474/5774/5395
f 6025/6323/5905 6026/6325/5907 2474/5774/5395 2473/5773/5394
f 6024/6324/5906 6025/6323/5905 2473/5773/5394 2472/5772/5393
f 2411/5610/5237 6024/6324/5906 2472/5772/5393 340/5611/5238
f 2410/5609/5236 6021/6320/5902 6024/6324/5906 2411/5610/5237
f 2409/5608/5235 6018/6317/5899 6021/6320/5902 2410/5609/5236
f 6027/6329/5911 6028/6330/5912 6031/6331/5913 6030/6332/5914
f 6028/6330/5912 6029/6333/5915 6032/6334/5916 6031/6331/5913
f 6030/6332/5914 6031/6331/5913 6034/6335/5917 6033/6336/5918
f 6031/6331/5913 6032/6334/5916 6035/6337/5919 6034/6335/5917
f 1/120/120 2460/5743/5365 6027/6329/5911 453/121/121
f 2460/5743/5365 2461/5742/5364 6028/6330/5912 6027/6329/5911
f 2461/5742/5364 2462/5740/5362 6029/6333/5915 6028/6330/5912
f 2462/5740/5362 386/5739/5361 2663/6338/5920 6029/6333/5915
f 6029/6333/5915 2663/6338/5920 2662/6339/5921 6032/6334/5916
f 6032/6334/5916 2662/6339/5921 2661/6340/5922 6035/6337/5919
f 6035/6337/5919 2661/6340/5922 341/671/626 672/670/625
f 6034/6335/5917 6035/6337/5919 672/670/625 673/669/624
f 6033/6336/5918 6034/6335/5917 673/669/624 674/668/623
f 455/124/124 6033/6336/5918 674/668/623 375/125/125
f 454/123/123 6030/6332/5914 6033/6336/5918 455/124/124
f 453/121/121 6027/6329/5911 6030/6332/5914 454/123/123
f 6036/6341/5923 6037/6342/5924 6040/6343/5925 6039/6344/5926
f 6037/6342/5924 6038/6345/5927 6041/6346/5928 6040/6343/5925
f 6039/6344/5926 6040/6343/5925 6043/6347/5929 6042/6348/5930
f 6040/6343/5925 6041/6346/5928 6044/6349/5931 6043/6347/5929
f 325/5648/5258 2469/6350/5392 6036/6341/5923 2427/5649/5275
f 2469/6350/5392 2470/6351/5397 6037/6342/5924 6036/6341/5923
f 2470/6351/5397 2471/6352/5396 6038/6345/5927 6037/6342/5924
f 2471/6352/5396 392/6353/631 2666/6354/5932 6038/6345/5927
f 6038/6345/5927 2666/6354/5932 2665/6355/5933 6041/6346/5928
f 6041/6346/5928 2665/6355/5933 2664/6356/5934 6044/6349/5931
f 6044/6349/5931 2664/6356/5934 322/6357/5935 2667/6358/5936
f 6043/6347/5929 6044/6349/5931 2667/6358/5936 2668/6359/5937
f 6042/6348/5930 6043/6347/5929 2668/6359/5937 2669/6360/5938
f 2429/5652/5277 6042/6348/5930 2669/6360/5938 376/5653/5278
f 2428/5651/5276 6039/6344/5926 6042/6348/5930 2429/5652/5277
f 2427/5649/5275 6036/6341/5923 6039/6344/5926 2428/5651/5276
f 6045/6361/5939 6046/6362/5940 6049/6363/5941 6048/6364/5942
f 6046/6362/5940 6047/6365/5943 6050/6366/5944 6049/6363/5941
f 6048/6364/5942 6049/6363/5941 6052/6367/5945 6051/6368/5946
f 6049/6363/5941 6050/6366/5944 6053/6369/5947 6052/6367/5945
f 324/6370/5948 2673/6371/5949 6045/6361/5939 2670/6372/5950
f 2673/6371/5949 2674/6373/5951 6046/6362/5940 6045/6361/5939
f 2674/6373/5951 2675/6374/5952 6047/6365/5943 6046/6362/5940
f 2675/6374/5952 387/6375/5953 2678/6376/5954 6047/6365/5943
f 6047/6365/5943 2678/6376/5954 2677/6377/5955 6050/6366/5944
f 6050/6366/5944 2677/6377/5955 2676/6378/5956 6053/6369/5947
f 6053/6369/5947 2676/6378/5956 380/6379/5957 2679/6380/5958
f 6052/6367/5945 6053/6369/5947 2679/6380/5958 2680/6381/5959
f 6051/6368/5946 6052/6367/5945 2680/6381/5959 2681/6382/5960
f 2672/6383/5961 6051/6368/5946 2681/6382/5960 394/6384/5164
f 2671/6385/5962 6048/6364/5942 6051/6368/5946 2672/6383/5961
f 2670/6372/5950 6045/6361/5939 6048/6364/5942 2671/6385/5962
f 6054/6386/5963 6055/6387/5964 6058/6388/5965 6057/6389/5966
f 6055/6387/5964 6056/6390/5967 6059/6391/5968 6058/6388/5965
f 6057/6389/5966 6058/6388/5965 6061/6392/5969 6060/6393/5970
f 6058/6388/5965 6059/6391/5968 6062/6394/5971 6061/6392/5969
f 377/721/676 2684/6395/5972 6054/6386/5963 690/720/675
f 2684/6395/5972 2683/6396/5973 6055/6387/5964 6054/6386/5963
f 2683/6396/5973 2682/6397/5974 6056/6390/5967 6055/6387/5964
f 2682/6397/5974 12/169/169 476/168/168 6056/6390/5967
f 6056/6390/5967 476/168/168 475/167/167 6059/6391/5968
f 6059/6391/5968 475/167/167 474/166/166 6062/6394/5971
f 6062/6394/5971 474/166/166 11/149/149 2685/6398/5975
f 6061/6392/5969 6062/6394/5971 2685/6398/5975 2686/6399/5976
f 6060/6393/5970 6061/6392/5969 2686/6399/5976 2687/6400/5977
f 692/712/667 6060/6393/5970 2687/6400/5977 378/701/656
f 691/722/677 6057/6389/5966 6060/6393/5970 692/712/667
f 690/720/675 6054/6386/5963 6057/6389/5966 691/722/677
f 6063/6401/5978 6064/6402/5979 6067/6403/5980 6066/6404/5981
f 6064/6402/5979 6065/6405/5982 6068/6406/5983 6067/6403/5980
f 6066/6404/5981 6067/6403/5980 6070/6407/5984 6069/6408/5985
f 6067/6403/5980 6068/6406/5983 6071/6409/5986 6070/6407/5984
f 378/701/656 2687/6400/5977 6063/6401/5978 678/700/655
f 2687/6400/5977 2686/6399/5976 6064/6402/5979 6063/6401/5978
f 2686/6399/5976 2685/6398/5975 6065/6405/5982 6064/6402/5979
f 2685/6398/5975 11/149/149 467/148/148 6065/6405/5982
f 6065/6405/5982 467/148/148 466/147/147 6068/6406/5983
f 6068/6406/5983 466/147/147 465/146/146 6071/6409/5986
f 6071/6409/5986 465/146/146 10/129/129 2688/6410/5987
f 6070/6407/5984 6071/6409/5986 2688/6410/5987 2689/6411/5988
f 6069/6408/5985 6070/6407/5984 2689/6411/5988 2690/6412/5989
f 680/689/644 6069/6408/5985 2690/6412/5989 379/687/642
f 679/702/657 6066/6404/5981 6069/6408/5985 680/689/644
f 678/700/655 6063/6401/5978 6066/6404/5981 679/702/657
f 6072/6413/5990 6073/6414/5991 6076/6415/5992 6075/6416/5993
f 6073/6414/5991 6074/6417/5994 6077/6418/5995 6076/6415/5992
f 6075/6416/5993 6076/6415/5992 6079/6419/5996 6078/6420/5997
f 6076/6415/5992 6077/6418/5995 6080/6421/5998 6079/6419/5996
f 379/687/642 2690/6412/5989 6072/6413/5990 2660/6326/5908
f 2690/6412/5989 2689/6411/5988 6073/6414/5991 6072/6413/5990
f 2689/6411/5988 2688/6410/5987 6074/6417/5994 6073/6414/5991
f 2688/6410/5987 10/129/129 456/128/128 6074/6417/5994
f 6074/6417/5994 456/128/128 457/127/127 6077/6418/5995
f 6077/6418/5995 457/127/127 458/126/126 6080/6421/5998
f 6080/6421/5998 458/126/126 375/125/125 671/667/622
f 6079/6419/5996 6080/6421/5998 671/667/622 670/666/621
f 6078/6420/5997 6079/6419/5996 670/666/621 669/664/619
f 2658/6328/5910 6078/6420/5997 669/664/619 374/663/618
f 2659/6327/5909 6075/6416/5993 6078/6420/5997 2658/6328/5910
f 2660/6326/5908 6072/6413/5990 6075/6416/5993 2659/6327/5909
f 6081/6422/5999 6082/6423/6000 6085/6424/6001 6084/6425/6002
f 6082/6423/6000 6083/6426/6003 6086/6427/6004 6085/6424/6001
f 6084/6425/6002 6085/6424/6001 6088/6428/6005 6087/6429/6006
f 6085/6424/6001 6086/6427/6004 6089/6430/6007 6088/6428/6005
f 78/1726/1630 1082/1724/1628 6081/6422/5999 2691/6431/6008
f 1082/1724/1628 1081/1723/1627 6082/6423/6000 6081/6422/5999
f 1081/1723/1627 1080/1722/1626 6083/6426/6003 6082/6423/6000
f 1080/1722/1626 8/174/174 477/172/172 6083/6426/6003
f 6083/6426/6003 477/172/172 478/171/171 6086/6427/6004
f 6086/6427/6004 478/171/171 479/170/170 6089/6430/6007
f 6089/6430/6007 479/170/170 12/169/169 2694/6432/6009
f 6088/6428/6005 6089/6430/6007 2694/6432/6009 2695/6433/6010
f 6087/6429/6006 6088/6428/6005 2695/6433/6010 2696/6434/6011
f 2693/6435/6012 6087/6429/6006 2696/6434/6011 380/6436/5957
f 2692/6437/6013 6084/6425/6002 6087/6429/6006 2693/6435/6012
f 2691/6431/6008 6081/6422/5999 6084/6425/6002 2692/6437/6013
f 6090/6438/6014 6091/6439/6015 6094/6440/6016 6093/6441/6017
f 6091/6439/6015 6092/6442/6018 6095/6443/6019 6094/6440/6016
f 6093/6441/6017 6094/6440/6016 6097/6444/6020 6096/6445/6021
f 6094/6440/6016 6095/6443/6019 6098/6446/6022 6097/6444/6020
f 14/109/109 2310/5379/5008 6090/6438/6014 513/260/254
f 2310/5379/5008 2311/5378/5007 6091/6439/6015 6090/6438/6014
f 2311/5378/5007 2312/5377/5006 6092/6442/6018 6091/6439/6015
f 2312/5377/5006 382/5376/5005 2327/5424/5053 6092/6442/6018
f 6092/6442/6018 2327/5424/5053 2326/5432/5061 6095/6443/6019
f 6095/6443/6019 2326/5432/5061 2325/5431/5060 6098/6446/6022
f 6098/6446/6022 2325/5431/5060 22/320/306 536/322/308
f 6097/6444/6020 6098/6446/6022 536/322/308 535/330/316
f 6096/6445/6021 6097/6444/6020 535/330/316 534/329/315
f 515/262/256 6096/6445/6021 534/329/315 21/263/257
f 514/261/255 6093/6441/6017 6096/6445/6021 515/262/256
f 513/260/254 6090/6438/6014 6093/6441/6017 514/261/255
f 6099/6447/6023 6100/6448/6024 6103/6449/6025 6102/6450/6026
f 6100/6448/6024 6101/6451/6027 6104/6452/6028 6103/6449/6025
f 6102/6450/6026 6103/6449/6025 6106/6453/6029 6105/6454/6030
f 6103/6449/6025 6104/6452/6028 6107/6455/6031 6106/6453/6029
f 343/100/100 2468/6456/5380 6099/6447/6023 444/101/101
f 2468/6456/5380 2467/6457/5382 6100/6448/6024 6099/6447/6023
f 2467/6457/5382 2466/6458/5381 6101/6451/6027 6100/6448/6024
f 2466/6458/5381 15/1865/1090 1125/1863/1747 6101/6451/6027
f 6101/6451/6027 1125/1863/1747 1126/1862/1746 6104/6452/6028
f 6104/6452/6028 1126/1862/1746 1127/1861/1745 6107/6455/6031
f 6107/6455/6031 1127/1861/1745 82/1860/1744 2451/5717/5339
f 6106/6453/6029 6107/6455/6031 2451/5717/5339 2452/5716/5338
f 6105/6454/6030 6106/6453/6029 2452/5716/5338 2453/5715/5337
f 446/103/103 6105/6454/6030 2453/5715/5337 381/104/104
f 445/102/102 6102/6450/6026 6105/6454/6030 446/103/103
f 444/101/101 6099/6447/6023 6102/6450/6026 445/102/102
f 6108/6459/6032 6109/6460/6033 6112/6461/6034 6111/6462/6035
f 6109/6460/6033 6110/6463/6036 6113/6464/6037 6112/6461/6034
f 6111/6462/6035 6112/6461/6034 6115/6465/6038 6114/6466/6039
f 6112/6461/6034 6113/6464/6037 6116/6467/6040 6115/6465/6038
f 319/5467/5096 2346/5466/5095 6108/6459/6032 2367/5508/5136
f 2346/5466/5095 2347/5465/5094 6109/6460/6033 6108/6459/6032
f 2347/5465/5094 2348/5464/5093 6110/6463/6036 6109/6460/6033
f 2348/5464/5093 384/5463/5092 2697/6468/6041 6110/6463/6036
f 6110/6463/6036 2697/6468/6041 2698/6469/6042 6113/6464/6037
f 6113/6464/6037 2698/6469/6042 2699/6470/6043 6116/6467/6040
f 6116/6467/6040 2699/6470/6043 385/6471/6044 2702/6472/6045
f 6115/6465/6038 6116/6467/6040 2702/6472/6045 2701/6473/6046
f 6114/6466/6039 6115/6465/6038 2701/6473/6046 2700/6474/6047
f 2369/5511/5139 6114/6466/6039 2700/6474/6047 383/5512/5140
f 2368/5510/5138 6111/6462/6035 6114/6466/6039 2369/5511/5139
f 2367/5508/5136 6108/6459/6032 6111/6462/6035 2368/5510/5138
f 6117/6475/6048 6118/6476/6049 6121/6477/6050 6120/6478/6051
f 6118/6476/6049 6119/6479/6052 6122/6480/6053 6121/6477/6050
f 6120/6478/6051 6121/6477/6050 6124/6481/6054 6123/6482/6055
f 6121/6477/6050 6122/6480/6053 6125/6483/6056 6124/6481/6054
f 9/185/95 480/187/186 6117/6475/6048 441/6484/96
f 480/187/186 481/200/199 6118/6476/6049 6117/6475/6048
f 481/200/199 482/198/197 6119/6479/6052 6118/6476/6049
f 482/198/197 342/199/198 2703/6485/6057 6119/6479/6052
f 6119/6479/6052 2703/6485/6057 2704/6486/6058 6122/6480/6053
f 6122/6480/6053 2704/6486/6058 2705/6487/6059 6125/6483/6056
f 6125/6483/6056 2705/6487/6059 386/5739/5361 2459/5741/5363
f 6124/6481/6054 6125/6483/6056 2459/5741/5363 2458/5749/5370
f 6123/6482/6055 6124/6481/6054 2458/5749/5370 2457/5747/5369
f 443/6488/99 6123/6482/6055 2457/5747/5369 343/5748/100
f 442/6489/98 6120/6478/6051 6123/6482/6055 443/6488/99
f 441/6484/96 6117/6475/6048 6120/6478/6051 442/6489/98
f 6126/6490/6060 6127/6491/6061 6130/6492/6062 6129/6493/6063
f 6127/6491/6061 6128/6494/6064 6131/6495/6065 6130/6492/6062
f 6129/6493/6063 6130/6492/6062 6133/6496/6066 6132/6497/6067
f 6130/6492/6062 6131/6495/6065 6134/6498/6068 6133/6496/6066
f 318/1811/1704 2709/6499/6069 6126/6490/6060 2706/6500/6070
f 2709/6499/6069 2710/6501/6071 6127/6491/6061 6126/6490/6060
f 2710/6501/6071 2711/6502/6072 6128/6494/6064 6127/6491/6061
f 2711/6502/6072 387/6375/5953 2712/6503/6073 6128/6494/6064
f 6128/6494/6064 2712/6503/6073 2713/6504/6074 6131/6495/6065
f 6131/6495/6065 2713/6504/6074 2714/6505/6075 6134/6498/6068
f 6134/6498/6068 2714/6505/6075 395/6506/6076 2715/6507/6077
f 6133/6496/6066 6134/6498/6068 2715/6507/6077 2716/6508/6078
f 6132/6497/6067 6133/6496/6066 2716/6508/6078 2717/6509/6079
f 2708/6510/6080 6132/6497/6067 2717/6509/6079 396/6511/6081
f 2707/6512/6082 6129/6493/6063 6132/6497/6067 2708/6510/6080
f 2706/6500/6070 6126/6490/6060 6129/6493/6063 2707/6512/6082
f 6135/6513/6083 6136/6514/6084 6139/6515/6085 6138/6516/6086
f 6136/6514/6084 6137/6517/6087 6140/6518/6088 6139/6515/6085
f 6138/6516/6086 6139/6515/6085 6142/6519/6089 6141/6520/6090
f 6139/6515/6085 6140/6518/6088 6143/6521/6091 6142/6519/6089
f 384/5463/5092 2720/6522/6092 6135/6513/6083 2697/6468/6041
f 2720/6522/6092 2719/6523/6093 6136/6514/6084 6135/6513/6083
f 2719/6523/6093 2718/6524/6094 6137/6517/6087 6136/6514/6084
f 2718/6524/6094 322/6357/5935 2721/6525/6095 6137/6517/6087
f 6137/6517/6087 2721/6525/6095 2722/6526/6096 6140/6518/6088
f 6140/6518/6088 2722/6526/6096 2723/6527/6097 6143/6521/6091
f 6143/6521/6091 2723/6527/6097 390/5488/5117 2726/6528/6098
f 6142/6519/6089 6143/6521/6091 2726/6528/6098 2725/6529/6099
f 6141/6520/6090 6142/6519/6089 2725/6529/6099 2724/6530/6100
f 2699/6470/6043 6141/6520/6090 2724/6530/6100 385/6471/6044
f 2698/6469/6042 6138/6516/6086 6141/6520/6090 2699/6470/6043
f 2697/6468/6041 6135/6513/6083 6138/6516/6086 2698/6469/6042
f 6144/6531/6101 6145/6532/6102 6148/6533/6103 6147/6534/6104
f 6145/6532/6102 6146/6535/6105 6149/6536/6106 6148/6533/6103
f 6147/6534/6104 6148/6533/6103 6151/6537/6107 6150/6538/6108
f 6148/6533/6103 6149/6536/6106 6152/6539/6109 6151/6537/6107
f 386/5739/5361 2705/6487/6059 6144/6531/6101 2663/6338/5920
f 2705/6487/6059 2704/6486/6058 6145/6532/6102 6144/6531/6101
f 2704/6486/6058 2703/6485/6057 6146/6535/6105 6145/6532/6102
f 2703/6485/6057 342/199/198 2727/6540/6110 6146/6535/6105
f 6146/6535/6105 2727/6540/6110 2728/6541/6111 6149/6536/6106
f 6149/6536/6106 2728/6541/6111 2729/6542/6112 6152/6539/6109
f 6152/6539/6109 2729/6542/6112 391/6543/6113 2732/6544/6114
f 6151/6537/6107 6152/6539/6109 2732/6544/6114 2731/6545/6115
f 6150/6538/6108 6151/6537/6107 2731/6545/6115 2730/6546/6116
f 2661/6340/5922 6150/6538/6108 2730/6546/6116 341/671/626
f 2662/6339/5921 6147/6534/6104 6150/6538/6108 2661/6340/5922
f 2663/6338/5920 6144/6531/6101 6147/6534/6104 2662/6339/5921
f 6153/6547/6117 6154/6548/6118 6157/6549/6119 6156/6550/6120
f 6154/6548/6118 6155/6551/6121 6158/6552/6122 6157/6549/6119
f 6156/6550/6120 6157/6549/6119 6160/6553/6123 6159/6554/6124
f 6157/6549/6119 6158/6552/6122 6161/6555/6125 6160/6553/6123
f 318/1811/1704 1106/1810/1703 6153/6547/6117 2709/6499/6069
f 1106/1810/1703 1105/1809/1702 6154/6548/6118 6153/6547/6117
f 1105/1809/1702 1104/1807/1701 6155/6551/6121 6154/6548/6118
f 1104/1807/1701 78/1806/1630 2691/6556/6008 6155/6551/6121
f 6155/6551/6121 2691/6556/6008 2692/6557/6013 6158/6552/6122
f 6158/6552/6122 2692/6557/6013 2693/6558/6012 6161/6555/6125
f 6161/6555/6125 2693/6558/6012 380/6379/5957 2676/6378/5956
f 6160/6553/6123 6161/6555/6125 2676/6378/5956 2677/6377/5955
f 6159/6554/6124 6160/6553/6123 2677/6377/5955 2678/6376/5954
f 2711/6502/6072 6159/6554/6124 2678/6376/5954 387/6375/5953
f 2710/6501/6071 6156/6550/6120 6159/6554/6124 2711/6502/6072
f 2709/6499/6069 6153/6547/6117 6156/6550/6120 2710/6501/6071
f 6162/6559/6126 6163/6560/6127 6166/6561/6128 6165/6562/6129
f 6163/6560/6127 6164/6563/6130 6167/6564/6131 6166/6561/6128
f 6165/6562/6129 6166/6561/6128 6169/6565/6132 6168/6566/6133
f 6166/6561/6128 6167/6564/6131 6170/6567/6134 6169/6565/6132
f 319/5467/5096 2364/5509/5137 6162/6559/6126 2349/5468/5097
f 2364/5509/5137 2365/5517/5145 6163/6560/6127 6162/6559/6126
f 2365/5517/5145 2366/5516/5144 6164/6563/6130 6163/6560/6127
f 2366/5516/5144 338/5447/5076 2450/5705/5327 6164/6563/6130
f 6164/6563/6130 2450/5705/5327 2449/5704/5326 6167/6564/6131
f 6167/6564/6131 2449/5704/5326 2448/5703/5325 6170/6567/6134
f 6170/6567/6134 2448/5703/5325 313/5398/5027 2733/6568/6135
f 6169/6565/6132 6170/6567/6134 2733/6568/6135 2734/6569/6136
f 6168/6566/6133 6169/6565/6132 2734/6569/6136 2735/6570/6137
f 2351/5470/5099 6168/6566/6133 2735/6570/6137 388/5472/5101
f 2350/5469/5098 6165/6562/6129 6168/6566/6133 2351/5470/5099
f 2349/5468/5097 6162/6559/6126 6165/6562/6129 2350/5469/5098
f 6171/6571/6138 6172/6572/6139 6175/6573/6140 6174/6574/6141
f 6172/6572/6139 6173/6575/6142 6176/6576/6143 6175/6573/6140
f 6174/6574/6141 6175/6573/6140 6178/6577/6144 6177/6578/6145
f 6175/6573/6140 6176/6576/6143 6179/6579/6146 6178/6577/6144
f 388/5472/5101 2735/6570/6137 6171/6571/6138 2736/6580/6147
f 2735/6570/6137 2734/6569/6136 6172/6572/6139 6171/6571/6138
f 2734/6569/6136 2733/6568/6135 6173/6575/6142 6172/6572/6139
f 2733/6568/6135 313/5398/5027 2316/5397/5026 6173/6575/6142
f 6173/6575/6142 2316/5397/5026 2317/5396/5025 6176/6576/6143
f 6176/6576/6143 2317/5396/5025 2318/5395/5024 6179/6579/6146
f 6179/6579/6146 2318/5395/5024 314/5394/5023 2739/6581/6148
f 6178/6577/6144 6179/6579/6146 2739/6581/6148 2740/6582/6149
f 6177/6578/6145 6178/6577/6144 2740/6582/6149 2741/6583/6150
f 2738/6584/6151 6177/6578/6145 2741/6583/6150 396/6511/6081
f 2737/6585/6152 6174/6574/6141 6177/6578/6145 2738/6584/6151
f 2736/6580/6147 6171/6571/6138 6174/6574/6141 2737/6585/6152
f 6180/6586/6153 6181/6587/6154 6184/6588/6155 6183/6589/6156
f 6181/6587/6154 6182/6590/6157 6185/6591/6158 6184/6588/6155
f 6183/6589/6156 6184/6588/6155 6187/6592/6159 6186/6593/6160
f 6184/6588/6155 6185/6591/6158 6188/6594/6161 6187/6592/6159
f 396/6511/6081 2741/6583/6150 6180/6586/6153 2708/6510/6080
f 2741/6583/6150 2740/6582/6149 6181/6587/6154 6180/6586/6153
f 2740/6582/6149 2739/6581/6148 6182/6590/6157 6181/6587/6154
f 2739/6581/6148 314/5394/5023 2324/5413/5042 6182/6590/6157
f 6182/6590/6157 2324/5413/5042 2323/5412/5041 6185/6591/6158
f 6185/6591/6158 2323/5412/5041 2322/5411/5040 6188/6594/6161
f 6188/6594/6161 2322/5411/5040 312/1766/1668 1107/1814/1707
f 6187/6592/6159 6188/6594/6161 1107/1814/1707 1108/1813/1706
f 6186/6593/6160 6187/6592/6159 1108/1813/1706 1109/1812/1705
f 2706/6500/6070 6186/6593/6160 1109/1812/1705 318/1811/1704
f 2707/6512/6082 6183/6589/6156 6186/6593/6160 2706/6500/6070
f 2708/6510/6080 6180/6586/6153 6183/6589/6156 2707/6512/6082
f 6189/6595/6162 6190/6596/6163 6193/6597/6164 6192/6598/6165
f 6190/6596/6163 6191/6599/6166 6194/6600/6167 6193/6597/6164
f 6192/6598/6165 6193/6597/6164 6196/6601/6168 6195/6602/6169
f 6193/6597/6164 6194/6600/6167 6197/6603/6170 6196/6601/6168
f 320/5427/5056 2370/5515/5143 6189/6595/6162 2333/5428/5057
f 2370/5515/5143 2371/5514/5142 6190/6596/6163 6189/6595/6162
f 2371/5514/5142 2372/5513/5141 6191/6599/6166 6190/6596/6163
f 2372/5513/5141 383/5512/5140 2744/6604/6171 6191/6599/6166
f 6191/6599/6166 2744/6604/6171 2743/6605/6172 6194/6600/6167
f 6194/6600/6167 2743/6605/6172 2742/6606/6173 6197/6603/6170
f 6197/6603/6170 2742/6606/6173 335/5483/5112 2747/6607/6174
f 6196/6601/6168 6197/6603/6170 2747/6607/6174 2746/6608/6175
f 6195/6602/6169 6196/6601/6168 2746/6608/6175 2745/6609/6176
f 2331/5430/5059 6195/6602/6169 2745/6609/6176 317/369/353
f 2332/5429/5058 6192/6598/6165 6195/6602/6169 2331/5430/5059
f 2333/5428/5057 6189/6595/6162 6192/6598/6165 2332/5429/5058
f 6198/6610/6177 6199/6611/6178 6202/6612/6179 6201/6613/6180
f 6199/6611/6178 6200/6614/6181 6203/6615/6182 6202/6612/6179
f 6201/6613/6180 6202/6612/6179 6205/6616/6183 6204/6617/6184
f 6202/6612/6179 6203/6615/6182 6206/6618/6185 6205/6616/6183
f 383/5512/5140 2700/6474/6047 6198/6610/6177 2744/6604/6171
f 2700/6474/6047 2701/6473/6046 6199/6611/6178 6198/6610/6177
f 2701/6473/6046 2702/6472/6045 6200/6614/6181 6199/6611/6178
f 2702/6472/6045 385/6471/6044 2724/6530/6100 6200/6614/6181
f 6200/6614/6181 2724/6530/6100 2725/6529/6099 6203/6615/6182
f 6203/6615/6182 2725/6529/6099 2726/6528/6098 6206/6618/6185
f 6206/6618/6185 2726/6528/6098 390/5488/5117 2357/5487/5116
f 6205/6616/6183 6206/6618/6185 2357/5487/5116 2356/5486/5115
f 6204/6617/6184 6205/6616/6183 2356/5486/5115 2355/5484/5113
f 2742/6606/6173 6204/6617/6184 2355/5484/5113 335/5483/5112
f 2743/6605/6172 6201/6613/6180 6204/6617/6184 2742/6606/6173
f 2744/6604/6171 6198/6610/6177 6201/6613/6180 2743/6605/6172
f 6207/6619/6186 6208/6620/6187 6211/6621/6188 6210/6622/6189
f 6208/6620/6187 6209/6623/6190 6212/6624/6191 6211/6621/6188
f 6210/6622/6189 6211/6621/6188 6214/6625/6192 6213/6626/6193
f 6211/6621/6188 6212/6624/6191 6215/6627/6194 6214/6625/6192
f 316/5497/690 701/6628/689 6207/6619/6186 2352/5496/5125
f 701/6628/689 700/6629/688 6208/6620/6187 6207/6619/6186
f 700/6629/688 699/6630/687 6209/6623/6190 6208/6620/6187
f 699/6630/687 315/374/333 558/372/356 6209/6623/6190
f 6209/6623/6190 558/372/356 559/371/355 6212/6624/6191
f 6212/6624/6191 559/371/355 560/370/354 6215/6627/6194
f 6215/6627/6194 560/370/354 317/369/353 2745/6609/6176
f 6214/6625/6192 6215/6627/6194 2745/6609/6176 2746/6608/6175
f 6213/6626/6193 6214/6625/6192 2746/6608/6175 2747/6607/6174
f 2354/5485/5114 6213/6626/6193 2747/6607/6174 335/5483/5112
f 2353/5498/5126 6210/6622/6189 6213/6626/6193 2354/5485/5114
f 2352/5496/5125 6207/6619/6186 6210/6622/6189 2353/5498/5126
f 6216/6631/6195 6217/6632/6196 6220/6633/6197 6219/6634/6198
f 6217/6632/6196 6218/6635/6199 6221/6636/6200 6220/6633/6197
f 6219/6634/6198 6220/6633/6197 6223/6637/6201 6222/6638/6202
f 6220/6633/6197 6221/6636/6200 6224/6639/6203 6223/6637/6201
f 390/5488/5117 2723/6527/6097 6216/6631/6195 2360/5489/5118
f 2723/6527/6097 2722/6526/6096 6217/6632/6196 6216/6631/6195
f 2722/6526/6096 2721/6525/6095 6218/6635/6199 6217/6632/6196
f 2721/6525/6095 322/6357/5935 2664/6356/5934 6218/6635/6199
f 6218/6635/6199 2664/6356/5934 2665/6355/5933 6221/6636/6200
f 6221/6636/6200 2665/6355/5933 2666/6354/5932 6224/6639/6203
f 6224/6639/6203 2666/6354/5932 392/6353/631 2750/6640/6204
f 6223/6637/6201 6224/6639/6203 2750/6640/6204 2749/6641/6205
f 6222/6638/6202 6223/6637/6201 2749/6641/6205 2748/6642/6206
f 2358/5491/5120 6222/6638/6202 2748/6642/6206 389/5492/5121
f 2359/5490/5119 6219/6634/6198 6222/6638/6202 2358/5491/5120
f 2360/5489/5118 6216/6631/6195 6219/6634/6198 2359/5490/5119
f 6225/6643/6207 6226/6644/6208 6229/6645/6209 6228/6646/6210
f 6226/6644/6208 6227/6647/6211 6230/6648/6212 6229/6645/6209
f 6228/6646/6210 6229/6645/6209 6232/6649/6213 6231/6650/6214
f 6229/6645/6209 6230/6648/6212 6233/6651/6215 6232/6649/6213
f 391/6543/6113 2729/6542/6112 6225/6643/6207 2753/6652/6216
f 2729/6542/6112 2728/6541/6111 6226/6644/6208 6225/6643/6207
f 2728/6541/6111 2727/6540/6110 6227/6647/6211 6226/6644/6208
f 2727/6540/6110 342/199/198 704/738/693 6227/6647/6211
f 6227/6647/6211 704/738/693 703/737/692 6230/6648/6212
f 6230/6648/6212 703/737/692 702/736/691 6233/6651/6215
f 6233/6651/6215 702/736/691 316/735/690 2361/6653/5124
f 6232/6649/6213 6233/6651/6215 2361/6653/5124 2362/6654/5123
f 6231/6650/6214 6232/6649/6213 2362/6654/5123 2363/6655/5122
f 2751/6656/6217 6231/6650/6214 2363/6655/5122 389/6657/5121
f 2752/6658/6218 6228/6646/6210 6231/6650/6214 2751/6656/6217
f 2753/6652/6216 6225/6643/6207 6228/6646/6210 2752/6658/6218
f 6234/6659/6219 6235/6660/6220 6238/6661/6221 6237/6662/6222
f 6235/6660/6220 6236/6663/6223 6239/6664/6224 6238/6661/6221
f 6237/6662/6222 6238/6661/6221 6241/6665/6225 6240/6666/6226
f 6238/6661/6221 6239/6664/6224 6242/6667/6227 6241/6665/6225
f 391/6543/6113 2753/6652/6216 6234/6659/6219 2732/6544/6114
f 2753/6652/6216 2752/6658/6218 6235/6660/6220 6234/6659/6219
f 2752/6658/6218 2751/6656/6217 6236/6663/6223 6235/6660/6220
f 2751/6656/6217 389/6657/5121 2748/6668/6206 6236/6663/6223
f 6236/6663/6223 2748/6668/6206 2749/6669/6205 6239/6664/6224
f 6239/6664/6224 2749/6669/6205 2750/6670/6204 6242/6667/6227
f 6242/6667/6227 2750/6670/6204 392/676/631 677/674/629
f 6241/6665/6225 6242/6667/6227 677/674/629 676/673/628
f 6240/6666/6226 6241/6665/6225 676/673/628 675/672/627
f 2730/6546/6116 6240/6666/6226 675/672/627 341/671/626
f 2731/6545/6115 6237/6662/6222 6240/6666/6226 2730/6546/6116
f 2732/6544/6114 6234/6659/6219 6237/6662/6222 2731/6545/6115
f 6243/6671/6228 6244/6672/6229 6247/6673/6230 6246/6674/6231
f 6244/6672/6229 6245/6675/6232 6248/6676/6233 6247/6673/6230
f 6246/6674/6231 6247/6673/6230 6250/6677/6234 6249/6678/6235
f 6247/6673/6230 6248/6676/6233 6251/6679/6236 6250/6677/6234
f 380/6436/5957 2696/6434/6011 6243/6671/6228 2679/6680/5958
f 2696/6434/6011 2695/6433/6010 6244/6672/6229 6243/6671/6228
f 2695/6433/6010 2694/6432/6009 6245/6675/6232 6244/6672/6229
f 2694/6432/6009 12/169/169 2682/6397/5974 6245/6675/6232
f 6245/6675/6232 2682/6397/5974 2683/6396/5973 6248/6676/6233
f 6248/6676/6233 2683/6396/5973 2684/6395/5972 6251/6679/6236
f 6251/6679/6236 2684/6395/5972 377/721/676 2373/5527/5155
f 6250/6677/6234 6251/6679/6236 2373/5527/5155 2374/5537/5165
f 6249/6678/6235 6250/6677/6234 2374/5537/5165 2375/5535/5163
f 2681/6681/5960 6249/6678/6235 2375/5535/5163 394/5536/5164
f 2680/6682/5959 6246/6674/6231 6249/6678/6235 2681/6681/5960
f 2679/6680/5958 6243/6671/6228 6246/6674/6231 2680/6682/5959
f 6252/6683/6237 6253/6684/6238 6256/6685/6239 6255/6686/6240
f 6253/6684/6238 6254/6687/6241 6257/6688/6242 6256/6685/6239
f 6255/6686/6240 6256/6685/6239 6259/6689/6243 6258/6690/6244
f 6256/6685/6239 6257/6688/6242 6260/6691/6245 6259/6689/6243
f 324/6370/5948 2759/6692/6246 6252/6683/6237 2756/6693/6247
f 2759/6692/6246 2758/6694/6248 6253/6684/6238 6252/6683/6237
f 2758/6694/6248 2757/6695/6249 6254/6687/6241 6253/6684/6238
f 2757/6695/6249 322/6357/5935 2718/6524/6094 6254/6687/6241
f 6254/6687/6241 2718/6524/6094 2719/6523/6093 6257/6688/6242
f 6257/6688/6242 2719/6523/6093 2720/6522/6092 6260/6691/6245
f 6260/6691/6245 2720/6522/6092 384/5463/5092 2345/5462/5091
f 6259/6689/6243 6260/6691/6245 2345/5462/5091 2344/5461/5090
f 6258/6690/6244 6259/6689/6243 2344/5461/5090 2343/5459/5088
f 2754/6696/6250 6258/6690/6244 2343/5459/5088 321/5458/5087
f 2755/6697/6251 6255/6686/6240 6258/6690/6244 2754/6696/6250
f 2756/6693/6247 6252/6683/6237 6255/6686/6240 2755/6697/6251
f 6261/6698/6252 6262/6699/6253 6265/6700/6254 6264/6701/6255
f 6262/6699/6253 6263/6702/6256 6266/6703/6257 6265/6700/6254
f 6264/6701/6255 6265/6700/6254 6268/6704/6258 6267/6705/6259
f 6265/6700/6254 6266/6703/6257 6269/6706/6260 6268/6704/6258
f 376/5653/5278 2669/6360/5938 6261/6698/6252 2436/5673/5295
f 2669/6360/5938 2668/6359/5937 6262/6699/6253 6261/6698/6252
f 2668/6359/5937 2667/6358/5936 6263/6702/6256 6262/6699/6253
f 2667/6358/5936 322/6357/5935 2757/6695/6249 6263/6702/6256
f 6263/6702/6256 2757/6695/6249 2758/6694/6248 6266/6703/6257
f 6266/6703/6257 2758/6694/6248 2759/6692/6246 6269/6706/6260
f 6269/6706/6260 2759/6692/6246 324/6370/5948 2760/6707/6261
f 6268/6704/6258 6269/6706/6260 2760/6707/6261 2761/6708/6262
f 6267/6705/6259 6268/6704/6258 2761/6708/6262 2762/6709/6263
f 2438/5675/5297 6267/6705/6259 2762/6709/6263 393/5552/5180
f 2437/5674/5296 6264/6701/6255 6267/6705/6259 2438/5675/5297
f 2436/5673/5295 6261/6698/6252 6264/6701/6255 2437/5674/5296
f 6270/6710/6264 6271/6711/6265 6274/6712/6266 6273/6713/6267
f 6271/6711/6265 6272/6714/6268 6275/6715/6269 6274/6712/6266
f 6273/6713/6267 6274/6712/6266 6277/6716/6270 6276/6717/6271
f 6274/6712/6266 6275/6715/6269 6278/6718/6272 6277/6716/6270
f 387/6375/5953 2675/6374/5952 6270/6710/6264 2712/6503/6073
f 2675/6374/5952 2674/6373/5951 6271/6711/6265 6270/6710/6264
f 2674/6373/5951 2673/6371/5949 6272/6714/6268 6271/6711/6265
f 2673/6371/5949 324/6370/5948 2756/6693/6247 6272/6714/6268
f 6272/6714/6268 2756/6693/6247 2755/6697/6251 6275/6715/6269
f 6275/6715/6269 2755/6697/6251 2754/6696/6250 6278/6718/6272
f 6278/6718/6272 2754/6696/6250 321/5458/5087 2763/6719/6273
f 6277/6716/6270 6278/6718/6272 2763/6719/6273 2764/6720/6274
f 6276/6717/6271 6277/6716/6270 2764/6720/6274 2765/6721/6275
f 2714/6505/6075 6276/6717/6271 2765/6721/6275 395/6506/6076
f 2713/6504/6074 6273/6713/6267 6276/6717/6271 2714/6505/6075
f 2712/6503/6073 6270/6710/6264 6273/6713/6267 2713/6504/6074
f 6279/6722/6276 6280/6723/6277 6283/6724/6278 6282/6725/6279
f 6280/6723/6277 6281/6726/6280 6284/6727/6281 6283/6724/6278
f 6282/6725/6279 6283/6724/6278 6286/6728/6282 6285/6729/6283
f 6283/6724/6278 6284/6727/6281 6287/6730/6284 6286/6728/6282
f 395/6506/6076 2765/6721/6275 6279/6722/6276 2715/6507/6077
f 2765/6721/6275 2764/6720/6274 6280/6723/6277 6279/6722/6276
f 2764/6720/6274 2763/6719/6273 6281/6726/6280 6280/6723/6277
f 2763/6719/6273 321/5458/5087 2340/5460/5089 6281/6726/6280
f 6281/6726/6280 2340/5460/5089 2341/5473/5102 6284/6727/6281
f 6284/6727/6281 2341/5473/5102 2342/5471/5100 6287/6730/6284
f 6287/6730/6284 2342/5471/5100 388/5472/5101 2736/6580/6147
f 6286/6728/6282 6287/6730/6284 2736/6580/6147 2737/6585/6152
f 6285/6729/6283 6286/6728/6282 2737/6585/6152 2738/6584/6151
f 2717/6509/6079 6285/6729/6283 2738/6584/6151 396/6511/6081
f 2716/6508/6078 6282/6725/6279 6285/6729/6283 2717/6509/6079
f 2715/6507/6077 6279/6722/6276 6282/6725/6279 2716/6508/6078
f 6288/6731/6285 6289/6732/6286 6292/6733/6287 6291/6734/6288
f 6289/6732/6286 6290/6735/6289 6293/6736/6290 6292/6733/6287
f 6291/6734/6288 6292/6733/6287 6295/6737/6291 6294/6738/6292
f 6292/6733/6287 6293/6736/6290 6296/6739/6293 6295/6737/6291
f 393/5552/5180 2762/6709/6263 6288/6731/6285 2388/5553/5181
f 2762/6709/6263 2761/6708/6262 6289/6732/6286 6288/6731/6285
f 2761/6708/6262 2760/6707/6261 6290/6735/6289 6289/6732/6286
f 2760/6707/6261 324/6370/5948 2670/6372/5950 6290/6735/6289
f 6290/6735/6289 2670/6372/5950 2671/6385/5962 6293/6736/6290
f 6293/6736/6290 2671/6385/5962 2672/6383/5961 6296/6739/6293
f 6296/6739/6293 2672/6383/5961 394/6384/5164 2379/6740/5162
f 6295/6737/6291 6296/6739/6293 2379/6740/5162 2380/6741/5161
f 6294/6738/6292 6295/6737/6291 2380/6741/5161 2381/6742/5160
f 2390/5555/5183 6294/6738/6292 2381/6742/5160 397/5556/5159
f 2389/5554/5182 6291/6734/6288 6294/6738/6292 2390/5555/5183
f 2388/5553/5181 6288/6731/6285 6291/6734/6288 2389/5554/5182
f 6297/6743/6294 6298/6744/6295 6301/6745/6296 6300/6746/6297
f 6298/6744/6295 6299/6747/6298 6302/6748/6299 6301/6745/6296
f 6300/6746/6297 6301/6745/6296 6304/6749/6300 6303/6750/6301
f 6301/6745/6296 6302/6748/6299 6305/6751/6302 6304/6749/6300
f 397/5531/5159 2378/5530/5158 6297/6743/6294 2391/6752/5184
f 2378/5530/5158 2377/5529/5157 6298/6744/6295 6297/6743/6294
f 2377/5529/5157 2376/5528/5156 6299/6747/6298 6298/6744/6295
f 2376/5528/5156 323/716/671 2394/5572/5199 6299/6747/6298
f 6299/6747/6298 2394/5572/5199 2395/5582/5209 6302/6748/6299
f 6302/6748/6299 2395/5582/5209 2396/5580/5207 6305/6751/6302
f 6305/6751/6302 2396/5580/5207 328/5581/5208 2766/6753/6303
f 6304/6749/6300 6305/6751/6302 2766/6753/6303 2767/6754/6304
f 6303/6750/6301 6304/6749/6300 2767/6754/6304 2768/6755/6305
f 2393/6756/5186 6303/6750/6301 2768/6755/6305 398/6757/5188
f 2392/6758/5185 6300/6746/6297 6303/6750/6301 2393/6756/5186
f 2391/6752/5184 6297/6743/6294 6300/6746/6297 2392/6758/5185
